attempt_id,image,object_class,object_instance,target_force,grip_ratio,final_servo_angle,final_servo_pulse,success,label,bbox_w_norm,bbox_h_norm,bbox_area_norm,aspect_ratio,cx_norm,cy_norm,conf,left_sum_avg,right_sum_avg,contact_area_avg,L_OUT_avg,L_IN_avg,R_IN_avg,R_OUT_avg,L_OUT_max,L_IN_max,R_IN_max,R_OUT_max,total_avg,total_max
0,ball_ball_1_20260605030811_0000.jpg,ball,ball,72.45,0.6,72.45,1305.0,0,slip,0.465625,0.6,0.279375,1.0347222222222223,0.5125,0.5041666666666667,0.6021010279655457,0.0,0.0,0.0,0.0,0.0,0.0,0.0,0.0,0.0,0.0,0.0,0.0,0.0
1,ball_ball_1_20260605030811_0000.jpg,ball,ball,72.45,0.68,72.45,1305.0,0,slip,0.465625,0.6,0.279375,1.0347222222222223,0.5125,0.5041666666666667,0.6021010279655457,0.0,0.0,0.0,0.0,0.0,0.0,0.0,0.0,0.0,0.0,0.0,0.0,0.0
2,ball_ball_1_20260605030811_0000.jpg,ball,ball,72.45,0.72,72.45,1305.0,0,slip,0.465625,0.6,0.279375,1.0347222222222223,0.5125,0.5041666666666667,0.6021010279655457,13992.133333333333,17859.562626262636,0.09090909090909091,2332.0222222222224,0.0,0.0,2976.5937710437724,12906.577777777778,0.0,0.0,14622.044444444444,1327.1539983164987,14622.044444444444
3,ball_ball_1_20260605030811_0000.jpg,ball,ball,72.44999999999999,0.73,72.44999999999999,1305.0,0,slip,0.465625,0.6,0.279375,1.0347222222222223,0.5125,0.5041666666666667,0.6021010279655457,17125.077777777777,17968.454444444455,0.07166666666666666,2854.1796296296297,0.0,0.0,2994.742407407408,17199.577777777777,0.0,0.0,16868.044444444444,1462.2305092592594,17199.577777777777
4,ball_ball_1_20260605030811_0000.jpg,ball,ball,72.44999999999999,0.74,72.44999999999999,1305.0,0,slip,0.465625,0.6,0.279375,1.0347222222222223,0.5125,0.5041666666666667,0.6021010279655457,18211.624289405696,17547.788630490973,0.06666666666666672,3035.2707149009493,0.0,0.0,2924.6314384151624,18619.577777777777,0.0,0.0,18216.044444444444,1489.975538329028,18619.577777777777
5,ball_ball_1_20260605030811_0000.jpg,ball,ball,72.44999999999999,0.78,72.44999999999999,1305.0,0,fail,0.465625,0.6,0.279375,1.0347222222222223,0.5125,0.5041666666666667,0.6021010279655457,20960.94024024025,31403.99849849854,0.10630630630630632,3493.490040040041,0.0,0.0,5233.999749749741,19553.577777777777,0.0,0.0,18328.044444444444,2181.8724474474457,19553.577777777777
6,ball_ball_1_20260605030811_0000.jpg,ball,ball,72.45,0.79,72.45,1305.0,0,overforce,0.465625,0.6,0.279375,1.0347222222222223,0.5125,0.5041666666666667,0.6021010279655457,31566.588888888873,29724.36111111113,0.1333333333333334,5261.098148148148,0.0,0.0,4954.060185185191,17145.577777777777,0.0,0.0,18668.4,2553.7895833333346,18668.4
7,ball_ball_1_20260605030811_0000.jpg,ball,ball,72.44999999999999,0.8,72.44999999999999,1305.0,0,overforce,0.465625,0.6,0.279375,1.0347222222222223,0.5125,0.5041666666666667,0.6021010279655457,19712.808547008553,32753.098290598307,0.10000000000000003,3285.4680911680925,0.0,0.0,5458.849715099721,19841.577777777777,0.0,0.0,18019.044444444444,2186.079451566953,19841.577777777777
8,ball_ball_1_20260605030811_0000.jpg,ball,ball,72.45,0.75,72.45,1305.0,1,success,0.465625,0.6,0.279375,1.0347222222222223,0.5125,0.5041666666666667,0.6021010279655457,12758.734640522887,19901.730718954266,0.08692810457516345,2126.4557734204814,0.0,0.0,3316.955119825711,13755.577777777778,0.0,0.0,15329.4,1360.852723311548,15329.4
9,ball_ball_1_20260605030813_0001.jpg,ball,ball,72.45,0.72,72.45,1305.0,0,slip,0.4484375,0.6020833333333333,0.2699967447916667,0.9930795847750865,0.50859375,0.5072916666666667,0.6600750684738159,14400.10409356725,15216.939181286547,0.06666666666666667,2400.017348927875,0.0,0.0,2536.1565302144245,14810.577777777778,0.0,0.0,15551.044444444444,1234.0434697855749,15551.044444444444
10,ball_ball_1_20260605030813_0001.jpg,ball,ball,72.44999999999999,0.76,72.44999999999999,1305.0,1,success,0.4484375,0.6020833333333333,0.2699967447916667,0.9930795847750865,0.50859375,0.5072916666666667,0.6600750684738159,14688.311111111121,21250.244444444466,0.1,2448.0518518518534,0.0,0.0,3541.7074074074108,14760.577777777778,0.0,0.0,12523.4,1497.4398148148161,14760.577777777778
11,ball_ball_1_20260605030814_0002.jpg,ball,ball,72.44999999999999,0.73,72.44999999999999,1305.0,0,slip,0.446875,0.6020833333333333,0.2690559895833333,0.9896193771626297,0.50625,0.5072916666666667,0.6399257779121399,26202.614529914517,26484.636752136765,0.13333333333333333,4367.102421652423,0.0,0.0,4414.10612535613,14914.577777777778,0.0,0.0,16168.4,2195.3021367521383,16168.4
12,ball_ball_1_20260605030814_0002.jpg,ball,ball,72.45,0.79,72.45,1305.0,0,overforce,0.446875,0.6020833333333333,0.2690559895833333,0.9896193771626297,0.50625,0.5072916666666667,0.6399257779121399,32783.779365079354,34386.62301587304,0.13333333333333333,5463.963227513227,0.0,0.0,5731.103835978842,18255.577777777777,0.0,0.0,18197.4,2798.766765873017,18255.577777777777
13,ball_ball_1_20260605030814_0002.jpg,ball,ball,72.44999999999999,0.76,72.44999999999999,1305.0,1,success,0.446875,0.6020833333333333,0.2690559895833333,0.9896193771626297,0.50625,0.5072916666666667,0.6399257779121399,18872.91111111112,31204.95959595962,0.10000000000000005,3145.4851851851868,0.0,0.0,5200.826599326606,18962.577777777777,0.0,0.0,17538.044444444444,2086.577946127948,18962.577777777777
14,ball_ball_1_20260605030816_0003.jpg,ball,ball,72.44999999999999,0.74,72.44999999999999,1305.0,0,slip,0.4484375,0.6,0.2690625,0.9965277777777778,0.50234375,0.50625,0.6083337664604187,15983.209356725145,25088.44444444444,0.10000000000000003,2663.868226120858,0.0,0.0,4181.407407407411,16162.577777777778,0.0,0.0,13638.044444444444,1711.318908382067,16162.577777777778
15,ball_ball_1_20260605030816_0003.jpg,ball,ball,72.44999999999999,0.8,72.44999999999999,1305.0,0,overforce,0.4484375,0.6,0.2690625,0.9965277777777778,0.50234375,0.50625,0.6083337664604187,29016.691291291292,28255.178978978965,0.1333333333333334,4836.115215215215,0.0,0.0,4709.196496496495,16930.577777777777,0.0,0.0,14671.044444444444,2386.3279279279277,16930.577777777777
16,ball_ball_1_20260605030816_0003.jpg,ball,ball,72.45,0.77,72.45,1305.0,1,success,0.4484375,0.6,0.2690625,0.9965277777777778,0.50234375,0.50625,0.6083337664604187,19081.057777777783,18916.324444444454,0.06666666666666667,3180.1762962962976,0.0,0.0,3152.7207407407423,19220.577777777777,0.0,0.0,18976.044444444444,1583.22425925926,19220.577777777777
17,ball_ball_1_20260605030819_0004.jpg,ball,ball,72.44999999999999,0.74,72.44999999999999,1305.0,0,slip,0.446875,0.6020833333333333,0.2690559895833333,0.9896193771626297,0.50625,0.5072916666666667,0.5284903049468994,18049.60718954249,26433.938562091524,0.09215686274509811,3008.267864923748,0.0,0.0,4405.656427015256,19066.577777777777,0.0,0.0,18402.044444444444,1853.4810729847509,19066.577777777777
18,ball_ball_1_20260605030819_0004.jpg,ball,ball,72.45,0.79,72.45,1305.0,0,overforce,0.446875,0.6020833333333333,0.2690559895833333,0.9896193771626297,0.50625,0.5072916666666667,0.5284903049468994,20620.18024691358,35082.00000000001,0.10185185185185187,3436.6967078189305,0.0,0.0,5847.000000000005,20316.577777777777,0.0,0.0,18980.044444444444,2320.924176954734,20316.577777777777
19,ball_ball_1_20260605030819_0004.jpg,ball,ball,72.45,0.75,72.45,1305.0,0,slip,0.446875,0.6020833333333333,0.2690559895833333,0.9896193771626297,0.50625,0.5072916666666667,0.5284903049468994,9245.960606060606,14333.37575757575,0.08484848484848485,1540.9934343434343,0.0,0.0,2388.8959595959577,10706.577777777778,0.0,0.0,9991.4,982.472348484848,10706.577777777778
20,ball_ball_1_20260605030819_0004.jpg,ball,ball,72.44999999999999,0.76,72.44999999999999,1305.0,1,success,0.446875,0.6020833333333333,0.2690559895833333,0.9896193771626297,0.50625,0.5072916666666667,0.5284903049468994,15529.447342995172,22304.552657004824,0.10000000000000003,2588.2412238325287,0.0,0.0,3717.4254428341374,15641.577777777778,0.0,0.0,13540.044444444444,1576.4166666666665,15641.577777777778
21,ball_ball_1_20260605030820_0005.jpg,ball,ball,72.45,0.68,72.45,1305.0,0,fail,0.4484375,0.6,0.2690625,0.9965277777777778,0.50703125,0.5083333333333333,0.5434368252754211,0.0,0.0,0.0,0.0,0.0,0.0,0.0,0.0,0.0,0.0,0.0,0.0,0.0
22,ball_ball_1_20260605030820_0005.jpg,ball,ball,72.45,0.72,72.45,1305.0,0,slip,0.4484375,0.6,0.2690625,0.9965277777777778,0.50703125,0.5083333333333333,0.5434368252754211,3166.692592592593,0.0,0.011111111111111112,527.7820987654321,0.0,0.0,0.0,9885.577777777778,0.0,0.0,0.0,131.94552469135803,9885.577777777778
23,ball_ball_1_20260605030820_0005.jpg,ball,ball,72.44999999999999,0.8,72.44999999999999,1305.0,0,overforce,0.4484375,0.6,0.2690625,0.9965277777777778,0.50703125,0.5083333333333333,0.5434368252754211,29955.00634920635,35312.66031746032,0.1666666666666667,4992.501058201058,0.0,0.0,5885.443386243387,15672.577777777778,0.0,0.0,15043.377777777778,2719.4861111111113,15672.577777777778
24,ball_ball_1_20260605030820_0005.jpg,ball,ball,72.45,0.77,72.45,1305.0,1,success,0.4484375,0.6,0.2690625,0.9965277777777778,0.50703125,0.5083333333333333,0.5434368252754211,18257.691414141424,17095.88535353537,0.06666666666666672,3042.9485690235706,0.0,0.0,2849.3142255892285,18343.577777777777,0.0,0.0,17197.044444444444,1473.0656986532,18343.577777777777
25,ball_ball_1_20260605030822_0006.jpg,ball,ball,72.44999999999999,0.74,72.44999999999999,1305.0,0,slip,0.446875,0.6,0.268125,0.9930555555555556,0.5046875,0.5083333333333333,0.6595643162727356,13735.925603864735,13651.740096618361,0.06666666666666667,2289.3209339774558,0.0,0.0,2275.29001610306,14007.577777777778,0.0,0.0,13917.044444444444,1141.152737520129,14007.577777777778
26,ball_ball_1_20260605030822_0006.jpg,ball,ball,72.44999999999999,0.78,72.44999999999999,1305.0,0,overforce,0.446875,0.6,0.268125,0.9930555555555556,0.5046875,0.5083333333333333,0.6595643162727356,19540.096296296306,31710.888888888905,0.10000000000000003,3256.682716049384,0.0,0.0,5285.148148148154,19629.577777777777,0.0,0.0,18593.044444444444,2135.4577160493845,19629.577777777777
27,ball_ball_1_20260605030822_0006.jpg,ball,ball,72.44999999999999,0.76,72.44999999999999,1305.0,1,success,0.446875,0.6,0.268125,0.9930555555555556,0.5046875,0.5083333333333333,0.6595643162727356,16496.75424836602,24209.120915032698,0.10000000000000005,2749.4590413943365,0.0,0.0,4034.8534858387857,16594.577777777777,0.0,0.0,14612.044444444444,1696.0781318082804,16594.577777777777
28,ball_ball_1_20260605030823_0007.jpg,ball,ball,72.44999999999999,0.73,72.44999999999999,1305.0,0,slip,0.4515625,0.6020833333333333,0.2718782552083333,1.0,0.50859375,0.5072916666666667,0.692125141620636,5469.797333333334,0.0,0.016,911.6328888888889,0.0,0.0,0.0,13962.577777777778,0.0,0.0,0.0,227.90822222222224,13962.577777777778
29,ball_ball_1_20260605030823_0007.jpg,ball,ball,72.44999999999999,0.8,72.44999999999999,1305.0,0,overforce,0.4515625,0.6020833333333333,0.2718782552083333,1.0,0.50859375,0.5072916666666667,0.692125141620636,26840.386111111115,36166.811111111114,0.1666666666666666,4473.397685185185,0.0,0.0,6027.801851851853,13649.577777777778,0.0,0.0,15178.866666666667,2625.2998842592597,15178.866666666667
30,ball_ball_1_20260605030823_0007.jpg,ball,ball,72.44999999999999,0.76,72.44999999999999,1305.0,1,success,0.4515625,0.6020833333333333,0.2718782552083333,1.0,0.50859375,0.5072916666666667,0.692125141620636,20545.62962962963,13926.525925925931,0.09629629629629634,3424.2716049382716,0.0,0.0,2321.0876543209883,13038.577777777778,0.0,0.0,14017.377777777778,1436.3398148148149,14017.377777777778
31,ball_ball_1_20260605030825_0008.jpg,ball,ball,72.44999999999999,0.74,72.44999999999999,1305.0,0,slip,0.4484375,0.6,0.2690625,0.9965277777777778,0.50390625,0.50625,0.5809459686279297,15018.260416666673,13922.700694444455,0.06770833333333334,2503.043402777779,0.0,0.0,2320.4501157407426,15326.577777777778,0.0,0.0,14717.044444444444,1205.8733796296306,15326.577777777778
32,ball_ball_1_20260605030825_0008.jpg,ball,ball,72.44999999999999,0.78,72.44999999999999,1305.0,0,overforce,0.4484375,0.6,0.2690625,0.9965277777777778,0.50390625,0.50625,0.5809459686279297,25413.342222222214,25628.626666666674,0.13333333333333333,4235.557037037038,0.0,0.0,4271.437777777778,13180.577777777778,0.0,0.0,15732.4,2126.748703703704,15732.4
33,ball_ball_1_20260605030825_0008.jpg,ball,ball,72.45,0.77,72.45,1305.0,1,success,0.4484375,0.6,0.2690625,0.9965277777777778,0.50390625,0.50625,0.5809459686279297,17422.63838383839,31056.14141414144,0.10000000000000005,2903.7730639730653,0.0,0.0,5176.023569023575,17532.577777777777,0.0,0.0,16566.044444444444,2019.94915824916,17532.577777777777
34,ball_ball_1_20260605030827_0009.jpg,ball,ball,72.45,0.72,72.45,1305.0,0,slip,0.4515625,0.6,0.2709375,1.0034722222222223,0.50703125,0.50625,0.5496798157691956,11002.311111111112,10066.252380952381,0.0619047619047619,1833.7185185185187,0.0,0.0,1677.70873015873,12371.577777777778,0.0,0.0,13123.044444444444,877.8568121693122,13123.044444444444
35,ball_ball_1_20260605030827_0009.jpg,ball,ball,72.45,0.75,72.45,1305.0,1,success,0.4515625,0.6,0.2709375,1.0034722222222223,0.50703125,0.50625,0.5496798157691956,17659.66111111112,27513.472222222244,0.10000000000000005,2943.2768518518533,0.0,0.0,4585.57870370371,17765.577777777777,0.0,0.0,16566.044444444444,1882.2138888888908,17765.577777777777
36,ball_ball_1_20260605030828_0010.jpg,ball,ball,72.44999999999999,0.74,72.44999999999999,1305.0,0,slip,0.45,0.6,0.27,1.0,0.5015625,0.5083333333333333,0.5762888193130493,13833.625396825399,15343.868783068781,0.08095238095238097,2305.604232804233,0.0,0.0,2557.311463844798,14932.577777777778,0.0,0.0,14812.044444444444,1215.7289241622577,14932.577777777778
37,ball_ball_1_20260605030828_0010.jpg,ball,ball,72.44999999999999,0.78,72.44999999999999,1305.0,0,overforce,0.45,0.6,0.27,1.0,0.5015625,0.5083333333333333,0.5762888193130493,18224.486868686872,35836.53636363637,0.11212121212121212,3037.4144781144787,0.0,0.0,5972.756060606062,18300.577777777777,0.0,0.0,17600.044444444444,2252.542634680135,18300.577777777777
38,ball_ball_1_20260605030828_0010.jpg,ball,ball,72.45,0.77,72.45,1305.0,1,success,0.45,0.6,0.27,1.0,0.5015625,0.5083333333333333,0.5762888193130493,31019.27936507935,32128.24444444447,0.13333333333333336,5169.879894179893,0.0,0.0,5354.707407407412,17984.577777777777,0.0,0.0,17564.4,2631.146825396826,17984.577777777777
39,ball_ball_1_20260605030830_0011.jpg,ball,ball,72.44999999999999,0.74,72.44999999999999,1305.0,0,slip,0.4515625,0.6,0.2709375,1.0034722222222223,0.50390625,0.50625,0.5804190635681152,14119.261988304093,9882.044444444444,0.06666666666666667,2353.2103313840153,0.0,0.0,1647.0074074074073,14300.577777777778,0.0,0.0,10697.044444444444,1000.0544346978556,14300.577777777778
40,ball_ball_1_20260605030830_0011.jpg,ball,ball,72.44999999999999,0.8,72.44999999999999,1305.0,0,overforce,0.4515625,0.6,0.2709375,1.0034722222222223,0.50390625,0.50625,0.5804190635681152,25792.38366013072,33357.15620915033,0.1529411764705883,4298.730610021787,0.0,0.0,5559.526034858388,13142.6,0.0,0.0,15030.866666666667,2464.5641612200434,15030.866666666667
41,ball_ball_1_20260605030830_0011.jpg,ball,ball,72.44999999999999,0.76,72.44999999999999,1305.0,1,success,0.4515625,0.6,0.2709375,1.0034722222222223,0.50390625,0.50625,0.5804190635681152,17096.188888888897,25738.50000000002,0.10000000000000005,2849.3648148148163,0.0,0.0,4289.750000000006,17146.577777777777,0.0,0.0,14886.044444444444,1784.7787037037056,17146.577777777777
42,ball_ball_1_20260605030831_0012.jpg,ball,ball,72.44999999999999,0.74,72.44999999999999,1305.0,0,slip,0.4515625,0.6,0.2709375,1.0034722222222223,0.50390625,0.50625,0.639255166053772,13612.911111111114,12620.408230452682,0.08024691358024692,2268.818518518519,0.0,0.0,2103.4013717421135,14662.577777777778,0.0,0.0,9977.377777777778,1093.054972565158,14662.577777777778
43,ball_ball_1_20260605030831_0012.jpg,ball,ball,72.45,0.79,72.45,1305.0,0,overforce,0.4515625,0.6,0.2709375,1.0034722222222223,0.50390625,0.50625,0.639255166053772,34333.77435897435,31041.03589743587,0.16538461538461535,5722.295726495725,0.0,0.0,5173.505982905986,16024.844444444445,0.0,0.0,17813.866666666665,2723.9504273504276,17813.866666666665
44,ball_ball_1_20260605030831_0012.jpg,ball,ball,72.45,0.75,72.45,1305.0,1,success,0.4515625,0.6,0.2709375,1.0034722222222223,0.50390625,0.50625,0.639255166053772,15914.899206349213,19311.973015873027,0.08452380952380957,2652.483201058202,0.0,0.0,3218.662169312172,16082.577777777778,0.0,0.0,14985.044444444444,1467.7863425925934,16082.577777777778
45,ball_ball_1_20260605030833_0013.jpg,ball,ball,72.45,0.72,72.45,1305.0,0,slip,0.446875,0.6,0.268125,0.9930555555555556,0.5,0.5083333333333333,0.4729316830635071,7160.417543859651,0.0,0.021052631578947368,1193.4029239766087,0.0,0.0,0.0,13385.577777777778,0.0,0.0,0.0,298.3507309941522,13385.577777777778
46,ball_ball_1_20260605030833_0013.jpg,ball,ball,72.45,0.79,72.45,1305.0,0,overforce,0.446875,0.6,0.268125,0.9930555555555556,0.5,0.5083333333333333,0.4729316830635071,29545.427983539084,31182.96296296298,0.13209876543209875,4924.237997256516,0.0,0.0,5197.160493827167,20119.577777777777,0.0,0.0,19235.044444444444,2530.3496227709206,20119.577777777777
47,ball_ball_1_20260605030833_0013.jpg,ball,ball,72.45,0.77,72.45,1305.0,1,success,0.446875,0.6,0.268125,0.9930555555555556,0.5,0.5083333333333333,0.4729316830635071,31853.627350427334,19543.50256410258,0.10000000000000006,5308.93789173789,0.0,0.0,3257.2504273504296,18092.844444444443,0.0,0.0,19704.4,2141.54707977208,19704.4
48,ball_ball_1_20260605030834_0014.jpg,ball,ball,72.44999999999999,0.73,72.44999999999999,1305.0,0,slip,0.45,0.5979166666666667,0.2690625,1.0034843205574913,0.503125,0.5072916666666667,0.5099624395370483,13208.848366013071,12900.60522875817,0.07450980392156863,2201.474727668845,0.0,0.0,2150.1008714596946,14534.844444444445,0.0,0.0,14653.4,1087.893899782135,14653.4
49,ball_ball_1_20260605030834_0014.jpg,ball,ball,72.44999999999999,0.78,72.44999999999999,1305.0,0,overforce,0.45,0.5979166666666667,0.2690625,1.0034843205574913,0.503125,0.5072916666666667,0.5099624395370483,19091.969082125608,23664.48792270531,0.0855072463768116,3181.9948470209347,0.0,0.0,3944.081320450889,19198.577777777777,0.0,0.0,19181.044444444444,1781.5190418679558,19198.577777777777
50,ball_ball_1_20260605030834_0014.jpg,ball,ball,72.44999999999999,0.76,72.44999999999999,1305.0,0,overforce,0.45,0.5979166666666667,0.2690625,1.0034843205574913,0.503125,0.5072916666666667,0.5099624395370483,16287.784674329509,23617.042911877386,0.10000000000000005,2714.630779054918,0.0,0.0,3936.1738186462303,16387.577777777777,0.0,0.0,14134.044444444444,1662.701149425287,16387.577777777777
51,ball_ball_1_20260605030834_0014.jpg,ball,ball,72.44999999999999,0.76,72.44999999999999,1305.0,1,success,0.45,0.5979166666666667,0.2690625,1.0034843205574913,0.503125,0.5072916666666667,0.5099624395370483,18121.25777777778,17186.684444444454,0.06666666666666667,3020.2096296296304,0.0,0.0,2864.447407407409,18304.577777777777,0.0,0.0,17291.044444444444,1471.1642592592598,18304.577777777777
52,ball_ball_1_20260605030836_0015.jpg,ball,ball,72.44999999999999,0.74,72.44999999999999,1305.0,0,slip,0.4484375,0.5979166666666667,0.26812825520833333,1.0,0.49921875,0.5072916666666667,0.44312894344329834,16277.946198830408,15478.728654970764,0.06666666666666667,2712.9910331384012,0.0,0.0,2579.788109161794,16407.577777777777,0.0,0.0,15658.044444444444,1323.1947855750489,16407.577777777777
53,ball_ball_1_20260605030836_0015.jpg,ball,ball,72.44999999999999,0.8,72.44999999999999,1305.0,0,overforce,0.4484375,0.5979166666666667,0.26812825520833333,1.0,0.49921875,0.5072916666666667,0.44312894344329834,16874.028571428567,31297.62539682539,0.10000000000000002,2812.3380952380944,0.0,0.0,5216.270899470898,17050.6,0.0,0.0,15943.377777777778,2007.1522486772483,17050.6
54,ball_ball_1_20260605030836_0015.jpg,ball,ball,72.44999999999999,0.76,72.44999999999999,1305.0,1,success,0.4484375,0.5979166666666667,0.26812825520833333,1.0,0.49921875,0.5072916666666667,0.44312894344329834,17947.377777777783,16958.204444444455,0.06666666666666667,2991.2296296296304,0.0,0.0,2826.3674074074092,18041.577777777777,0.0,0.0,17047.044444444444,1454.39925925926,18041.577777777777
55,ball_ball_1_20260605030837_0016.jpg,ball,ball,72.45,0.77,72.45,1305.0,1,success,0.446875,0.5979166666666667,0.2671940104166667,0.9965156794425087,0.496875,0.5072916666666667,0.353092759847641,26725.403584229392,27046.03655913979,0.15806451612903227,4454.233930704898,0.0,0.0,4507.672759856632,13792.6,0.0,0.0,13030.377777777778,2240.4766726403823,13792.6
56,ball_ball_1_20260605030839_0017.jpg,ball,ball,72.44999999999999,0.74,72.44999999999999,1305.0,0,slip,0.4515625,0.5958333333333333,0.2690559895833333,1.0104895104895104,0.50390625,0.50625,0.48214614391326904,16040.107189542481,15742.456209150329,0.06666666666666667,2673.35119825708,0.0,0.0,2623.7427015250546,16222.577777777778,0.0,0.0,15858.044444444444,1324.2734749455335,16222.577777777778
57,ball_ball_1_20260605030839_0017.jpg,ball,ball,72.44999999999999,0.78,72.44999999999999,1305.0,0,overforce,0.4515625,0.5958333333333333,0.2690559895833333,1.0104895104895104,0.50390625,0.50625,0.48214614391326904,19539.73162393163,19176.005982905994,0.06666666666666667,3256.6219373219387,0.0,0.0,3196.000997150999,19701.577777777777,0.0,0.0,19251.044444444444,1613.1557336182345,19701.577777777777
58,ball_ball_1_20260605030839_0017.jpg,ball,ball,72.45,0.75,72.45,1305.0,1,success,0.4515625,0.5958333333333333,0.2690559895833333,1.0104895104895104,0.50390625,0.50625,0.48214614391326904,15280.777777777783,12653.860444444446,0.06799999999999999,2546.796296296297,0.0,0.0,2108.976740740741,15446.577777777778,0.0,0.0,12731.044444444444,1163.9432592592595,15446.577777777778
59,ball_ball_1_20260605030841_0018.jpg,ball,ball,72.44999999999999,0.78,72.44999999999999,1305.0,0,overforce,0.453125,0.5958333333333333,0.26998697916666664,1.013986013986014,0.5046875,0.50625,0.4507771134376526,25204.21623931624,41770.377777777794,0.1974358974358975,4200.702706552706,0.0,0.0,6961.729629629634,15292.577777777778,0.0,0.0,11965.377777777778,2790.608084045585,15292.577777777778
60,ball_ball_1_20260605030841_0018.jpg,ball,ball,72.44999999999999,0.73,72.44999999999999,1305.0,0,slip,0.453125,0.5958333333333333,0.26998697916666664,1.013986013986014,0.5046875,0.50625,0.4507771134376526,9687.338271604938,488.6691358024691,0.027777777777777776,1614.556378600823,0.0,0.0,81.44485596707818,13330.577777777778,0.0,0.0,8796.044444444444,424.0003086419753,13330.577777777778
61,ball_ball_1_20260605030841_0018.jpg,ball,ball,72.45,0.77,72.45,1305.0,1,success,0.453125,0.5958333333333333,0.26998697916666664,1.013986013986014,0.5046875,0.50625,0.4507771134376526,25271.211695906426,28156.339181286545,0.13333333333333333,4211.868615984407,0.0,0.0,4692.723196881095,16901.577777777777,0.0,0.0,15444.4,2226.1479532163758,16901.577777777777
62,ball_ball_1_20260605030843_0019.jpg,ball,ball,72.44999999999999,0.74,72.44999999999999,1305.0,0,slip,0.4546875,0.5958333333333333,0.27091796875,1.0174825174825175,0.50546875,0.50625,0.4532320201396942,16263.28745519714,14395.430107526894,0.06559139784946236,2710.5479091995235,0.0,0.0,2399.2383512544825,16931.577777777777,0.0,0.0,16125.044444444444,1277.4465651135015,16931.577777777777
63,ball_ball_1_20260605030843_0019.jpg,ball,ball,72.45,0.79,72.45,1305.0,0,overforce,0.4546875,0.5958333333333333,0.27091796875,1.0174825174825175,0.50546875,0.50625,0.4532320201396942,16933.347008547014,35124.37008547009,0.13076923076923075,2822.2245014245023,0.0,0.0,5854.061680911681,17006.577777777777,0.0,0.0,14693.044444444444,2169.071545584046,17006.577777777777
64,ball_ball_1_20260605030843_0019.jpg,ball,ball,72.45,0.77,72.45,1305.0,1,success,0.4546875,0.5958333333333333,0.27091796875,1.0174825174825175,0.50546875,0.50625,0.4532320201396942,8931.053703703703,25740.558333333338,0.09861111111111115,1488.5089506172837,0.0,0.0,4290.093055555557,9487.577777777778,0.0,0.0,15919.866666666667,1444.65050154321,15919.866666666667
65,ball_ball_1_20260605030846_0020.jpg,ball,ball,72.44999999999999,0.74,72.44999999999999,1305.0,0,slip,0.4515625,0.5958333333333333,0.2690559895833333,1.0104895104895104,0.50390625,0.50625,0.39608681201934814,7415.283660130718,5996.027450980393,0.05294117647058823,1235.8806100217869,0.0,0.0,999.3379084967321,8983.577777777778,0.0,0.0,9072.377777777778,558.8046296296297,9072.377777777778
66,ball_ball_1_20260605030846_0020.jpg,ball,ball,72.44999999999999,0.8,72.44999999999999,1305.0,0,overforce,0.4515625,0.5958333333333333,0.2690559895833333,1.0104895104895104,0.50390625,0.50625,0.39608681201934814,18653.749999999996,18369.627777777783,0.06666666666666667,3108.958333333333,0.0,0.0,3061.604629629631,18703.6,0.0,0.0,18438.37777777778,1542.640740740741,18703.6
67,ball_ball_1_20260605030846_0020.jpg,ball,ball,72.45,0.75,72.45,1305.0,1,success,0.4515625,0.5958333333333333,0.2690559895833333,1.0104895104895104,0.50390625,0.50625,0.39608681201934814,20080.701587301588,20572.577777777773,0.13333333333333333,3346.783597883598,0.0,0.0,3428.7629629629623,10953.577777777778,0.0,0.0,11708.377777777778,1693.88664021164,11708.377777777778
68,ball_ball_1_20260605030848_0021.jpg,ball,ball,72.44999999999999,0.74,72.44999999999999,1305.0,1,success,0.453125,0.5958333333333333,0.26998697916666664,1.013986013986014,0.5046875,0.50625,0.437940388917923,20099.918203309706,33491.01891252958,0.09999999999999999,3349.986367218284,0.0,0.0,5581.836485421586,20313.577777777777,0.0,0.0,19291.044444444444,2232.9557131599677,20313.577777777777
69,ball_ball_1_20260605030850_0022.jpg,ball,ball,72.44999999999999,0.73,72.44999999999999,1305.0,0,slip,0.4515625,0.59375,0.268115234375,1.0140350877192983,0.50546875,0.5052083333333334,0.3666992783546448,19877.735672514624,18539.465497076028,0.06666666666666667,3312.9559454191035,0.0,0.0,3089.910916179338,19982.577777777777,0.0,0.0,18749.044444444444,1600.7167153996104,19982.577777777777
70,ball_ball_1_20260605030850_0022.jpg,ball,ball,72.45,0.79,72.45,1305.0,0,overforce,0.4515625,0.59375,0.268115234375,1.0140350877192983,0.50546875,0.5052083333333334,0.3666992783546448,36039.97777777777,20101.659829059827,0.1,3379.4552706552695,1751.4717948717944,0.0,3350.2766381766382,20387.577777777777,15843.4,0.0,20177.044444444444,2120.3009259259256,20387.577777777777
71,ball_ball_1_20260605030850_0022.jpg,ball,ball,72.45,0.75,72.45,1305.0,1,success,0.4515625,0.59375,0.268115234375,1.0140350877192983,0.50546875,0.5052083333333334,0.3666992783546448,44932.447222222225,34261.48611111113,0.1666666666666666,4901.195370370371,1725.030555555556,0.0,5710.247685185191,19576.577777777777,15545.4,0.0,17871.044444444444,3084.1184027777795,19576.577777777777
72,ball_ball_1_20260605030851_0023.jpg,ball,ball,72.45,0.68,72.45,1305.0,0,slip,0.45,0.59375,0.2671875,1.0105263157894737,0.50625,0.5052083333333334,0.4051723778247833,18265.64848484848,19477.380808080812,0.0893939393939394,480.2611111111111,1709.3424242424244,431.4767676767676,2599.014983164984,11694.577777777778,16627.4,11453.044444444444,16093.044444444444,1305.0238215488218,16627.4
73,ball_ball_1_20260605030851_0023.jpg,ball,ball,72.44999999999999,0.8,72.44999999999999,1305.0,0,overforce,0.45,0.59375,0.2671875,1.0105263157894737,0.50625,0.5052083333333334,0.4051723778247833,49606.757706093165,47250.00501792113,0.2000000000000001,5414.505854241338,1902.1913978494633,994.2594185583431,6383.611708482678,19478.577777777777,17200.4,9030.044444444444,19791.4,3673.6420947829556,19791.4
74,ball_ball_1_20260605030851_0023.jpg,ball,ball,72.45,0.75,72.45,1305.0,1,success,0.45,0.59375,0.2671875,1.0105263157894737,0.50625,0.5052083333333334,0.4051723778247833,47486.36388888889,45776.405555555546,0.20000000000000007,4907.0356481481485,2004.9055555555562,1284.2364197530862,5703.046296296302,18191.577777777777,18106.4,11828.044444444444,17686.4,3474.8059799382736,18191.577777777777
75,ball_ball_1_20260605030854_0024.jpg,ball,ball,72.45,0.72,72.45,1305.0,1,success,0.453125,0.59375,0.26904296875,1.0175438596491229,0.5046875,0.5052083333333334,0.386733740568161,36752.33555555557,37258.79083333333,0.17999999999999974,3379.4595370370425,1830.6198148148142,1891.0077160493822,3373.286898148146,15719.6,16663.4,17430.044444444444,13746.377777777778,2618.593491512346,17430.044444444444
76,ball_ball_1_20260605030857_0025.jpg,ball,ball,72.45,0.6,72.45,1305.0,0,slip,0.465625,0.5958333333333333,0.2774348958333333,1.0419580419580419,0.5484375,0.5041666666666667,0.6564441323280334,14726.354545454547,16144.635353535361,0.06666666666666667,0.0,1636.2616161616163,1793.84837261504,0.0,0.0,15453.4,17082.044444444444,0.0,857.5274971941641,17082.044444444444
77,ball_ball_1_20260605030857_0025.jpg,ball,ball,72.44999999999999,0.78,72.44999999999999,1305.0,0,overforce,0.465625,0.5958333333333333,0.2774348958333333,1.0419580419580419,0.5484375,0.5041666666666667,0.6564441323280334,97797.88421052629,123435.4947368421,0.5666666666666665,5811.808966861598,6991.892267706306,7343.179207277453,9557.813645224172,15074.577777777778,16924.0,17491.044444444444,17100.37777777778,7426.173521767383,17491.044444444444
78,ball_ball_1_20260605030857_0025.jpg,ball,ball,72.45,0.75,72.45,1305.0,1,success,0.465625,0.5958333333333333,0.2774348958333333,1.0419580419580419,0.5484375,0.5041666666666667,0.6564441323280334,84074.77839506173,89443.41358024692,0.4351851851851853,4332.033333333333,6453.619821673533,4905.335322359392,7549.232613168715,17212.577777777777,18668.0,20274.911111111112,18288.4,5810.055272633743,20274.911111111112
79,ball_ball_1_20260605030908_0026.jpg,ball,ball,72.45,0.6,72.45,1305.0,0,slip,0.446875,0.5979166666666667,0.2671940104166667,0.9965156794425087,0.4796875,0.5010416666666667,0.28481510281562805,15076.0,16490.18383838384,0.06666666666666667,0.0,1675.111111111111,1832.2426487093155,0.0,0.0,16610.0,17211.911111111112,0.0,876.8384399551067,17211.911111111112
80,ball_ball_1_20260605030908_0026.jpg,ball,ball,72.45,0.79,72.45,1305.0,0,overforce,0.446875,0.5979166666666667,0.2671940104166667,0.9965156794425087,0.4796875,0.5010416666666667,0.28481510281562805,102262.96666666665,96287.43055555555,0.5020833333333333,5535.221527777779,7672.404166666668,5083.29027777778,8422.969675925928,15115.577777777778,17232.0,18107.911111111112,17545.37777777778,6678.471412037038,18107.911111111112
81,ball_ball_1_20260605030908_0026.jpg,ball,ball,72.44999999999999,0.76,72.44999999999999,1305.0,1,success,0.446875,0.5979166666666667,0.2671940104166667,0.9965156794425087,0.4796875,0.5010416666666667,0.28481510281562805,53405.7022222222,97625.31555555557,0.39444444444444465,1917.5462962962968,4655.602716049385,5530.839999999992,7974.625925925919,11920.577777777778,16660.0,17961.911111111112,15528.377777777778,5019.653734567898,17961.911111111112
82,ball_ball_1_20260605030910_0027.jpg,ball,ball,72.45,0.68,72.45,1305.0,0,slip,0.44375,0.59375,0.2634765625,0.9964912280701754,0.4828125,0.5010416666666667,0.4243263900279999,17391.399999999998,24731.20444444446,0.1111111111111111,0.0,1932.3777777777773,2126.741069958848,931.7558024691358,0.0,15303.4,15845.044444444444,12143.377777777778,1247.7186625514403,15845.044444444444
83,ball_ball_1_20260605030910_0027.jpg,ball,ball,72.45,0.79,72.45,1305.0,0,overforce,0.44375,0.59375,0.2634765625,0.9964912280701754,0.4828125,0.5010416666666667,0.4243263900279999,91787.4777777778,105878.40648148146,0.49166666666666664,7019.633796296292,5518.85277777778,4905.41862139918,10288.273148148142,17645.577777777777,18935.0,20290.911111111112,18316.4,6933.044585905348,20290.911111111112
84,ball_ball_1_20260605030910_0027.jpg,ball,ball,72.45,0.77,72.45,1305.0,1,success,0.44375,0.59375,0.2634765625,0.9964912280701754,0.4828125,0.5010416666666667,0.4243263900279999,78057.89914529919,106811.93418803415,0.5166666666666666,5916.416239316236,4728.822412155749,4936.926495726497,10396.599287749286,13189.577777777778,16388.0,17097.911111111112,14291.377777777778,6494.691108736942,17097.911111111112
85,ball_ball_1_20260605030911_0028.jpg,ball,ball,72.45,0.6,72.45,1305.0,0,slip,0.459375,0.59375,0.27275390625,1.0315789473684212,0.4921875,0.503125,0.3346860706806183,12770.337499999996,13352.044444444444,0.06666666666666667,0.0,1418.9263888888884,1483.5604938271604,0.0,0.0,14573.4,14273.044444444444,0.0,725.6217206790122,14573.4
86,ball_ball_1_20260605030911_0028.jpg,ball,ball,72.44999999999999,0.78,72.44999999999999,1305.0,0,overforce,0.459375,0.59375,0.27275390625,1.0315789473684212,0.4921875,0.503125,0.3346860706806183,99587.58201058197,119653.7968253968,0.5634920634920634,7474.064197530861,6082.577425044094,5305.057142857146,11984.713756613754,14882.577777777778,16913.0,17741.911111111112,15719.377777777778,7711.603130511463,17741.911111111112
87,ball_ball_1_20260605030911_0028.jpg,ball,ball,72.45,0.68,72.45,1305.0,0,slip,0.459375,0.59375,0.27275390625,1.0315789473684212,0.4921875,0.503125,0.3346860706806183,14165.363636363636,25140.264646464646,0.10303030303030303,0.0,1573.9292929292928,2793.362738496072,0.0,0.0,16056.0,18259.911111111112,0.0,1091.823007856341,18259.911111111112
88,ball_ball_1_20260605030911_0028.jpg,ball,ball,72.44999999999999,0.78,72.44999999999999,1305.0,0,overforce,0.459375,0.59375,0.27275390625,1.0315789473684212,0.4921875,0.503125,0.3346860706806183,73071.98730158729,111273.33015873015,0.45238095238095244,4891.960846560848,4857.802469135806,5256.263492063495,10661.15978835979,13917.577777777778,16817.0,17815.911111111112,15654.866666666667,6416.796649029985,17815.911111111112
89,ball_ball_1_20260605030911_0028.jpg,ball,ball,72.44999999999999,0.76,72.44999999999999,1305.0,1,success,0.459375,0.59375,0.27275390625,1.0315789473684212,0.4921875,0.503125,0.3346860706806183,51748.71954022986,85706.73103448279,0.34597701149425286,1974.0560664112393,4433.82034908472,4866.724904214559,6984.367816091957,12155.577777777778,16924.0,17988.911111111112,16257.866666666667,4564.742283950618,17988.911111111112
90,ball_ball_1_20260605030913_0029.jpg,ball,ball,72.45,0.68,72.45,1305.0,0,slip,0.45,0.5958333333333333,0.268125,1.006993006993007,0.5046875,0.5,0.6110092401504517,23408.375000000004,26403.33055555555,0.13125,0.0,2600.930555555556,2933.7033950617274,0.0,0.0,16294.0,17375.911111111112,0.0,1383.6584876543209,17375.911111111112
91,ball_ball_1_20260605030913_0029.jpg,ball,ball,72.45,0.79,72.45,1305.0,0,overforce,0.45,0.5958333333333333,0.268125,1.006993006993007,0.5046875,0.5,0.6110092401504517,70107.93439153439,90154.09629629632,0.3682539682539683,6425.063492063489,3506.394826572606,4171.507348618462,8768.421693121694,17517.577777777777,19119.0,20632.911111111112,18368.4,5717.846840094063,20632.911111111112
92,ball_ball_1_20260605030913_0029.jpg,ball,ball,72.45,0.75,72.45,1305.0,1,success,0.45,0.5958333333333333,0.268125,1.006993006993007,0.5046875,0.5,0.6110092401504517,55012.40386473428,92532.15169082122,0.3652173913043478,2298.786312399356,4579.965110037577,5160.914975845413,7680.652818035427,13308.577777777778,17401.0,19178.911111111112,15449.4,4930.079804079443,19178.911111111112
93,ball_ball_1_20260605030915_0030.jpg,ball,ball,72.45,0.6,72.45,1305.0,0,slip,0.4515625,0.5958333333333333,0.2690559895833333,1.0104895104895104,0.50703125,0.5020833333333333,0.6377493739128113,16252.636363636364,19740.97373737374,0.07272727272727272,0.0,1805.8484848484848,2193.4415263748597,0.0,0.0,16712.0,18679.911111111112,0.0,999.8225028058362,18679.911111111112
94,ball_ball_1_20260605030915_0030.jpg,ball,ball,72.44999999999999,0.78,72.44999999999999,1305.0,0,overforce,0.4515625,0.5958333333333333,0.2690559895833333,1.0104895104895104,0.50703125,0.5020833333333333,0.6377493739128113,91727.40486111116,122398.17847222215,0.5416666666666665,7922.3446759259305,4910.370756172841,5445.182638888884,12231.922453703703,15492.577777777778,18040.0,19566.911111111112,15829.044444444444,7627.455131172839,19566.911111111112
95,ball_ball_1_20260605030915_0030.jpg,ball,ball,72.45,0.75,72.45,1305.0,1,success,0.4515625,0.5958333333333333,0.2690559895833333,1.0104895104895104,0.50703125,0.5020833333333333,0.6377493739128113,60455.896969696994,60899.73939393937,0.2999999999999999,1815.0053872053868,5507.318294051626,3804.22738496072,4443.61548821549,11058.577777777778,15869.0,18058.911111111112,15075.377777777778,3892.5416386083057,18058.911111111112
96,ball_ball_1_20260605030916_0031.jpg,ball,ball,72.45,0.6,72.45,1305.0,0,slip,0.45,0.59375,0.2671875,1.0105263157894737,0.5,0.5010416666666667,0.5321833491325378,16005.636363636364,17315.18383838384,0.06666666666666667,0.0,1778.4040404040404,1923.9093153759823,0.0,0.0,16689.0,17866.911111111112,0.0,925.5783389450057,17866.911111111112
97,ball_ball_1_20260605030916_0031.jpg,ball,ball,72.45,0.79,72.45,1305.0,0,overforce,0.45,0.59375,0.2671875,1.0105263157894737,0.5,0.5010416666666667,0.5321833491325378,69378.2074074074,84618.83209876542,0.36666666666666664,6577.149382716049,3323.923456790124,3996.679286694101,8108.119753086422,17160.577777777777,18823.0,20332.911111111112,17972.4,5501.467969821674,20332.911111111112
98,ball_ball_1_20260605030916_0031.jpg,ball,ball,72.45,0.75,72.45,1305.0,1,success,0.45,0.59375,0.2671875,1.0105263157894737,0.5,0.5010416666666667,0.5321833491325378,52628.93333333331,89270.40000000001,0.38,1930.7296296296302,4560.506172839507,5038.077777777779,7321.283333333334,11695.577777777778,16659.0,18193.911111111112,12235.4,4712.649228395062,18193.911111111112
99,ball_ball_1_20260605030918_0032.jpg,ball,ball,72.45,0.75,72.45,1305.0,1,success,0.4484375,0.5979166666666667,0.26812825520833333,1.0,0.50859375,0.5010416666666667,0.6964560747146606,46139.346031746034,48954.15555555554,0.20000000000000004,4803.443386243388,1924.2984126984131,1735.6663139329812,5555.52645502646,15326.577777777778,17412.4,15773.044444444444,17096.4,3504.7336419753105,17412.4
100,ball_ball_1_20260605030919_0033.jpg,ball,ball,72.45,0.75,72.45,1305.0,1,success,0.4484375,0.5979166666666667,0.26812825520833333,1.0,0.50546875,0.5010416666666667,0.7123594284057617,28335.083333333332,44941.830555555556,0.1666666666666666,1975.0375000000001,1831.6509259259267,1968.4632716049393,4537.610185185184,12405.6,16521.4,18245.044444444444,14143.377777777778,2578.1904706790124,18245.044444444444
101,ball_ball_1_20260605030921_0034.jpg,ball,ball,72.45,0.75,72.45,1305.0,1,success,0.4484375,0.5958333333333333,0.2671940104166667,1.0034965034965035,0.50546875,0.5,0.7376722097396851,30945.92,46263.72888888889,0.1666666666666666,2386.953333333333,1847.1333333333341,1997.6982716049395,4714.074074074073,14725.6,16648.4,18064.044444444444,14744.377777777778,2736.46475308642,18064.044444444444
102,ball_ball_1_20260605030922_0035.jpg,ball,ball,72.45,0.75,72.45,1305.0,1,success,0.45,0.5958333333333333,0.268125,1.006993006993007,0.5015625,0.5,0.7014386653900146,17767.080000000005,49613.59555555556,0.1666666666666666,0.0,1974.1200000000008,1646.1471604938276,5799.711851851856,0.0,17789.4,14978.044444444444,14704.4,2354.994753086421,17789.4
103,ball_ball_1_20260605030924_0036.jpg,ball,ball,72.44999999999999,0.76,72.44999999999999,1305.0,1,success,0.45,0.5979166666666667,0.2690625,1.0034843205574913,0.5046875,0.5010416666666667,0.6896620392799377,28143.19181286549,49942.88187134503,0.20000000000000007,1705.8161793372315,1989.8105263157897,1654.1277452891486,5842.62202729045,10453.844444444445,17942.4,15015.044444444444,15894.4,2798.094119558155,17942.4
104,ball_ball_1_20260605030925_0037.jpg,ball,ball,72.45,0.77,72.45,1305.0,1,success,0.4515625,0.5979166666666667,0.2699967447916667,1.0069686411149825,0.50234375,0.5010416666666667,0.7018646001815796,40214.429629629645,62262.43703703708,0.26666666666666666,3737.881481481481,1976.3489711934164,1762.3506172839518,7733.546913580248,13277.577777777778,17903.4,16506.044444444444,15350.044444444444,3802.531995884774,17903.4
105,ball_ball_1_20260605030927_0038.jpg,ball,ball,72.44999999999999,0.76,72.44999999999999,1305.0,1,success,0.45,0.5979166666666667,0.2690625,1.0034843205574913,0.5015625,0.5010416666666667,0.6586889028549194,41842.44444444446,42630.86666666667,0.20000000000000004,4023.4962962962964,1966.8296296296292,1657.4493827160493,4618.97037037037,12953.6,17793.4,15584.044444444444,16065.044444444444,3066.6864197530863,17793.4
106,ball_ball_1_20260605030928_0039.jpg,ball,ball,72.45,0.75,72.45,1305.0,1,success,0.45,0.5979166666666667,0.2690625,1.0034843205574913,0.5,0.5010416666666667,0.7037786841392517,32586.025396825396,28592.51746031746,0.13333333333333333,2633.4851851851854,1865.012698412699,1166.8356261022927,3015.166137566139,15945.577777777778,16827.4,10598.044444444444,18141.044444444444,2170.124911816579,18141.044444444444
107,ball_ball_1_20260605030930_0040.jpg,ball,ball,72.44999999999999,0.76,72.44999999999999,1305.0,1,success,0.45,0.5979166666666667,0.2690625,1.0034843205574913,0.503125,0.5010416666666667,0.7226381301879883,46148.34027777776,31163.96250000001,0.16666666666666663,3037.8386574074066,3102.3675925925927,1337.611111111111,3187.5770833333336,18335.844444444443,14629.533333333333,12299.0,19192.4,2666.348611111111,19192.4
108,ball_ball_1_20260605030931_0041.jpg,ball,ball,72.45,0.77,72.45,1305.0,1,success,0.4609375,0.5979166666666667,0.27560221354166664,1.0278745644599303,0.49296875,0.503125,0.6486536264419556,49965.01461988302,32186.47894736842,0.16666666666666674,3242.8819688109147,3389.746978557506,1369.1783625730993,3310.64561403509,19817.844444444443,15551.4,13470.0,20076.4,2828.1132309941527,20076.4
109,ball_ball_1_20260605030933_0042.jpg,ball,ball,72.44999999999999,0.76,72.44999999999999,1305.0,1,success,0.459375,0.5958333333333333,0.2737109375,1.027972027972028,0.4921875,0.5020833333333333,0.5796910524368286,49063.55412186378,43576.234408602155,0.23333333333333336,3646.146475507764,3020.741696535246,1600.562724014337,4861.861648745523,11707.844444444445,15397.533333333333,14548.0,15928.4,3282.3281362007174,15928.4
110,ball_ball_1_20260605030934_0043.jpg,ball,ball,72.45,0.77,72.45,1305.0,1,success,0.4484375,0.5958333333333333,0.2671940104166667,1.0034965034965035,0.48515625,0.5,0.6513906121253967,54281.44444444444,38096.210582010586,0.23174603174603176,4371.188359788361,3117.1460317460323,1434.5128747795416,4197.599118165784,15367.577777777778,14668.4,13166.044444444444,16522.044444444444,3280.1115961199293,16522.044444444444
111,ball_ball_1_20260605030936_0044.jpg,ball,ball,72.45,0.75,72.45,1305.0,1,success,0.4609375,0.5979166666666667,0.27560221354166664,1.0278745644599303,0.48984375,0.503125,0.562228262424469,41590.21666666668,43006.44722222221,0.1972222222222223,3191.714351851853,2493.3256172839506,1722.7364197530874,4583.636574074078,19219.577777777777,14970.4,15586.044444444444,18255.044444444444,2997.8532407407424,19219.577777777777
112,ball_ball_1_20260605030938_0045.jpg,ball,ball,72.44999999999999,0.76,72.44999999999999,1305.0,1,success,0.4515625,0.5979166666666667,0.2699967447916667,1.0069686411149825,0.49609375,0.5010416666666667,0.7296651005744934,31840.19494949494,33133.58080808082,0.13333333333333333,5306.699158249159,0.0,0.0,5522.263468013473,19689.577777777777,0.0,0.0,17059.4,2707.2406565656584,19689.577777777777
113,ball_ball_1_20260605030939_0046.jpg,ball,ball,72.44999999999999,0.76,72.44999999999999,1305.0,1,success,0.4484375,0.5979166666666667,0.26812825520833333,1.0,0.50546875,0.5010416666666667,0.753480076789856,20632.668686868692,33955.08080808082,0.10000000000000003,3438.778114478115,0.0,0.0,5659.180134680139,20672.577777777777,0.0,0.0,19346.044444444444,2274.4895622895638,20672.577777777777
114,ball_ball_1_20260605030941_0047.jpg,ball,ball,72.45,0.75,72.45,1305.0,1,success,0.45,0.5958333333333333,0.268125,1.006993006993007,0.5046875,0.5020833333333333,0.6763402223587036,45242.60386473428,33527.31304347827,0.1666666666666666,2952.2566827697265,3058.784863123994,1676.159420289855,3073.646376811595,17797.844444444443,14643.533333333333,15157.0,18495.4,2690.2118357487925,18495.4
115,ball_ball_1_20260605030942_0048.jpg,ball,ball,72.44999999999999,0.76,72.44999999999999,1305.0,1,success,0.4515625,0.5979166666666667,0.2699967447916667,1.0069686411149825,0.50078125,0.5010416666666667,0.6661223769187927,30581.811111111103,19470.06666666667,0.10000000000000003,5096.968518518521,0.0,0.0,3245.011111111112,17807.844444444443,0.0,0.0,19507.4,2085.4949074074084,19507.4
116,ball_ball_1_20260605030944_0049.jpg,ball,ball,72.45,0.77,72.45,1305.0,1,success,0.45,0.5979166666666667,0.2690625,1.0034843205574913,0.5015625,0.5010416666666667,0.6974065899848938,47534.69722222215,20244.649999999994,0.13333333333333347,5574.9479745370345,1565.0010416666682,0.0,3374.108333333332,19246.844444444443,14306.4,0.0,20284.4,2628.514337384259,20284.4
117,ball_ball_2_20260605031017_0000.jpg,ball,ball,72.45000000000002,0.7,72.45000000000002,1305.0,0,fail,0.4421875,0.6,0.2653125,0.9826388888888888,0.52109375,0.5104166666666666,0.5979422330856323,0.0,0.0,0.0,0.0,0.0,0.0,0.0,0.0,0.0,0.0,0.0,0.0,0.0
118,ball_ball_2_20260605031017_0000.jpg,ball,ball,72.44999999999999,0.73,72.44999999999999,1305.0,0,fail,0.4421875,0.6,0.2653125,0.9826388888888888,0.52109375,0.5104166666666666,0.5979422330856323,0.0,0.0,0.0,0.0,0.0,0.0,0.0,0.0,0.0,0.0,0.0,0.0,0.0
119,ball_ball_2_20260605031017_0000.jpg,ball,ball,72.45,0.75,72.45,1305.0,0,slip,0.4421875,0.6,0.2653125,0.9826388888888888,0.52109375,0.5104166666666666,0.5979422330856323,0.0,0.0,0.0,0.0,0.0,0.0,0.0,0.0,0.0,0.0,0.0,0.0,0.0
120,ball_ball_2_20260605031017_0000.jpg,ball,ball,72.45,0.75,72.45,1305.0,0,slip,0.4421875,0.6,0.2653125,0.9826388888888888,0.52109375,0.5104166666666666,0.5979422330856323,11328.95708812262,11673.665134099638,0.06666666666666665,1888.1595146871032,0.0,0.0,1945.6108556832728,12068.577777777778,0.0,0.0,13045.044444444444,958.442592592594,13045.044444444444
121,ball_ball_2_20260605031017_0000.jpg,ball,ball,72.45,0.77,72.45,1305.0,0,slip,0.4421875,0.6,0.2653125,0.9826388888888888,0.52109375,0.5104166666666666,0.5979422330856323,26919.755555555545,29901.49206349207,0.13333333333333333,4486.625925925928,0.0,0.0,4983.582010582016,17719.577777777777,0.0,0.0,15441.044444444444,2367.551984126986,17719.577777777777
122,ball_ball_2_20260605031017_0000.jpg,ball,ball,72.44999999999999,0.85,72.44999999999999,1305.0,0,overforce,0.4421875,0.6,0.2653125,0.9826388888888888,0.52109375,0.5104166666666666,0.5979422330856323,51930.298412698445,53439.83174603175,0.265079365079365,8655.049735449731,0.0,0.0,8906.638624338628,17516.844444444443,0.0,0.0,18292.4,4390.422089947089,18292.4
123,ball_ball_2_20260605031017_0000.jpg,ball,ball,72.45,0.84,72.45,1305.0,0,overforce,0.4421875,0.6,0.2653125,0.9826388888888888,0.52109375,0.5104166666666666,0.5979422330856323,45799.045410628045,40684.861835748794,0.23333333333333336,7633.174235104664,0.0,0.0,6780.810305958132,13937.844444444445,0.0,0.0,17626.866666666665,3603.496135265699,17626.866666666665
124,ball_ball_2_20260605031017_0000.jpg,ball,ball,72.45,0.84,72.45,1305.0,0,overforce,0.4421875,0.6,0.2653125,0.9826388888888888,0.52109375,0.5104166666666666,0.5979422330856323,48419.361616161645,51775.14343434344,0.26666666666666666,8069.893602693598,0.0,0.0,8629.190572390573,14231.844444444445,0.0,0.0,17235.866666666665,4174.771043771043,17235.866666666665
125,ball_ball_2_20260605031017_0000.jpg,ball,ball,72.44999999999999,0.78,72.44999999999999,1305.0,0,slip,0.4421875,0.6,0.2653125,0.9826388888888888,0.52109375,0.5104166666666666,0.5979422330856323,5353.846153846155,14813.221367521368,0.06282051282051282,892.3076923076925,0.0,0.0,2468.870227920228,11207.6,0.0,0.0,13573.377777777778,840.2944800569801,13573.377777777778
126,ball_ball_2_20260605031017_0000.jpg,ball,ball,72.44999999999999,0.78,72.44999999999999,1305.0,1,success,0.4421875,0.6,0.2653125,0.9826388888888888,0.52109375,0.5104166666666666,0.5979422330856323,21959.027485380106,37731.60994152045,0.2000000000000001,3659.8379142300196,0.0,0.0,6288.6016569200765,12931.577777777778,0.0,0.0,11088.4,2487.109892787524,12931.577777777778
127,ball_ball_2_20260605031018_0001.jpg,ball,ball,72.45,0.77,72.45,1305.0,0,slip,0.45,0.5958333333333333,0.268125,1.006993006993007,0.5234375,0.50625,0.7043667435646057,24818.75555555555,25277.396825396823,0.13333333333333333,4136.459259259262,0.0,0.0,4212.899470899475,14608.844444444445,0.0,0.0,15649.4,2087.339682539684,15649.4
128,ball_ball_2_20260605031018_0001.jpg,ball,ball,72.44999999999999,0.83,72.44999999999999,1305.0,1,success,0.45,0.5958333333333333,0.268125,1.006993006993007,0.5234375,0.50625,0.7043667435646057,50042.76339869285,51134.953594771214,0.265686274509804,8340.460566448803,0.0,0.0,8522.492265795205,16868.577777777777,0.0,0.0,17662.4,4215.738208061002,17662.4
129,ball_ball_2_20260605031020_0002.jpg,ball,ball,72.45,0.77,72.45,1305.0,0,slip,0.4484375,0.59375,0.266259765625,1.0070175438596491,0.52421875,0.509375,0.672138512134552,6671.382539682541,10535.349206349207,0.06428571428571428,1111.8970899470903,0.0,0.0,1755.8915343915346,8638.577777777778,0.0,0.0,9683.866666666667,716.9471560846562,9683.866666666667
130,ball_ball_2_20260605031020_0002.jpg,ball,ball,72.44999999999999,0.85,72.44999999999999,1305.0,0,overforce,0.4484375,0.59375,0.266259765625,1.0070175438596491,0.52421875,0.509375,0.672138512134552,35707.349707602334,38659.22339181286,0.20000000000000007,5951.224951267056,0.0,0.0,6443.203898635478,15632.6,0.0,0.0,17855.866666666665,3098.607212475634,17855.866666666665
131,ball_ball_2_20260605031020_0002.jpg,ball,ball,72.44999999999999,0.8,72.44999999999999,1305.0,1,success,0.4484375,0.59375,0.266259765625,1.0070175438596491,0.52421875,0.509375,0.672138512134552,39301.776245210756,36481.265134099616,0.23218390804597705,6550.296040868451,0.0,0.0,6080.21085568327,10845.577777777778,0.0,0.0,16487.866666666665,3157.62672413793,16487.866666666665
132,ball_ball_2_20260605031021_0003.jpg,ball,ball,72.44999999999999,0.76,72.44999999999999,1305.0,0,slip,0.4484375,0.59375,0.266259765625,1.0070175438596491,0.52421875,0.5072916666666667,0.706631064414978,929.008187134503,0.0,0.0035087719298245615,154.8346978557505,0.0,0.0,0.0,9076.577777777778,0.0,0.0,0.0,38.708674463937626,9076.577777777778
133,ball_ball_2_20260605031021_0003.jpg,ball,ball,72.45,0.84,72.45,1305.0,0,overforce,0.4484375,0.59375,0.266259765625,1.0070175438596491,0.52421875,0.5072916666666667,0.706631064414978,25891.848484848473,32459.911111111098,0.13333333333333333,4315.308080808078,0.0,0.0,5409.985185185184,15477.6,0.0,0.0,18175.866666666665,2431.3233164983153,18175.866666666665
134,ball_ball_2_20260605031021_0003.jpg,ball,ball,72.44999999999999,0.82,72.44999999999999,1305.0,1,success,0.4484375,0.59375,0.266259765625,1.0070175438596491,0.52421875,0.5072916666666667,0.706631064414978,24553.79166666667,29984.327777777766,0.13333333333333333,4092.2986111111086,0.0,0.0,4997.387962962962,14246.6,0.0,0.0,17393.866666666665,2272.4216435185176,17393.866666666665
135,ball_ball_2_20260605031023_0004.jpg,ball,ball,72.45,0.77,72.45,1305.0,0,fail,0.45,0.59375,0.2671875,1.0105263157894737,0.5265625,0.5072916666666667,0.6875656843185425,8985.938461538464,15099.295726495728,0.0846153846153846,1497.6564102564105,0.0,0.0,2516.549287749288,10997.6,0.0,0.0,11220.377777777778,1003.5514245014247,11220.377777777778
136,ball_ball_2_20260605031023_0004.jpg,ball,ball,72.45,0.77,72.45,1305.0,0,slip,0.45,0.59375,0.2671875,1.0105263157894737,0.5265625,0.5072916666666667,0.6875656843185425,29504.60404040403,28887.67171717172,0.13333333333333333,4917.434006734008,0.0,0.0,4814.611952861957,16658.577777777777,0.0,0.0,16730.4,2433.0114898989914,16730.4
137,ball_ball_2_20260605031023_0004.jpg,ball,ball,72.45,0.84,72.45,1305.0,0,overforce,0.45,0.59375,0.2671875,1.0105263157894737,0.5265625,0.5072916666666667,0.6875656843185425,41693.45555555556,54689.76031746032,0.23571428571428574,6948.909259259259,0.0,0.0,9114.960052910055,17471.577777777777,0.0,0.0,16822.044444444444,4015.9673280423285,17471.577777777777
138,ball_ball_2_20260605031023_0004.jpg,ball,ball,72.44999999999999,0.83,72.44999999999999,1305.0,1,success,0.45,0.59375,0.2671875,1.0105263157894737,0.5265625,0.5072916666666667,0.6875656843185425,28704.30821256039,48712.42801932368,0.20000000000000007,4784.051368760065,0.0,0.0,8118.738003220613,15668.6,0.0,0.0,15469.866666666667,3225.6973429951695,15668.6
139,ball_ball_2_20260605031024_0005.jpg,ball,ball,72.44999999999999,0.76,72.44999999999999,1305.0,0,slip,0.45,0.59375,0.2671875,1.0105263157894737,0.5234375,0.5052083333333334,0.6021275520324707,5472.90925925926,0.0,0.01944444444444444,912.1515432098765,0.0,0.0,0.0,9888.844444444445,0.0,0.0,0.0,228.03788580246913,9888.844444444445
140,ball_ball_2_20260605031024_0005.jpg,ball,ball,72.45,0.84,72.45,1305.0,0,overforce,0.45,0.59375,0.2671875,1.0105263157894737,0.5234375,0.5052083333333334,0.6021275520324707,38079.411111111105,51466.938888888886,0.23333333333333336,6346.5685185185175,0.0,0.0,8577.82314814815,15529.6,0.0,0.0,15812.377777777778,3731.097916666667,15812.377777777778
141,ball_ball_2_20260605031024_0005.jpg,ball,ball,72.44999999999999,0.81,72.44999999999999,1305.0,1,success,0.45,0.59375,0.2671875,1.0105263157894737,0.5234375,0.5052083333333334,0.6021275520324707,28331.52560386473,50832.73236714976,0.20000000000000007,4721.920933977455,0.0,0.0,8472.122061191627,16763.577777777777,0.0,0.0,14388.044444444444,3298.5107487922705,16763.577777777777
142,ball_ball_2_20260605031026_0006.jpg,ball,ball,72.44999999999999,0.78,72.44999999999999,1305.0,0,slip,0.45,0.59375,0.2671875,1.0105263157894737,0.525,0.5072916666666667,0.6546796560287476,17605.000000000004,27930.258823529413,0.15490196078431373,2934.1666666666656,0.0,0.0,4655.043137254902,11392.577777777778,0.0,0.0,12339.866666666667,1897.3024509803918,12339.866666666667
143,ball_ball_2_20260605031026_0006.jpg,ball,ball,72.44999999999999,0.85,72.44999999999999,1305.0,0,overforce,0.45,0.59375,0.2671875,1.0105263157894737,0.525,0.5072916666666667,0.6546796560287476,16731.98095238095,30761.72063492062,0.10000000000000002,2788.6634920634915,0.0,0.0,5126.953439153438,16860.6,0.0,0.0,17770.866666666665,1978.9042328042324,17770.866666666665
144,ball_ball_2_20260605031026_0006.jpg,ball,ball,72.44999999999999,0.8,72.44999999999999,1305.0,1,success,0.45,0.59375,0.2671875,1.0105263157894737,0.525,0.5072916666666667,0.6546796560287476,14543.547368421057,26823.77076023391,0.10000000000000003,2423.9245614035094,0.0,0.0,4470.628460038985,14877.6,0.0,0.0,14545.866666666667,1723.6382553606236,14877.6
145,ball_ball_2_20260605031027_0007.jpg,ball,ball,72.45,0.77,72.45,1305.0,0,slip,0.453125,0.59375,0.26904296875,1.0175438596491229,0.525,0.5072916666666667,0.6650939583778381,7626.38823529412,8503.972549019607,0.045098039215686274,1271.0647058823533,0.0,0.0,1417.3287581699346,12872.6,0.0,0.0,13877.377777777778,672.098366013072,13877.377777777778
146,ball_ball_2_20260605031027_0007.jpg,ball,ball,72.44999999999999,0.83,72.44999999999999,1305.0,1,success,0.453125,0.59375,0.26904296875,1.0175438596491229,0.525,0.5072916666666667,0.6650939583778381,30301.00130718954,40974.532026143796,0.17254901960784316,5050.16688453159,0.0,0.0,6829.0886710239665,18113.577777777777,0.0,0.0,17332.044444444444,2969.813888888889,18113.577777777777
147,ball_ball_2_20260605031029_0008.jpg,ball,ball,72.44999999999999,0.76,72.44999999999999,1305.0,0,slip,0.453125,0.59375,0.26904296875,1.0175438596491229,0.525,0.5052083333333334,0.6487488746643066,17910.1492063492,23646.001587301584,0.09285714285714286,2985.0248677248665,0.0,0.0,3941.0002645502655,18076.577777777777,0.0,0.0,17084.044444444444,1731.506283068783,18076.577777777777
148,ball_ball_2_20260605031029_0008.jpg,ball,ball,72.45,0.84,72.45,1305.0,0,overforce,0.453125,0.59375,0.26904296875,1.0175438596491229,0.525,0.5052083333333334,0.6487488746643066,52735.011965811966,56401.76581196581,0.26666666666666666,8789.168660968659,0.0,0.0,9400.294301994307,17839.577777777777,0.0,0.0,16317.4,4547.365740740741,17839.577777777777
149,ball_ball_2_20260605031029_0008.jpg,ball,ball,72.44999999999999,0.82,72.44999999999999,1305.0,1,success,0.453125,0.59375,0.26904296875,1.0175438596491229,0.525,0.5052083333333334,0.6487488746643066,16892.149999999998,29355.544444444437,0.10000000000000002,2815.3583333333327,0.0,0.0,4892.590740740739,16990.6,0.0,0.0,16795.37777777778,1926.987268518518,16990.6
150,ball_ball_2_20260605031031_0009.jpg,ball,ball,72.44999999999999,0.82,72.44999999999999,1305.0,1,success,0.4515625,0.59375,0.268115234375,1.0140350877192983,0.52421875,0.5052083333333334,0.68270343542099,23212.26133333334,30326.524444444436,0.13066666666666665,3868.7102222222197,0.0,0.0,5054.420740740739,15869.6,0.0,0.0,15747.377777777778,2230.78274074074,15869.6
151,ball_ball_2_20260605031032_0010.jpg,ball,ball,72.44999999999999,0.78,72.44999999999999,1305.0,0,slip,0.4515625,0.59375,0.268115234375,1.0140350877192983,0.52421875,0.5052083333333334,0.6564602255821228,21249.056410256406,27368.213675213672,0.11282051282051285,3541.509401709401,0.0,0.0,4561.368945868947,18060.577777777777,0.0,0.0,16731.044444444444,2025.7195868945869,18060.577777777777
152,ball_ball_2_20260605031032_0010.jpg,ball,ball,72.44999999999999,0.85,72.44999999999999,1305.0,0,overforce,0.4515625,0.59375,0.268115234375,1.0140350877192983,0.52421875,0.5052083333333334,0.6564602255821228,18490.200000000004,34538.77777777777,0.10000000000000002,3081.7000000000007,0.0,0.0,5756.462962962962,18595.6,0.0,0.0,17578.37777777778,2209.5407407407406,18595.6
153,ball_ball_2_20260605031032_0010.jpg,ball,ball,72.44999999999999,0.78,72.44999999999999,1305.0,1,success,0.4515625,0.59375,0.268115234375,1.0140350877192983,0.52421875,0.5052083333333334,0.6564602255821228,30677.422222222212,31137.79444444445,0.13333333333333333,5112.903703703705,0.0,0.0,5189.632407407412,17098.577777777777,0.0,0.0,15949.4,2575.634027777779,17098.577777777777
154,ball_ball_2_20260605031034_0011.jpg,ball,ball,72.45,0.77,72.45,1305.0,0,slip,0.453125,0.5958333333333333,0.26998697916666664,1.013986013986014,0.5234375,0.50625,0.6622822880744934,28727.422222222216,28477.44444444444,0.13333333333333333,4787.903703703706,0.0,0.0,4746.240740740744,16178.577777777778,0.0,0.0,15965.4,2383.5361111111124,16178.577777777778
155,ball_ball_2_20260605031034_0011.jpg,ball,ball,72.45,0.84,72.45,1305.0,0,overforce,0.453125,0.5958333333333333,0.26998697916666664,1.013986013986014,0.5234375,0.50625,0.6622822880744934,35552.68888888888,35536.37777777777,0.13333333333333333,5925.44814814815,0.0,0.0,5922.729629629633,18404.577777777777,0.0,0.0,18029.4,2962.0444444444456,18404.577777777777
156,ball_ball_2_20260605031034_0011.jpg,ball,ball,72.45,0.77,72.45,1305.0,1,success,0.453125,0.5958333333333333,0.26998697916666664,1.013986013986014,0.5234375,0.50625,0.6622822880744934,30151.622222222217,25356.37481481481,0.1311111111111111,5025.270370370372,0.0,0.0,4226.062469135804,16703.844444444443,0.0,0.0,17239.4,2312.833209876544,17239.4
157,ball_ball_2_20260605031035_0012.jpg,ball,ball,72.45,0.77,72.45,1305.0,0,slip,0.453125,0.5958333333333333,0.26998697916666664,1.013986013986014,0.5234375,0.50625,0.6624809503555298,21172.166666666668,21390.909523809525,0.13095238095238093,3528.6944444444443,0.0,0.0,3565.1515873015865,12773.844444444445,0.0,0.0,12661.4,1773.4615079365076,12773.844444444445
158,ball_ball_2_20260605031035_0012.jpg,ball,ball,72.44999999999999,0.85,72.44999999999999,1305.0,0,overforce,0.453125,0.5958333333333333,0.26998697916666664,1.013986013986014,0.5234375,0.50625,0.6624809503555298,19763.725925925923,34050.633333333324,0.10740740740740742,3293.9543209876542,0.0,0.0,5675.105555555555,18061.6,0.0,0.0,18097.866666666665,2242.2649691358024,18097.866666666665
159,ball_ball_2_20260605031035_0012.jpg,ball,ball,72.44999999999999,0.81,72.44999999999999,1305.0,1,success,0.453125,0.5958333333333333,0.26998697916666664,1.013986013986014,0.5234375,0.50625,0.6624809503555298,23722.952380952385,29930.673015873002,0.13333333333333333,3953.8253968253944,0.0,0.0,4988.445502645502,14096.6,0.0,0.0,17475.866666666665,2235.567724867724,17475.866666666665
160,ball_ball_2_20260605031037_0013.jpg,ball,ball,72.44999999999999,0.76,72.44999999999999,1305.0,0,slip,0.4515625,0.59375,0.268115234375,1.0140350877192983,0.52265625,0.5052083333333334,0.6842880249023438,14142.31111111111,5415.421399176953,0.0654320987654321,2357.051851851853,0.0,0.0,902.5702331961588,13225.844444444445,0.0,0.0,9362.4,814.9055212620029,13225.844444444445
161,ball_ball_2_20260605031037_0013.jpg,ball,ball,72.44999999999999,0.85,72.44999999999999,1305.0,0,overforce,0.4515625,0.59375,0.268115234375,1.0140350877192983,0.52265625,0.5052083333333334,0.6842880249023438,25747.77192982457,19589.498245614028,0.10000000000000003,4291.295321637425,0.0,0.0,3264.9163742690043,14173.066666666668,0.0,0.0,19646.866666666665,1889.0529239766074,19646.866666666665
162,ball_ball_2_20260605031037_0013.jpg,ball,ball,72.44999999999999,0.82,72.44999999999999,1305.0,1,success,0.4515625,0.59375,0.268115234375,1.0140350877192983,0.52265625,0.5052083333333334,0.6842880249023438,25423.320512820508,31887.24444444443,0.13333333333333333,4237.220085470083,0.0,0.0,5314.540740740739,15595.6,0.0,0.0,17672.866666666665,2387.9402065527056,17672.866666666665
163,ball_ball_2_20260605031038_0014.jpg,ball,ball,72.45,0.75,72.45,1305.0,0,slip,0.453125,0.59375,0.26904296875,1.0175438596491229,0.525,0.5052083333333334,0.6800065040588379,28667.822222222214,28491.694444444445,0.13333333333333333,4777.970370370373,0.0,0.0,4748.6157407407445,16717.577777777777,0.0,0.0,15791.4,2381.6465277777793,16717.577777777777
164,ball_ball_2_20260605031038_0014.jpg,ball,ball,72.45,0.75,72.45,1305.0,0,slip,0.453125,0.59375,0.26904296875,1.0175438596491229,0.525,0.5052083333333334,0.6800065040588379,30205.522222222226,26232.744444444445,0.13333333333333333,5034.253703703703,0.0,0.0,4372.124074074074,16865.577777777777,0.0,0.0,17205.4,2351.594444444444,17205.4
165,ball_ball_2_20260605031038_0014.jpg,ball,ball,72.45,0.84,72.45,1305.0,0,overforce,0.453125,0.59375,0.26904296875,1.0175438596491229,0.525,0.5052083333333334,0.6800065040588379,46951.458585858585,34389.35353535353,0.16666666666666669,5927.464309764311,1265.1858585858583,0.0,5731.558922558924,18244.577777777777,12162.4,0.0,18996.4,3231.0522727272732,18996.4
166,ball_ball_2_20260605031038_0014.jpg,ball,ball,72.44999999999999,0.78,72.44999999999999,1305.0,1,success,0.453125,0.59375,0.26904296875,1.0175438596491229,0.525,0.5052083333333334,0.6800065040588379,38424.42222222222,42793.699415204675,0.18421052631578952,3497.135282651073,1937.956725146199,1378.1979207277452,5064.986354775833,16763.577777777777,17489.4,12705.044444444444,17553.044444444444,2969.5690708252123,17553.044444444444
167,ball_ball_2_20260605031040_0015.jpg,ball,ball,72.44999999999999,0.76,72.44999999999999,1305.0,0,slip,0.45,0.5958333333333333,0.268125,1.006993006993007,0.5171875,0.50625,0.663003146648407,8893.285925925926,8988.04,0.05333333333333333,1482.2143209876544,0.0,0.0,1498.0066666666664,13508.844444444445,0.0,0.0,12035.4,745.0552469135803,13508.844444444445
168,ball_ball_2_20260605031040_0015.jpg,ball,ball,72.45,0.84,72.45,1305.0,0,overforce,0.45,0.5958333333333333,0.268125,1.006993006993007,0.5171875,0.50625,0.663003146648407,29059.12222222222,49495.30000000001,0.20000000000000007,4843.187037037037,0.0,0.0,8249.21666666667,17097.6,0.0,0.0,15996.866666666667,3273.100925925927,17097.6
169,ball_ball_2_20260605031040_0015.jpg,ball,ball,72.44999999999999,0.78,72.44999999999999,1305.0,1,success,0.45,0.5958333333333333,0.268125,1.006993006993007,0.5171875,0.50625,0.663003146648407,17855.93069679849,25019.880602636564,0.14011299435028265,2975.9884494664147,0.0,0.0,4169.980100439428,9712.6,0.0,0.0,14887.866666666667,1786.4921374764606,14887.866666666667
170,ball_ball_2_20260605031041_0016.jpg,ball,ball,72.44999999999999,0.78,72.44999999999999,1305.0,0,slip,0.4515625,0.5958333333333333,0.2690559895833333,1.0104895104895104,0.51953125,0.5041666666666667,0.6759202480316162,23062.361352657008,25195.807729468594,0.1449275362318841,3843.7268921095024,0.0,0.0,4199.3012882447665,14754.844444444445,0.0,0.0,14968.4,2010.7570450885673,14968.4
171,ball_ball_2_20260605031041_0016.jpg,ball,ball,72.45,0.84,72.45,1305.0,0,overforce,0.4515625,0.5958333333333333,0.2690559895833333,1.0104895104895104,0.51953125,0.5041666666666667,0.6759202480316162,48458.86819923373,42642.069731800766,0.2229885057471265,8076.478033205617,0.0,0.0,7107.011621966795,18466.844444444443,0.0,0.0,18908.4,3795.872413793103,18908.4
172,ball_ball_2_20260605031041_0016.jpg,ball,ball,72.45,0.84,72.45,1305.0,0,overforce,0.4515625,0.5958333333333333,0.2690559895833333,1.0104895104895104,0.51953125,0.5041666666666667,0.6759202480316162,18004.48888888889,32692.577777777773,0.10000000000000003,3000.748148148148,0.0,0.0,5448.762962962962,18104.6,0.0,0.0,16472.37777777778,2112.3777777777777,18104.6
173,ball_ball_2_20260605031041_0016.jpg,ball,ball,72.44999999999999,0.8,72.44999999999999,1305.0,1,success,0.4515625,0.5958333333333333,0.2690559895833333,1.0104895104895104,0.51953125,0.5041666666666667,0.6759202480316162,20804.03888888889,31875.25694444444,0.10833333333333334,3467.339814814815,0.0,0.0,5312.5428240740775,18909.577777777777,0.0,0.0,17650.044444444444,2194.970659722223,18909.577777777777
174,ball_ball_2_20260605031043_0017.jpg,ball,ball,72.45,0.77,72.45,1305.0,0,slip,0.453125,0.5958333333333333,0.26998697916666664,1.013986013986014,0.51875,0.50625,0.7016772627830505,18703.42393162393,20719.96068376069,0.1256410256410256,3117.237321937322,0.0,0.0,3453.326780626782,12706.577777777778,0.0,0.0,10860.377777777778,1642.6410256410259,12706.577777777778
175,ball_ball_2_20260605031043_0017.jpg,ball,ball,72.44999999999999,0.63,72.44999999999999,1305.0,0,fail,0.453125,0.5958333333333333,0.26998697916666664,1.013986013986014,0.51875,0.50625,0.7016772627830505,0.0,0.0,0.0,0.0,0.0,0.0,0.0,0.0,0.0,0.0,0.0,0.0,0.0
176,ball_ball_2_20260605031043_0017.jpg,ball,ball,72.44999999999999,0.83,72.44999999999999,1305.0,0,overforce,0.453125,0.5958333333333333,0.26998697916666664,1.013986013986014,0.51875,0.50625,0.7016772627830505,31866.922222222216,35654.00000000001,0.13333333333333333,5311.153703703706,0.0,0.0,5942.333333333338,20406.577777777777,0.0,0.0,19049.044444444444,2813.371759259261,20406.577777777777
177,ball_ball_2_20260605031043_0017.jpg,ball,ball,72.44999999999999,0.83,72.44999999999999,1305.0,1,success,0.453125,0.5958333333333333,0.26998697916666664,1.013986013986014,0.51875,0.50625,0.7016772627830505,43275.4017777778,36256.393777777776,0.22266666666666673,7212.566962962959,0.0,0.0,6042.732296296297,13523.066666666668,0.0,0.0,18120.866666666665,3313.824814814814,18120.866666666665
178,ball_ball_2_20260605031045_0018.jpg,ball,ball,72.45,0.77,72.45,1305.0,0,slip,0.4515625,0.5958333333333333,0.2690559895833333,1.0104895104895104,0.51953125,0.50625,0.6592524647712708,4617.963636363636,10514.965656565655,0.051515151515151514,769.660606060606,0.0,0.0,1752.4942760942758,8688.6,0.0,0.0,11408.377777777778,630.5387205387204,11408.377777777778
179,ball_ball_2_20260605031045_0018.jpg,ball,ball,72.44999999999999,0.85,72.44999999999999,1305.0,0,overforce,0.4515625,0.5958333333333333,0.2690559895833333,1.0104895104895104,0.51953125,0.50625,0.6592524647712708,51124.24444444445,51077.06370370371,0.25999999999999995,8520.707407407404,0.0,0.0,8512.843950617287,17933.577777777777,0.0,0.0,18670.4,4258.387839506173,18670.4
180,ball_ball_2_20260605031045_0018.jpg,ball,ball,72.45,0.77,72.45,1305.0,1,success,0.4515625,0.5958333333333333,0.2690559895833333,1.0104895104895104,0.51953125,0.50625,0.6592524647712708,33784.08888888888,31721.15873015874,0.13333333333333333,5630.6814814814825,0.0,0.0,5286.859788359793,17844.577777777777,0.0,0.0,17353.4,2729.385317460319,17844.577777777777
181,ball_ball_2_20260605031046_0019.jpg,ball,ball,72.44999999999999,0.76,72.44999999999999,1305.0,0,slip,0.4515625,0.5958333333333333,0.2690559895833333,1.0104895104895104,0.51796875,0.50625,0.6735491156578064,30925.96068376068,22101.81196581196,0.1205128205128205,5154.326780626781,0.0,0.0,3683.635327635327,15812.844444444445,0.0,0.0,17152.4,2209.490527065527,17152.4
182,ball_ball_2_20260605031046_0019.jpg,ball,ball,72.45,0.64,72.45,1305.0,0,fail,0.4515625,0.5958333333333333,0.2690559895833333,1.0104895104895104,0.51796875,0.50625,0.6735491156578064,0.0,0.0,0.0,0.0,0.0,0.0,0.0,0.0,0.0,0.0,0.0,0.0,0.0
183,ball_ball_2_20260605031046_0019.jpg,ball,ball,72.45,0.84,72.45,1305.0,0,overforce,0.4515625,0.5958333333333333,0.2690559895833333,1.0104895104895104,0.51796875,0.50625,0.6735491156578064,30720.41111111109,31655.079166666634,0.13333333333333333,5120.068518518515,0.0,0.0,5275.846527777781,15677.844444444445,0.0,0.0,17784.866666666665,2598.9787615740743,17784.866666666665
184,ball_ball_2_20260605031046_0019.jpg,ball,ball,72.44999999999999,0.82,72.44999999999999,1305.0,1,success,0.4515625,0.5958333333333333,0.2690559895833333,1.0104895104895104,0.51796875,0.50625,0.6735491156578064,31095.72063492062,32496.409523809532,0.13333333333333333,5182.620105820104,0.0,0.0,5416.068253968256,17480.844444444443,0.0,0.0,17001.4,2649.67208994709,17480.844444444443
185,ball_ball_2_20260605031048_0020.jpg,ball,ball,72.45,0.75,72.45,1305.0,0,slip,0.4515625,0.5979166666666667,0.2699967447916667,1.0069686411149825,0.51171875,0.5072916666666667,0.6701480150222778,26267.547222222216,26888.44444444444,0.13333333333333333,4377.924537037039,0.0,0.0,4481.40740740741,16050.577777777778,0.0,0.0,14272.4,2214.8329861111124,16050.577777777778
186,ball_ball_2_20260605031048_0020.jpg,ball,ball,72.44999999999999,0.83,72.44999999999999,1305.0,0,overforce,0.4515625,0.5979166666666667,0.2699967447916667,1.0069686411149825,0.51171875,0.5072916666666667,0.6701480150222778,36741.18692810456,36688.97385620915,0.13333333333333333,6123.531154684097,0.0,0.0,6114.8289760348625,19807.577777777777,0.0,0.0,19106.4,3059.59003267974,19807.577777777777
187,ball_ball_2_20260605031048_0020.jpg,ball,ball,72.44999999999999,0.8,72.44999999999999,1305.0,1,success,0.4515625,0.5979166666666667,0.2699967447916667,1.0069686411149825,0.51171875,0.5072916666666667,0.6701480150222778,30054.790643274846,34529.095906432754,0.16315789473684206,5009.131773879144,0.0,0.0,5754.849317738792,16897.844444444443,0.0,0.0,17669.4,2690.995272904484,17669.4
188,ball_ball_2_20260605031049_0021.jpg,ball,ball,72.44999999999999,0.85,72.44999999999999,1305.0,0,overforce,0.45,0.5979166666666667,0.2690625,1.0034843205574913,0.515625,0.5052083333333334,0.683576762676239,27063.019607843144,28978.303267973843,0.13333333333333333,4510.503267973854,0.0,0.0,4829.717211328974,14149.066666666668,0.0,0.0,19508.866666666665,2335.055119825707,19508.866666666665
189,ball_ball_2_20260605031049_0021.jpg,ball,ball,72.44999999999999,0.76,72.44999999999999,1305.0,0,slip,0.45,0.5979166666666667,0.2690625,1.0034843205574913,0.515625,0.5052083333333334,0.683576762676239,24583.624074074076,26321.69444444444,0.13055555555555554,4097.270679012345,0.0,0.0,4386.949074074075,15844.844444444445,0.0,0.0,15073.4,2121.054938271605,15844.844444444445
190,ball_ball_2_20260605031049_0021.jpg,ball,ball,72.44999999999999,0.81,72.44999999999999,1305.0,1,success,0.45,0.5979166666666667,0.2690625,1.0034843205574913,0.515625,0.5052083333333334,0.683576762676239,24180.29166666667,24421.39999999999,0.12499999999999999,4030.04861111111,0.0,0.0,4070.233333333332,14300.6,0.0,0.0,18230.866666666665,2025.0704861111105,18230.866666666665
191,ball_ball_2_20260605031051_0022.jpg,ball,ball,72.44999999999999,0.8,72.44999999999999,1305.0,1,success,0.45,0.5958333333333333,0.268125,1.006993006993007,0.5109375,0.50625,0.5840324759483337,22293.92549019608,28909.479738562088,0.13137254901960782,3715.6542483660123,0.0,0.0,4818.246623093681,12593.6,0.0,0.0,16481.866666666665,2133.4752178649233,16481.866666666665
192,ball_ball_2_20260605031052_0023.jpg,ball,ball,72.44999999999999,0.74,72.44999999999999,1305.0,0,slip,0.446875,0.5958333333333333,0.2662630208333333,1.0,0.5140625,0.50625,0.6522242426872253,9593.484567901238,9439.053703703701,0.05925925925925928,1598.9140946502064,0.0,0.0,1573.1756172839512,15515.577777777778,0.0,0.0,11516.044444444444,793.0224279835394,15515.577777777778
193,ball_ball_2_20260605031052_0023.jpg,ball,ball,72.44999999999999,0.82,72.44999999999999,1305.0,1,success,0.446875,0.5958333333333333,0.2662630208333333,1.0,0.5140625,0.50625,0.6522242426872253,48997.03680555559,46848.94999999999,0.25729166666666664,8166.172800925927,0.0,0.0,7808.158333333332,15900.577777777778,0.0,0.0,17639.4,3993.5827835648147,17639.4
194,ball_ball_2_20260605031055_0024.jpg,ball,ball,72.45,0.77,72.45,1305.0,0,slip,0.4484375,0.5958333333333333,0.2671940104166667,1.0034965034965035,0.51640625,0.50625,0.718979001045227,18764.722222222223,20155.504761904762,0.12142857142857144,3127.453703703703,0.0,0.0,3359.2507936507936,14369.577777777778,0.0,0.0,13913.4,1621.676124338624,14369.577777777778
195,ball_ball_2_20260605031055_0024.jpg,ball,ball,72.45,0.84,72.45,1305.0,0,overforce,0.4484375,0.5958333333333333,0.2671940104166667,1.0034965034965035,0.51640625,0.50625,0.718979001045227,50463.61830065361,42827.05620915032,0.23333333333333336,8410.60305010893,0.0,0.0,7137.842701525055,14911.6,0.0,0.0,18694.866666666665,3887.1114379084966,18694.866666666665
196,ball_ball_2_20260605031055_0024.jpg,ball,ball,72.44999999999999,0.83,72.44999999999999,1305.0,1,success,0.4484375,0.5958333333333333,0.2671940104166667,1.0034965034965035,0.51640625,0.50625,0.718979001045227,24168.87719298246,19307.077192982448,0.10000000000000003,4028.1461988304077,0.0,0.0,3217.846198830408,14397.066666666668,0.0,0.0,19347.866666666665,1811.4980994152038,19347.866666666665
197,ball_ball_2_20260605031100_0025.jpg,ball,ball,72.45,0.75,72.45,1305.0,0,slip,0.45625,0.5958333333333333,0.27184895833333333,1.020979020979021,0.515625,0.5145833333333333,0.3366515636444092,26682.772222222215,29068.294444444444,0.13333333333333333,4447.128703703706,0.0,0.0,4844.715740740745,18242.577777777777,0.0,0.0,15541.044444444444,2322.9611111111126,18242.577777777777
198,ball_ball_2_20260605031100_0025.jpg,ball,ball,72.44999999999999,0.85,72.44999999999999,1305.0,0,overforce,0.45625,0.5958333333333333,0.27184895833333333,1.020979020979021,0.515625,0.5145833333333333,0.3366515636444092,47340.3388888889,42442.95694444444,0.23333333333333336,7890.056481481479,0.0,0.0,7073.826157407409,13314.066666666668,0.0,0.0,18200.866666666665,3740.970659722222,18200.866666666665
199,ball_ball_2_20260605031100_0025.jpg,ball,ball,72.44999999999999,0.83,72.44999999999999,1305.0,1,success,0.45625,0.5958333333333333,0.27184895833333333,1.020979020979021,0.515625,0.5145833333333333,0.3366515636444092,50734.38888888891,55457.83888888889,0.26666666666666666,8455.731481481478,0.0,0.0,9242.97314814815,16309.577777777778,0.0,0.0,16106.4,4424.676157407407,16309.577777777778
200,ball_ball_2_20260605031102_0026.jpg,ball,ball,72.44999999999999,0.8,72.44999999999999,1305.0,1,success,0.4453125,0.6,0.2671875,0.9895833333333334,0.51171875,0.5104166666666666,0.5915125012397766,46659.92222222224,31025.711111111115,0.20000000000000007,7776.653703703701,0.0,0.0,5170.951851851852,13909.577777777778,0.0,0.0,16236.4,3236.901388888888,16236.4
201,ball_ball_2_20260605031104_0027.jpg,ball,ball,72.44999999999999,0.81,72.44999999999999,1305.0,1,success,0.440625,0.5979166666666667,0.26345703125,0.9825783972125436,0.50625,0.509375,0.6275037527084351,46533.13099415207,30771.635087719304,0.19649122807017552,7755.521832358671,0.0,0.0,5128.605847953218,16465.844444444443,0.0,0.0,16662.4,3221.0319200779722,16662.4
202,ball_ball_2_20260605031105_0028.jpg,ball,ball,72.44999999999999,0.81,72.44999999999999,1305.0,1,success,0.440625,0.5979166666666667,0.26345703125,0.9825783972125436,0.5078125,0.509375,0.6480343341827393,0.0,5234.370114942529,0.01954022988505747,0.0,0.0,0.0,872.3950191570882,0.0,0.0,0.0,10505.866666666667,218.09875478927205,10505.866666666667
203,ball_ball_2_20260605031107_0029.jpg,ball,ball,72.44999999999999,0.81,72.44999999999999,1305.0,1,success,0.440625,0.5979166666666667,0.26345703125,0.9825783972125436,0.5078125,0.509375,0.6077414155006409,16212.29565217391,17316.59516908213,0.06666666666666667,2702.0492753623184,0.0,0.0,2886.099194847022,16303.6,0.0,0.0,17481.37777777778,1397.037117552335,17481.37777777778
204,ball_ball_2_20260605031109_0030.jpg,ball,ball,72.44999999999999,0.82,72.44999999999999,1305.0,1,success,0.4421875,0.6,0.2653125,0.9826388888888888,0.50234375,0.5083333333333333,0.5824180245399475,19831.7918128655,20159.294736842112,0.06666666666666667,3305.298635477583,0.0,0.0,3359.8824561403517,19907.844444444443,0.0,0.0,20187.4,1666.2952729044837,20187.4
205,ball_ball_2_20260605031110_0031.jpg,ball,ball,72.44999999999999,0.83,72.44999999999999,1305.0,1,success,0.4421875,0.5979166666666667,0.2643912760416667,0.9860627177700348,0.50078125,0.5072916666666667,0.6145890355110168,47920.144444444464,41241.31111111111,0.23333333333333334,7986.690740740737,0.0,0.0,6873.551851851853,13938.844444444445,0.0,0.0,17391.866666666665,3715.0606481481473,17391.866666666665
206,ball_ball_2_20260605031112_0032.jpg,ball,ball,72.45,0.77,72.45,1305.0,1,success,0.4625,0.5958333333333333,0.27557291666666667,1.034965034965035,0.490625,0.50625,0.331513375043869,34249.604040404025,31143.580808080816,0.13333333333333333,5708.267340067341,0.0,0.0,5190.596801346806,17558.577777777777,0.0,0.0,18173.4,2724.716035353537,18173.4
207,ball_ball_2_20260605031113_0033.jpg,ball,ball,72.44999999999999,0.78,72.44999999999999,1305.0,0,slip,0.4625,0.5958333333333333,0.27557291666666667,1.034965034965035,0.490625,0.50625,0.4231875240802765,0.0,3760.5641025641025,0.01282051282051282,0.0,0.0,0.0,626.7606837606838,0.0,0.0,0.0,10434.866666666667,156.69017094017096,10434.866666666667
208,ball_ball_2_20260605031113_0033.jpg,ball,ball,72.44999999999999,0.78,72.44999999999999,1305.0,1,success,0.4625,0.5958333333333333,0.27557291666666667,1.034965034965035,0.490625,0.50625,0.4231875240802765,25758.71633986928,28434.852287581707,0.14901960784313723,4293.119389978216,0.0,0.0,4739.1420479302815,13734.844444444445,0.0,0.0,15505.4,2258.0653594771243,15505.4
209,ball_ball_2_20260605031115_0034.jpg,ball,ball,72.44999999999999,0.82,72.44999999999999,1305.0,1,success,0.44375,0.5979166666666667,0.26532552083333333,0.9895470383275261,0.4953125,0.5052083333333334,0.4836729168891907,47954.73055555558,32905.85000000001,0.19861111111111118,7992.455092592589,0.0,0.0,5484.308333333336,16063.844444444445,0.0,0.0,16648.4,3369.190856481481,16648.4
210,ball_ball_2_20260605031116_0035.jpg,ball,ball,72.44999999999999,0.83,72.44999999999999,1305.0,1,success,0.4625,0.5958333333333333,0.27557291666666667,1.034965034965035,0.490625,0.50625,0.456664115190506,46565.089682539714,33871.01666666664,0.19404761904761916,7760.848280423279,0.0,0.0,5645.169444444448,16388.844444444443,0.0,0.0,17809.866666666665,3351.504431216932,17809.866666666665
211,ball_ball_2_20260605031118_0036.jpg,ball,ball,72.44999999999999,0.82,72.44999999999999,1305.0,1,success,0.4640625,0.5958333333333333,0.27650390625,1.0384615384615385,0.49296875,0.50625,0.38759690523147583,47524.213526570056,36571.96618357489,0.1666666666666666,5580.541384863125,1560.1072463768116,0.0,6095.327697262485,20047.577777777777,14278.4,0.0,19016.044444444444,3308.9940821256055,20047.577777777777
212,ball_ball_2_20260605031119_0037.jpg,ball,ball,72.44999999999999,0.82,72.44999999999999,1305.0,1,success,0.4640625,0.5958333333333333,0.27650390625,1.0384615384615385,0.49140625,0.50625,0.41119784116744995,50106.60522875818,60223.23529411767,0.2862745098039215,4388.215904139433,2641.923311546841,1752.4493827160495,7408.53180827887,15847.577777777778,17035.4,15891.044444444444,16097.044444444444,4047.780101670299,17035.4
213,ball_ball_2_20260605031121_0038.jpg,ball,ball,72.44999999999999,0.81,72.44999999999999,1305.0,1,success,0.44375,0.5958333333333333,0.26440104166666667,0.993006993006993,0.4984375,0.5041666666666667,0.35773491859436035,53171.36068376066,51977.950427350406,0.20000000000000007,5869.102421652421,1995.194017094018,1876.0818613485292,5848.868945868951,18564.577777777777,18021.4,16970.044444444444,19561.4,3897.31181149098,19561.4
214,ball_ball_2_20260605031123_0039.jpg,ball,ball,72.44999999999999,0.81,72.44999999999999,1305.0,1,success,0.446875,0.5958333333333333,0.2662630208333333,1.0,0.4984375,0.50625,0.33288657665252686,37003.92222222221,34498.55555555556,0.13333333333333333,6167.320370370371,0.0,0.0,5749.759259259264,19145.577777777777,0.0,0.0,19192.4,2979.269907407409,19192.4
215,ball_ball_2_20260605031126_0040.jpg,ball,ball,72.44999999999999,0.8,72.44999999999999,1305.0,1,success,0.4453125,0.5958333333333333,0.26533203125,0.9965034965034965,0.49765625,0.5041666666666667,0.49653661251068115,20373.42666666666,27409.412222222214,0.13333333333333341,3395.5711111111077,0.0,65.04191358024691,4470.672499999999,10941.066666666668,0.0,11762.044444444444,16813.866666666665,1982.8213811728383,16813.866666666665
216,ball_ball_2_20260605031128_0041.jpg,ball,ball,72.44999999999999,0.78,72.44999999999999,1305.0,1,success,0.440625,0.5916666666666667,0.260703125,0.9929577464788732,0.5140625,0.5020833333333333,0.8417774438858032,25812.48253968254,27002.766666666666,0.13333333333333333,4302.080423280424,0.0,0.0,4500.461111111111,15726.844444444445,0.0,0.0,14267.4,2200.6353835978834,15726.844444444445
217,ball_ball_2_20260605031130_0042.jpg,ball,ball,72.44999999999999,0.82,72.44999999999999,1305.0,1,success,0.4578125,0.59375,0.271826171875,1.0280701754385966,0.49765625,0.5072916666666667,0.8830885887145996,27367.154589371978,28723.875362318828,0.13478260869565215,4561.192431561995,0.0,0.0,4787.312560386475,13897.844444444445,0.0,0.0,17819.866666666665,2337.1262479871175,17819.866666666665
218,ball_ball_2_20260605031131_0043.jpg,ball,ball,72.45,0.79,72.45,1305.0,0,slip,0.453125,0.59375,0.26904296875,1.0175438596491229,0.496875,0.503125,0.665494441986084,5385.015384615385,10115.237606837607,0.04871794871794872,897.5025641025641,0.0,0.0,1685.8729344729345,10093.6,0.0,0.0,14236.866666666667,645.8438746438746,14236.866666666667
219,ball_ball_2_20260605031131_0043.jpg,ball,ball,72.45,0.79,72.45,1305.0,1,success,0.453125,0.59375,0.26904296875,1.0175438596491229,0.496875,0.503125,0.665494441986084,35176.92222222221,32122.50694444444,0.13333333333333333,5862.820370370372,0.0,0.0,5353.7511574074115,17904.844444444443,0.0,0.0,18549.4,2804.142881944446,18549.4
220,ball_ball_2_20260605031133_0044.jpg,ball,ball,72.45,0.72,72.45,1305.0,0,slip,0.4484375,0.5979166666666667,0.26812825520833333,1.0,0.49453125,0.5010416666666667,0.8539015054702759,14059.320987654324,5793.437037037037,0.05925925925925926,2343.220164609054,0.0,0.0,965.5728395061728,13557.577777777778,0.0,0.0,13422.4,827.1982510288067,13557.577777777778
221,ball_ball_2_20260605031133_0044.jpg,ball,ball,72.44999999999999,0.85,72.44999999999999,1305.0,0,overforce,0.4484375,0.5979166666666667,0.26812825520833333,1.0,0.49453125,0.5010416666666667,0.8539015054702759,59349.82614379085,38180.326797385635,0.20196078431372552,5350.295860566451,3027.561220043573,2030.9657225853305,3316.939215686275,18906.844444444443,17326.4,18168.044444444444,20037.4,3431.4405047204073,20037.4
222,ball_ball_2_20260605031133_0044.jpg,ball,ball,72.44999999999999,0.78,72.44999999999999,1305.0,1,success,0.4484375,0.5979166666666667,0.26812825520833333,1.0,0.49453125,0.5010416666666667,0.8539015054702759,18521.369444444448,35489.49583333333,0.19375000000000003,3086.8949074074067,0.0,0.0,5914.915972222225,11005.577777777778,0.0,0.0,10742.377777777778,2250.4527199074078,11005.577777777778
223,ball_ball_2_20260605031134_0045.jpg,ball,ball,72.45,0.79,72.45,1305.0,1,success,0.45625,0.5979166666666667,0.2727994791666667,1.0174216027874565,0.4984375,0.5052083333333334,0.8718204498291016,25049.466666666667,27465.48888888889,0.13333333333333333,4174.9111111111115,0.0,0.0,4577.581481481481,14996.844444444445,0.0,0.0,14097.4,2188.123148148148,14996.844444444445
224,ball_ball_2_20260605031138_0046.jpg,ball,ball,72.44999999999999,0.8,72.44999999999999,1305.0,1,success,0.440625,0.5958333333333333,0.2625390625,0.986013986013986,0.525,0.5020833333333333,0.8679521679878235,25097.522222222222,29126.822222222218,0.13333333333333333,4182.920370370371,0.0,0.0,4854.47037037037,13334.844444444445,0.0,0.0,16989.866666666665,2259.347685185185,16989.866666666665
225,ball_ball_2_20260605031140_0047.jpg,ball,ball,72.44999999999999,0.81,72.44999999999999,1305.0,1,success,0.4515625,0.59375,0.268115234375,1.0140350877192983,0.52734375,0.5010416666666667,0.8756148815155029,37047.27843137255,31917.854901960785,0.16470588235294117,6174.546405228759,0.0,0.0,5319.642483660131,16286.844444444445,0.0,0.0,16291.866666666667,2873.5472222222224,16291.866666666667
226,ball_ball_2_20260605031141_0048.jpg,ball,ball,72.44999999999999,0.83,72.44999999999999,1305.0,1,success,0.434375,0.5958333333333333,0.25881510416666664,0.972027972027972,0.5453125,0.5083333333333333,0.8016178607940674,52651.274603174636,33404.81428571429,0.1984126984126985,8775.212433862438,0.0,0.0,5567.469047619047,18155.844444444443,0.0,0.0,18559.4,3585.6703703703715,18559.4
227,ball_ball_2_20260605031143_0049.jpg,ball,ball,72.44999999999999,0.82,72.44999999999999,1305.0,1,success,0.43125,0.5979166666666667,0.2578515625,0.9616724738675958,0.5453125,0.5052083333333334,0.6387611031532288,21424.37647058823,28518.773856209147,0.11764705882352941,3570.7294117647057,0.0,0.0,4753.128976034857,17302.6,0.0,0.0,16981.37777777778,2080.9645969498906,17302.6
228,ball_ball_3_20260605031233_0000.jpg,ball,ball,72.44999999999999,0.8,72.44999999999999,1305.0,0,slip,0.44375,0.6041666666666666,0.26809895833333336,0.9793103448275862,0.509375,0.5083333333333333,0.5810091495513916,6584.573015873014,7427.7619047619055,0.04642857142857142,1097.4288359788357,0.0,0.0,1237.9603174603176,12280.844444444445,0.0,0.0,10860.866666666667,583.8472883597883,12280.844444444445
229,ball_ball_3_20260605031233_0000.jpg,ball,ball,72.44999999999999,0.81,72.44999999999999,1305.0,0,slip,0.44375,0.6041666666666666,0.26809895833333336,0.9793103448275862,0.509375,0.5083333333333333,0.5810091495513916,17050.77301587301,16544.328571428567,0.06666666666666667,2841.7955026455015,0.0,0.0,2757.3880952380946,17297.844444444443,0.0,0.0,16720.4,1399.795899470899,17297.844444444443
230,ball_ball_3_20260605031233_0000.jpg,ball,ball,72.44999999999999,0.82,72.44999999999999,1305.0,0,slip,0.44375,0.6041666666666666,0.26809895833333336,0.9793103448275862,0.509375,0.5083333333333333,0.5810091495513916,17870.46944444444,17678.087499999998,0.06666666666666667,2978.411574074073,0.0,0.0,2946.347916666666,17998.844444444443,0.0,0.0,17908.4,1481.1898726851848,17998.844444444443
231,ball_ball_3_20260605031233_0000.jpg,ball,ball,72.44999999999999,0.83,72.44999999999999,1305.0,0,slip,0.44375,0.6041666666666666,0.26809895833333336,0.9793103448275862,0.509375,0.5083333333333333,0.5810091495513916,15337.087581699345,20825.283660130717,0.11176470588235295,2556.1812636165573,0.0,0.0,3470.8806100217853,13801.577777777778,0.0,0.0,13620.866666666667,1506.7654684095855,13801.577777777778
232,ball_ball_3_20260605031233_0000.jpg,ball,ball,72.45,0.9,72.45,1305.0,0,overforce,0.44375,0.6041666666666666,0.26809895833333336,0.9793103448275862,0.509375,0.5083333333333333,0.5810091495513916,53058.134343434365,40685.121212121216,0.22727272727272732,8843.022390572385,0.0,0.0,6780.853535353536,17164.844444444443,0.0,0.0,17031.866666666665,3905.96898148148,17164.844444444443
233,ball_ball_3_20260605031233_0000.jpg,ball,ball,72.44999999999999,0.91,72.44999999999999,1305.0,0,overforce,0.44375,0.6041666666666666,0.26809895833333336,0.9793103448275862,0.509375,0.5083333333333333,0.5810091495513916,33200.988034188034,32298.266666666663,0.13333333333333333,5533.498005698006,0.0,0.0,5383.044444444444,17434.844444444443,0.0,0.0,18946.866666666665,2729.1356125356124,18946.866666666665
234,ball_ball_3_20260605031233_0000.jpg,ball,ball,72.45,0.92,72.45,1305.0,0,overforce,0.44375,0.6041666666666666,0.26809895833333336,0.9793103448275862,0.509375,0.5083333333333333,0.5810091495513916,27219.89037037037,37117.17777777778,0.16444444444444445,4536.6483950617285,0.0,0.0,6186.196296296297,19035.6,0.0,0.0,17979.37777777778,2680.7111728395066,19035.6
235,ball_ball_3_20260605031233_0000.jpg,ball,ball,72.45,0.84,72.45,1305.0,1,success,0.44375,0.6041666666666666,0.26809895833333336,0.9793103448275862,0.509375,0.5083333333333333,0.5810091495513916,32031.666666666668,31586.886111111115,0.2,5338.611111111111,0.0,0.0,5264.481018518519,11596.577777777778,0.0,0.0,15440.866666666667,2650.7730324074073,15440.866666666667
236,ball_ball_3_20260605031234_0001.jpg,ball,ball,72.44999999999999,0.8,72.44999999999999,1305.0,0,slip,0.4453125,0.6041666666666666,0.26904296875,0.9827586206896551,0.50546875,0.5083333333333333,0.578392744064331,0.0,1612.5733333333333,0.006666666666666666,0.0,0.0,0.0,268.76222222222225,0.0,0.0,0.0,8089.866666666667,67.19055555555556,8089.866666666667
237,ball_ball_3_20260605031234_0001.jpg,ball,ball,72.45,0.92,72.45,1305.0,0,overforce,0.4453125,0.6041666666666666,0.26904296875,0.9827586206896551,0.50546875,0.5083333333333333,0.578392744064331,30235.58333333334,33668.6611111111,0.13333333333333333,5039.263888888889,0.0,0.0,5611.4435185185175,16114.6,0.0,0.0,19945.866666666665,2662.6768518518516,19945.866666666665
238,ball_ball_3_20260605031234_0001.jpg,ball,ball,72.45,0.86,72.45,1305.0,1,success,0.4453125,0.6041666666666666,0.26904296875,0.9827586206896551,0.50546875,0.5083333333333333,0.578392744064331,28200.86349206349,28371.647619047613,0.13333333333333333,4700.143915343914,0.0,0.0,4728.607936507938,14845.066666666668,0.0,0.0,17949.866666666665,2357.187962962963,17949.866666666665
239,ball_ball_3_20260605031236_0002.jpg,ball,ball,72.44999999999999,0.83,72.44999999999999,1305.0,0,slip,0.4453125,0.6041666666666666,0.26904296875,0.9827586206896551,0.50859375,0.5083333333333333,0.6348810195922852,12204.650000000001,16572.283333333333,0.06666666666666667,2034.1083333333336,0.0,0.0,2762.047222222222,12590.066666666668,0.0,0.0,16683.866666666665,1199.0388888888888,16683.866666666665
240,ball_ball_3_20260605031236_0002.jpg,ball,ball,72.45,0.92,72.45,1305.0,0,overforce,0.4453125,0.6041666666666666,0.26904296875,0.9827586206896551,0.50859375,0.5083333333333333,0.6348810195922852,32271.549019607846,31822.656209150315,0.13333333333333333,5378.591503267972,0.0,0.0,5303.776034858387,16784.6,0.0,0.0,19981.866666666665,2670.59188453159,19981.866666666665
241,ball_ball_3_20260605031236_0002.jpg,ball,ball,72.45,0.88,72.45,1305.0,1,success,0.4453125,0.6041666666666666,0.26904296875,0.9827586206896551,0.50859375,0.5083333333333333,0.6348810195922852,27074.490196078437,33294.42091503268,0.13333333333333333,4512.415032679736,0.0,0.0,5549.070152505446,17438.6,0.0,0.0,17324.37777777778,2515.3712962962954,17438.6
242,ball_ball_3_20260605031238_0003.jpg,ball,ball,72.44999999999999,0.82,72.44999999999999,1305.0,0,slip,0.4453125,0.6020833333333333,0.268115234375,0.986159169550173,0.50703125,0.5072916666666667,0.5064812302589417,8030.493333333336,21486.644444444446,0.0977777777777778,1338.415555555556,0.0,0.0,3581.1074074074068,8816.6,0.0,0.0,11236.377777777778,1229.8807407407407,11236.377777777778
243,ball_ball_3_20260605031238_0003.jpg,ball,ball,72.45,0.92,72.45,1305.0,0,overforce,0.4453125,0.6020833333333333,0.268115234375,0.986159169550173,0.50703125,0.5072916666666667,0.5064812302589417,30951.94285714285,31557.6126984127,0.16666666666666666,5158.657142857143,0.0,0.0,5259.602116402113,12638.066666666668,0.0,0.0,18575.866666666665,2604.564814814814,18575.866666666665
244,ball_ball_3_20260605031238_0003.jpg,ball,ball,72.45,0.88,72.45,1305.0,1,success,0.4453125,0.6020833333333333,0.268115234375,0.986159169550173,0.50703125,0.5072916666666667,0.5064812302589417,14442.1380952381,18451.009523809524,0.06666666666666667,2407.023015873017,0.0,0.0,3075.168253968254,14500.066666666668,0.0,0.0,18586.866666666665,1370.5478174603177,18586.866666666665
245,ball_ball_3_20260605031239_0004.jpg,ball,ball,72.44999999999999,0.81,72.44999999999999,1305.0,0,slip,0.4453125,0.6041666666666666,0.26904296875,0.9827586206896551,0.51015625,0.5083333333333333,0.6603639721870422,0.0,8555.866666666667,0.03333333333333333,0.0,0.0,0.0,1425.9777777777779,0.0,0.0,0.0,8809.866666666667,356.49444444444447,8809.866666666667
246,ball_ball_3_20260605031239_0004.jpg,ball,ball,72.45,0.86,72.45,1305.0,1,success,0.4453125,0.6041666666666666,0.26904296875,0.9827586206896551,0.51015625,0.5083333333333333,0.6603639721870422,0.0,11835.576388888885,0.03333333333333333,0.0,0.0,0.0,1972.596064814814,0.0,0.0,0.0,12102.888888888889,493.1490162037035,12102.888888888889
247,ball_ball_3_20260605031241_0005.jpg,ball,ball,72.44999999999999,0.81,72.44999999999999,1305.0,0,slip,0.446875,0.6020833333333333,0.2690559895833333,0.9896193771626297,0.5078125,0.5052083333333334,0.6342316269874573,16126.911111111107,14561.933333333329,0.06666666666666667,2687.818518518518,0.0,0.0,2426.988888888888,16235.844444444445,0.0,0.0,14660.4,1278.7018518518516,16235.844444444445
248,ball_ball_3_20260605031241_0005.jpg,ball,ball,72.44999999999999,0.91,72.44999999999999,1305.0,0,overforce,0.446875,0.6020833333333333,0.2690559895833333,0.9896193771626297,0.5078125,0.5052083333333334,0.6342316269874573,14244.508333333333,18093.451388888883,0.06666666666666667,2374.0847222222224,0.0,0.0,3015.5752314814804,14321.133333333333,0.0,0.0,18122.88888888889,1347.4149884259257,18122.88888888889
249,ball_ball_3_20260605031241_0005.jpg,ball,ball,72.45,0.88,72.45,1305.0,1,success,0.446875,0.6020833333333333,0.2690559895833333,0.9896193771626297,0.5078125,0.5052083333333334,0.6342316269874573,24992.882882882874,19941.596396396395,0.10000000000000005,4165.480480480476,0.0,0.0,3323.5993993993993,14516.066666666668,0.0,0.0,20002.866666666665,1872.2699699699688,20002.866666666665
250,ball_ball_3_20260605031242_0006.jpg,ball,ball,72.44999999999999,0.8,72.44999999999999,1305.0,0,slip,0.446875,0.6020833333333333,0.2690559895833333,0.9896193771626297,0.5109375,0.5052083333333334,0.6626971960067749,0.0,2689.1222222222223,0.01111111111111111,0.0,0.0,0.0,448.1870370370371,0.0,0.0,0.0,8142.866666666667,112.04675925925928,8142.866666666667
251,ball_ball_3_20260605031242_0006.jpg,ball,ball,72.45,0.9,72.45,1305.0,0,overforce,0.446875,0.6020833333333333,0.2690559895833333,0.9896193771626297,0.5109375,0.5052083333333334,0.6626971960067749,22833.31111111112,31919.14444444445,0.13333333333333333,3805.5518518518534,0.0,0.0,5319.857407407405,13337.066666666668,0.0,0.0,17375.866666666665,2281.3523148148147,17375.866666666665
252,ball_ball_3_20260605031242_0006.jpg,ball,ball,72.45,0.54,72.45,1305.0,0,fail,0.446875,0.6020833333333333,0.2690559895833333,0.9896193771626297,0.5109375,0.5052083333333334,0.6626971960067749,0.0,0.0,0.0,0.0,0.0,0.0,0.0,0.0,0.0,0.0,0.0,0.0,0.0
253,ball_ball_3_20260605031242_0006.jpg,ball,ball,72.45,0.84,72.45,1305.0,1,success,0.446875,0.6020833333333333,0.2690559895833333,0.9896193771626297,0.5109375,0.5052083333333334,0.6626971960067749,15102.797435897426,17135.07179487181,0.06666666666666668,2517.1329059829045,0.0,0.0,2855.8452991453014,15267.066666666668,0.0,0.0,17581.866666666665,1343.2445512820514,17581.866666666665
254,ball_ball_3_20260605031244_0007.jpg,ball,ball,72.44999999999999,0.81,72.44999999999999,1305.0,0,slip,0.446875,0.6041666666666666,0.26998697916666664,0.9862068965517241,0.509375,0.50625,0.7033142447471619,12162.662626262627,20150.084848484847,0.09999999999999999,2027.110437710438,0.0,0.0,3358.3474747474747,12528.844444444445,0.0,0.0,10850.866666666667,1346.364478114478,12528.844444444445
255,ball_ball_3_20260605031244_0007.jpg,ball,ball,72.45,0.9,72.45,1305.0,0,overforce,0.446875,0.6041666666666666,0.26998697916666664,0.9862068965517241,0.509375,0.50625,0.7033142447471619,33682.482539682525,35471.838095238076,0.13333333333333333,5613.747089947088,0.0,0.0,5911.973015873017,17799.844444444443,0.0,0.0,18518.866666666665,2881.4300264550266,18518.866666666665
256,ball_ball_3_20260605031244_0007.jpg,ball,ball,72.45,0.88,72.45,1305.0,1,success,0.446875,0.6041666666666666,0.26998697916666664,0.9862068965517241,0.509375,0.50625,0.7033142447471619,26556.88838383835,34170.67979797979,0.14772727272727282,4426.148063973059,0.0,0.0,5695.1132996633005,14431.066666666668,0.0,0.0,18370.866666666665,2530.31534090909,18370.866666666665
257,ball_ball_3_20260605031245_0008.jpg,ball,ball,72.44999999999999,0.81,72.44999999999999,1305.0,0,slip,0.4453125,0.6041666666666666,0.26904296875,0.9827586206896551,0.50859375,0.50625,0.7159708738327026,5343.791666666667,12316.241666666667,0.05416666666666666,890.6319444444445,0.0,0.0,2052.7069444444446,8777.066666666668,0.0,0.0,12917.866666666667,735.8347222222222,12917.866666666667
258,ball_ball_3_20260605031245_0008.jpg,ball,ball,72.45,0.92,72.45,1305.0,0,overforce,0.4453125,0.6041666666666666,0.26904296875,0.9827586206896551,0.50859375,0.50625,0.7159708738327026,31334.121212121212,35956.33535353534,0.13333333333333333,5222.353535353535,0.0,0.0,5992.722558922558,17959.6,0.0,0.0,18870.866666666665,2803.7690235690234,18870.866666666665
259,ball_ball_3_20260605031245_0008.jpg,ball,ball,72.45,0.88,72.45,1305.0,1,success,0.4453125,0.6041666666666666,0.26904296875,0.9827586206896551,0.50859375,0.50625,0.7159708738327026,50687.562573099436,49588.050292397675,0.2614035087719298,8447.927095516565,0.0,0.0,8264.675048732948,14986.6,0.0,0.0,17714.866666666665,4178.150536062378,17714.866666666665
260,ball_ball_3_20260605031247_0009.jpg,ball,ball,72.44999999999999,0.82,72.44999999999999,1305.0,0,slip,0.446875,0.6020833333333333,0.2690559895833333,0.9896193771626297,0.503125,0.5052083333333334,0.5745660066604614,0.0,7147.506666666666,0.02333333333333333,0.0,0.0,0.0,1191.2511111111112,0.0,0.0,0.0,10505.866666666667,297.8127777777778,10505.866666666667
261,ball_ball_3_20260605031247_0009.jpg,ball,ball,72.44999999999999,0.81,72.44999999999999,1305.0,0,slip,0.446875,0.6020833333333333,0.2690559895833333,0.9896193771626297,0.503125,0.5052083333333334,0.5745660066604614,4047.3333333333335,8606.106666666667,0.039999999999999994,674.5555555555555,0.0,0.0,1434.351111111111,8145.066666666667,0.0,0.0,12636.866666666667,527.2266666666667,12636.866666666667
262,ball_ball_3_20260605031247_0009.jpg,ball,ball,72.44999999999999,0.91,72.44999999999999,1305.0,0,overforce,0.446875,0.6020833333333333,0.2690559895833333,0.9896193771626297,0.503125,0.5052083333333334,0.5745660066604614,56876.24273504274,63673.61196581197,0.26666666666666666,9479.373789173787,0.0,0.0,10612.268660968664,15926.844444444445,0.0,0.0,17078.4,5022.910612535613,17078.4
263,ball_ball_3_20260605031247_0009.jpg,ball,ball,72.45,0.84,72.45,1305.0,1,success,0.446875,0.6020833333333333,0.2690559895833333,0.9896193771626297,0.503125,0.5052083333333334,0.5745660066604614,23660.141880341882,29236.497435897436,0.13333333333333333,3943.3569800569803,0.0,0.0,4872.749572649572,13238.844444444445,0.0,0.0,16311.866666666667,2204.026638176638,16311.866666666667
264,ball_ball_3_20260605031248_0010.jpg,ball,ball,72.44999999999999,0.83,72.44999999999999,1305.0,0,slip,0.459375,0.6020833333333333,0.27658203125,1.0173010380622838,0.5078125,0.5052083333333334,0.5525594353675842,7984.595555555556,15982.466666666667,0.06444444444444444,1330.765925925926,0.0,0.0,2663.7444444444445,9149.066666666668,0.0,0.0,16438.866666666665,998.6275925925927,16438.866666666665
265,ball_ball_3_20260605031248_0010.jpg,ball,ball,72.44999999999999,0.91,72.44999999999999,1305.0,0,overforce,0.459375,0.6020833333333333,0.27658203125,1.0173010380622838,0.5078125,0.5052083333333334,0.5525594353675842,45887.944444444445,33305.338888888895,0.19999999999999998,7647.990740740741,0.0,0.0,5550.889814814811,12227.6,0.0,0.0,17733.866666666665,3299.720138888888,17733.866666666665
266,ball_ball_3_20260605031248_0010.jpg,ball,ball,72.45,0.86,72.45,1305.0,1,success,0.459375,0.6020833333333333,0.27658203125,1.0173010380622838,0.5078125,0.5052083333333334,0.5525594353675842,13481.56111111111,13973.788888888881,0.06666666666666667,2246.9268518518516,0.0,0.0,2328.9648148148135,13645.31111111111,0.0,0.0,14063.888888888889,1143.9729166666662,14063.888888888889
267,ball_ball_3_20260605031250_0011.jpg,ball,ball,72.44999999999999,0.82,72.44999999999999,1305.0,0,slip,0.4609375,0.6041666666666666,0.2784830729166667,1.0172413793103448,0.51015625,0.5041666666666667,0.5369857549667358,0.0,5274.0060606060615,0.02121212121212121,0.0,0.0,0.0,879.0010101010103,0.0,0.0,0.0,8648.866666666667,219.75025252525256,8648.866666666667
268,ball_ball_3_20260605031250_0011.jpg,ball,ball,72.45,0.9,72.45,1305.0,0,overforce,0.4609375,0.6041666666666666,0.2784830729166667,1.0172413793103448,0.51015625,0.5041666666666667,0.5369857549667358,16616.06111111111,28676.355555555565,0.09999999999999999,2769.343518518518,0.0,0.0,4779.392592592591,16723.31111111111,0.0,0.0,15398.888888888889,1887.1840277777774,16723.31111111111
269,ball_ball_3_20260605031250_0011.jpg,ball,ball,72.45,0.88,72.45,1305.0,1,success,0.4609375,0.6041666666666666,0.2784830729166667,1.0172413793103448,0.51015625,0.5041666666666667,0.5369857549667358,22768.437426900586,23599.702923976613,0.13333333333333333,3794.7395711500976,0.0,0.0,3933.283820662765,13116.6,0.0,0.0,12481.866666666667,1932.0058479532156,13116.6
270,ball_ball_3_20260605031302_0012.jpg,ball,ball,72.44999999999999,0.8,72.44999999999999,1305.0,0,slip,0.446875,0.5958333333333333,0.2662630208333333,1.0,0.5078125,0.5083333333333333,0.27179253101348877,19698.187878787885,12139.763636363634,0.09696969696969697,3283.0313131313123,0.0,0.0,2023.293939393939,12105.844444444445,0.0,0.0,12426.4,1326.5813131313128,12426.4
271,ball_ball_3_20260605031302_0012.jpg,ball,ball,72.45,0.9,72.45,1305.0,0,overforce,0.446875,0.5958333333333333,0.2662630208333333,1.0,0.5078125,0.5083333333333333,0.27179253101348877,36039.37333333332,54689.40000000002,0.23111111111111116,6006.562222222222,0.0,0.0,9114.899999999996,15186.6,0.0,0.0,16366.866666666667,3780.3655555555542,16366.866666666667
272,ball_ball_3_20260605031302_0012.jpg,ball,ball,72.44999999999999,0.85,72.44999999999999,1305.0,1,success,0.446875,0.5958333333333333,0.2662630208333333,1.0,0.5078125,0.5083333333333333,0.27179253101348877,44885.50643274856,49479.32046783627,0.2649122807017543,7480.91773879142,0.0,0.0,8246.553411306046,12691.6,0.0,0.0,15373.866666666667,3931.8677875243666,15373.866666666667
273,ball_ball_3_20260605031303_0013.jpg,ball,ball,72.44999999999999,0.83,72.44999999999999,1305.0,0,slip,0.4484375,0.5958333333333333,0.2671940104166667,1.0034965034965035,0.51171875,0.5083333333333333,0.35922056436538696,13643.866666666667,16347.15238095238,0.08333333333333334,2273.977777777779,0.0,0.0,2724.525396825397,9669.066666666668,0.0,0.0,16385.866666666665,1249.625793650794,16385.866666666665
274,ball_ball_3_20260605031303_0013.jpg,ball,ball,72.45,0.92,72.45,1305.0,0,overforce,0.4484375,0.5958333333333333,0.2671940104166667,1.0034965034965035,0.51171875,0.5083333333333333,0.35922056436538696,25512.67521367521,18957.658119658117,0.1,4252.112535612537,0.0,0.0,3159.609686609686,16268.133333333333,0.0,0.0,18982.88888888889,1852.9305555555557,18982.88888888889
275,ball_ball_3_20260605031303_0013.jpg,ball,ball,72.45,0.87,72.45,1305.0,1,success,0.4484375,0.5958333333333333,0.2671940104166667,1.0034965034965035,0.51171875,0.5083333333333333,0.35922056436538696,24512.863492063494,18800.212698412706,0.13333333333333333,4085.477248677249,0.0,0.0,3133.368783068783,13343.6,0.0,0.0,9906.888888888889,1804.711507936508,13343.6
276,ball_ball_3_20260605031305_0014.jpg,ball,ball,72.44999999999999,0.83,72.44999999999999,1305.0,0,slip,0.4515625,0.5958333333333333,0.2690559895833333,1.0104895104895104,0.51484375,0.5083333333333333,0.29660919308662415,4728.433333333333,14817.199999999999,0.05277777777777778,788.0722222222222,0.0,0.0,2469.5333333333333,8138.6,0.0,0.0,14932.866666666667,814.4013888888888,14932.866666666667
277,ball_ball_3_20260605031305_0014.jpg,ball,ball,72.44999999999999,0.91,72.44999999999999,1305.0,0,overforce,0.4515625,0.5958333333333333,0.2690559895833333,1.0104895104895104,0.51484375,0.5083333333333333,0.29660919308662415,17256.59487179487,19292.81196581196,0.06666666666666667,2876.099145299145,0.0,0.0,3215.4686609686605,17326.133333333335,0.0,0.0,19331.88888888889,1522.8919515669513,19331.88888888889
278,ball_ball_3_20260605031305_0014.jpg,ball,ball,72.45,0.88,72.45,1305.0,1,success,0.4515625,0.5958333333333333,0.2690559895833333,1.0104895104895104,0.51484375,0.5083333333333333,0.29660919308662415,18489.03222222222,17044.638888888883,0.09333333333333337,3081.5053703703725,0.0,0.0,2840.773148148147,11918.133333333333,0.0,0.0,17173.88888888889,1480.5696296296298,17173.88888888889
279,ball_ball_3_20260605031308_0015.jpg,ball,ball,72.44999999999999,0.81,72.44999999999999,1305.0,0,slip,0.4515625,0.59375,0.268115234375,1.0140350877192983,0.51484375,0.509375,0.26249390840530396,0.0,1349.1462962962962,0.005555555555555556,0.0,0.0,0.0,224.8577160493827,0.0,0.0,0.0,8098.377777777778,56.214429012345676,8098.377777777778
280,ball_ball_3_20260605031308_0015.jpg,ball,ball,72.45,0.9,72.45,1305.0,0,overforce,0.4515625,0.59375,0.268115234375,1.0140350877192983,0.51484375,0.509375,0.26249390840530396,29379.00202020202,39192.163636363635,0.1909090909090909,4896.500336700337,0.0,0.0,6532.027272727271,15107.31111111111,0.0,0.0,12702.888888888889,2857.131902356902,15107.31111111111
281,ball_ball_3_20260605031308_0015.jpg,ball,ball,72.44999999999999,0.85,72.44999999999999,1305.0,1,success,0.4515625,0.59375,0.268115234375,1.0140350877192983,0.51484375,0.509375,0.26249390840530396,0.0,10303.088888888884,0.03333333333333333,0.0,0.0,0.0,1717.181481481481,0.0,0.0,0.0,10530.888888888889,429.2953703703702,10530.888888888889
282,ball_ball_3_20260605031311_0016.jpg,ball,ball,72.44999999999999,0.81,72.44999999999999,1305.0,0,slip,0.4484375,0.5958333333333333,0.2671940104166667,1.0034965034965035,0.52109375,0.5083333333333333,0.3534105718135834,2787.9333333333334,3116.525925925926,0.02222222222222222,464.65555555555557,0.0,0.0,519.420987654321,8860.6,0.0,0.0,10053.377777777778,246.01913580246915,10053.377777777778
283,ball_ball_3_20260605031311_0016.jpg,ball,ball,72.45,0.92,72.45,1305.0,0,overforce,0.4484375,0.5958333333333333,0.2671940104166667,1.0034965034965035,0.52109375,0.5083333333333333,0.3534105718135834,18170.596078431365,20093.454901960777,0.06666666666666667,3028.4326797385606,0.0,0.0,3348.9091503267964,18270.066666666666,0.0,0.0,20189.866666666665,1594.3354575163394,20189.866666666665
284,ball_ball_3_20260605031311_0016.jpg,ball,ball,72.45,0.86,72.45,1305.0,1,success,0.4484375,0.5958333333333333,0.2671940104166667,1.0034965034965035,0.52109375,0.5083333333333333,0.3534105718135834,14541.566666666673,19271.42916666666,0.06666666666666667,2423.5944444444453,0.0,0.0,3211.90486111111,14800.066666666668,0.0,0.0,19334.866666666665,1408.8748263888888,19334.866666666665
285,ball_ball_3_20260605031313_0017.jpg,ball,ball,72.44999999999999,0.83,72.44999999999999,1305.0,0,slip,0.446875,0.5958333333333333,0.2662630208333333,1.0,0.5125,0.5083333333333333,0.5474405884742737,9532.419047619047,12733.009523809524,0.06428571428571428,1588.736507936508,0.0,0.0,2122.168253968254,10498.066666666668,0.0,0.0,13032.866666666667,927.7261904761904,13032.866666666667
286,ball_ball_3_20260605031313_0017.jpg,ball,ball,72.44999999999999,0.91,72.44999999999999,1305.0,0,overforce,0.446875,0.5958333333333333,0.2662630208333333,1.0,0.5125,0.5083333333333333,0.5474405884742737,61092.17222222224,62547.60555555556,0.26666666666666666,10182.028703703701,0.0,0.0,10424.600925925928,15846.6,0.0,0.0,17090.866666666665,5151.657407407407,17090.866666666665
287,ball_ball_3_20260605031313_0017.jpg,ball,ball,72.45,0.88,72.45,1305.0,1,success,0.446875,0.5958333333333333,0.2662630208333333,1.0,0.5125,0.5083333333333333,0.5474405884742737,22259.01960784314,28459.04967320262,0.13333333333333333,3709.8366013071886,0.0,0.0,4743.174945533766,11723.066666666668,0.0,0.0,18147.866666666665,2113.2528867102387,18147.866666666665
288,ball_ball_3_20260605031314_0018.jpg,ball,ball,72.44999999999999,0.83,72.44999999999999,1305.0,0,slip,0.446875,0.5979166666666667,0.2671940104166667,0.9965156794425087,0.5125,0.5072916666666667,0.4651183485984802,0.0,0.0,0.0,0.0,0.0,0.0,0.0,0.0,0.0,0.0,0.0,0.0,0.0
289,ball_ball_3_20260605031314_0018.jpg,ball,ball,72.45,0.89,72.45,1305.0,0,overforce,0.446875,0.5979166666666667,0.2671940104166667,0.9965156794425087,0.5125,0.5072916666666667,0.4651183485984802,30375.41666666666,32826.338888888895,0.16388888888888892,5062.569444444445,0.0,0.0,5471.056481481479,12271.066666666668,0.0,0.0,17758.866666666665,2633.406481481481,17758.866666666665
290,ball_ball_3_20260605031314_0018.jpg,ball,ball,72.44999999999999,0.85,72.44999999999999,1305.0,1,success,0.446875,0.5979166666666667,0.2671940104166667,0.9965156794425087,0.5125,0.5072916666666667,0.4651183485984802,8486.022222222227,12518.388888888883,0.06527777777777777,1414.3370370370378,0.0,0.0,2086.3981481481474,9049.066666666668,0.0,0.0,12616.888888888889,875.1837962962964,12616.888888888889
291,ball_ball_3_20260605031316_0019.jpg,ball,ball,72.44999999999999,0.81,72.44999999999999,1305.0,0,slip,0.446875,0.5958333333333333,0.2662630208333333,1.0,0.5140625,0.5083333333333333,0.4132123589515686,0.0,5074.281045751633,0.0196078431372549,0.0,0.0,0.0,845.7135076252722,0.0,0.0,0.0,8888.377777777778,211.42837690631805,8888.377777777778
292,ball_ball_3_20260605031316_0019.jpg,ball,ball,72.45,0.9,72.45,1305.0,0,overforce,0.446875,0.5958333333333333,0.2662630208333333,1.0,0.5140625,0.5083333333333333,0.4132123589515686,26562.04615384616,28978.678632478644,0.13333333333333333,4427.007692307693,0.0,0.0,4829.779772079772,13935.133333333333,0.0,0.0,17377.88888888889,2314.196866096866,17377.88888888889
293,ball_ball_3_20260605031316_0019.jpg,ball,ball,72.45,0.84,72.45,1305.0,1,success,0.446875,0.5958333333333333,0.2662630208333333,1.0,0.5140625,0.5083333333333333,0.4132123589515686,11535.116666666672,11444.566666666668,0.06666666666666667,1922.5194444444455,0.0,0.0,1907.427777777778,11667.066666666668,0.0,0.0,11523.866666666667,957.4868055555559,11667.066666666668
294,ball_ball_3_20260605031317_0020.jpg,ball,ball,72.44999999999999,0.8,72.44999999999999,1305.0,0,slip,0.446875,0.5979166666666667,0.2671940104166667,0.9965156794425087,0.5125,0.5072916666666667,0.4440716803073883,16156.444444444443,16520.499999999996,0.06666666666666667,2692.7407407407404,0.0,0.0,2753.416666666666,16292.844444444445,0.0,0.0,16627.4,1361.5393518518517,16627.4
295,ball_ball_3_20260605031317_0020.jpg,ball,ball,72.45,0.9,72.45,1305.0,0,overforce,0.446875,0.5979166666666667,0.2671940104166667,0.9965156794425087,0.5125,0.5072916666666667,0.4440716803073883,36053.80683760682,30823.05982905983,0.13333333333333333,6008.967806267808,0.0,0.0,5137.176638176641,18666.844444444443,0.0,0.0,19680.4,2786.5361111111124,19680.4
296,ball_ball_3_20260605031317_0020.jpg,ball,ball,72.45,0.86,72.45,1305.0,1,success,0.446875,0.5979166666666667,0.2671940104166667,0.9965156794425087,0.5125,0.5072916666666667,0.4440716803073883,27526.600854700857,53829.72735042734,0.20000000000000007,4587.76680911681,0.0,0.0,8971.621225071223,15619.577777777778,0.0,0.0,14261.377777777778,3389.847008547008,15619.577777777778
297,ball_ball_3_20260605031319_0021.jpg,ball,ball,72.44999999999999,0.81,72.44999999999999,1305.0,0,slip,0.45,0.5979166666666667,0.2690625,1.0034843205574913,0.515625,0.5072916666666667,0.49901098012924194,7312.172727272729,8516.58181818182,0.05454545454545454,1218.6954545454548,0.0,0.0,1419.430303030303,9087.6,0.0,0.0,10710.377777777778,659.5314393939395,10710.377777777778
298,ball_ball_3_20260605031319_0021.jpg,ball,ball,72.45,0.92,72.45,1305.0,0,overforce,0.45,0.5979166666666667,0.2690625,1.0034843205574913,0.515625,0.5072916666666667,0.49901098012924194,28647.06666666667,33160.64444444443,0.13333333333333333,4774.511111111109,0.0,0.0,5526.774074074073,16506.6,0.0,0.0,18499.866666666665,2575.3212962962953,18499.866666666665
299,ball_ball_3_20260605031319_0021.jpg,ball,ball,72.44999999999999,0.85,72.44999999999999,1305.0,1,success,0.45,0.5979166666666667,0.2690625,1.0034843205574913,0.515625,0.5072916666666667,0.49901098012924194,23779.000000000004,18022.86666666666,0.10000000000000003,3963.166666666665,0.0,0.0,3003.81111111111,13909.6,0.0,0.0,18072.866666666665,1741.7444444444438,18072.866666666665
300,ball_ball_3_20260605031320_0022.jpg,ball,ball,72.44999999999999,0.83,72.44999999999999,1305.0,0,slip,0.446875,0.5979166666666667,0.2671940104166667,0.9965156794425087,0.5140625,0.5072916666666667,0.4780672788619995,8350.977777777778,8965.533333333335,0.06388888888888888,1391.8296296296296,0.0,0.0,1494.2555555555557,9227.066666666668,0.0,0.0,9131.866666666667,721.5212962962963,9227.066666666668
301,ball_ball_3_20260605031320_0022.jpg,ball,ball,72.45,0.9,72.45,1305.0,0,overforce,0.446875,0.5979166666666667,0.2671940104166667,0.9965156794425087,0.5140625,0.5072916666666667,0.4780672788619995,45442.90421455937,33167.4796934866,0.2000000000000001,7573.81736909323,0.0,0.0,5527.913282247764,12396.066666666668,0.0,0.0,17377.866666666665,3275.4326628352483,17377.866666666665
302,ball_ball_3_20260605031320_0022.jpg,ball,ball,72.45,0.88,72.45,1305.0,1,success,0.446875,0.5979166666666667,0.2671940104166667,0.9965156794425087,0.5140625,0.5072916666666667,0.4780672788619995,25573.880952380954,26756.33333333332,0.12857142857142856,4262.313492063492,0.0,0.0,4459.388888888889,14939.066666666668,0.0,0.0,19078.866666666665,2180.4255952380954,19078.866666666665
303,ball_ball_3_20260605031322_0023.jpg,ball,ball,72.44999999999999,0.83,72.44999999999999,1305.0,0,slip,0.45,0.5958333333333333,0.268125,1.006993006993007,0.5140625,0.50625,0.5006572008132935,8982.86,17360.466666666667,0.06333333333333332,1497.1433333333334,0.0,0.0,2893.411111111111,10246.066666666668,0.0,0.0,17480.866666666665,1097.638611111111,17480.866666666665
304,ball_ball_3_20260605031322_0023.jpg,ball,ball,72.45,0.92,72.45,1305.0,0,overforce,0.45,0.5958333333333333,0.268125,1.006993006993007,0.5140625,0.50625,0.5006572008132935,30628.118954248363,59129.74771241831,0.20000000000000004,5104.686492374727,0.0,0.0,9854.95795206972,16924.577777777777,0.0,0.0,16242.377777777778,3739.911111111112,16924.577777777777
305,ball_ball_3_20260605031322_0023.jpg,ball,ball,72.44999999999999,0.85,72.44999999999999,1305.0,1,success,0.45,0.5958333333333333,0.268125,1.006993006993007,0.5140625,0.50625,0.5006572008132935,22562.000000000007,18484.755555555552,0.10000000000000003,3760.333333333332,0.0,0.0,3080.792592592592,12605.066666666668,0.0,0.0,18578.866666666665,1710.281481481481,18578.866666666665
306,ball_ball_3_20260605031323_0024.jpg,ball,ball,72.44999999999999,0.82,72.44999999999999,1305.0,0,slip,0.45,0.5958333333333333,0.268125,1.006993006993007,0.5125,0.50625,0.5066085457801819,0.0,9594.533333333335,0.03333333333333333,0.0,0.0,0.0,1599.088888888889,0.0,0.0,0.0,9925.866666666667,399.77222222222224,9925.866666666667
307,ball_ball_3_20260605031323_0024.jpg,ball,ball,72.45,0.9,72.45,1305.0,0,overforce,0.45,0.5958333333333333,0.268125,1.006993006993007,0.5125,0.50625,0.5066085457801819,30745.076190476186,33221.75555555556,0.1642857142857143,5124.179365079365,0.0,0.0,5536.959259259255,12387.066666666668,0.0,0.0,17927.866666666665,2665.284656084655,17927.866666666665
308,ball_ball_3_20260605031323_0024.jpg,ball,ball,72.45,0.84,72.45,1305.0,1,success,0.45,0.5958333333333333,0.268125,1.006993006993007,0.5125,0.50625,0.5066085457801819,13202.419607843141,17416.807843137252,0.06666666666666667,2200.403267973857,0.0,0.0,2902.801307189542,13460.066666666668,0.0,0.0,17484.866666666665,1275.80114379085,17484.866666666665
309,ball_ball_3_20260605031325_0025.jpg,ball,ball,72.44999999999999,0.82,72.44999999999999,1305.0,0,slip,0.453125,0.59375,0.26904296875,1.0175438596491229,0.5125,0.5072916666666667,0.4860246181488037,9285.709523809524,14557.509523809524,0.06666666666666667,1547.618253968254,0.0,0.0,2426.2515873015873,9540.066666666668,0.0,0.0,14677.866666666667,993.4674603174603,14677.866666666667
310,ball_ball_3_20260605031325_0025.jpg,ball,ball,72.45,0.92,72.45,1305.0,0,overforce,0.453125,0.59375,0.26904296875,1.0175438596491229,0.5125,0.5072916666666667,0.4860246181488037,33081.3414141414,32608.755555555552,0.16666666666666669,5513.556902356902,0.0,0.0,5434.79259259259,13541.6,0.0,0.0,18007.866666666665,2737.087373737373,18007.866666666665
311,ball_ball_3_20260605031325_0025.jpg,ball,ball,72.44999999999999,0.85,72.44999999999999,1305.0,1,success,0.453125,0.59375,0.26904296875,1.0175438596491229,0.5125,0.5072916666666667,0.4860246181488037,22820.191111111104,34864.49444444444,0.18500000000000008,3803.365185185184,0.0,0.0,5810.749074074075,9700.066666666668,0.0,0.0,17005.866666666665,2403.5285648148147,17005.866666666665
312,ball_ball_3_20260605031327_0026.jpg,ball,ball,72.44999999999999,0.85,72.44999999999999,1305.0,1,success,0.45,0.5979166666666667,0.2690625,1.0034843205574913,0.51875,0.5072916666666667,0.4841167628765106,51895.22222222223,53570.42222222222,0.26666666666666666,8649.2037037037,0.0,0.0,8928.403703703709,15936.844444444445,0.0,0.0,16767.4,4394.401851851852,16767.4
313,ball_ball_3_20260605031328_0027.jpg,ball,ball,72.45,0.88,72.45,1305.0,1,success,0.45,0.6,0.27,1.0,0.51875,0.50625,0.4715825021266937,26532.542690058483,21862.285380116966,0.13333333333333333,4422.09044834308,0.0,0.0,3643.714230019493,13602.6,0.0,0.0,13490.888888888889,2016.4511695906433,13602.6
314,ball_ball_3_20260605031330_0028.jpg,ball,ball,72.45,0.89,72.45,1305.0,1,success,0.45,0.5979166666666667,0.2690625,1.0034843205574913,0.5171875,0.5072916666666667,0.5102870464324951,26016.388888888894,19821.58888888888,0.10000000000000003,4336.064814814813,0.0,0.0,3303.5981481481467,15740.066666666668,0.0,0.0,19870.866666666665,1909.91574074074,19870.866666666665
315,ball_ball_3_20260605031331_0029.jpg,ball,ball,72.45,0.89,72.45,1305.0,1,success,0.4484375,0.5979166666666667,0.26812825520833333,1.0,0.51796875,0.5072916666666667,0.5143563151359558,16580.661111111116,17044.33888888888,0.06666666666666667,2763.4435185185193,0.0,0.0,2840.723148148147,16858.31111111111,0.0,0.0,17194.88888888889,1401.0416666666665,17194.88888888889
316,ball_ball_3_20260605031333_0030.jpg,ball,ball,72.44999999999999,0.83,72.44999999999999,1305.0,1,success,0.453125,0.59375,0.26904296875,1.0175438596491229,0.5140625,0.5072916666666667,0.5123600959777832,10045.09090909091,12780.41212121212,0.06363636363636363,1674.1818181818185,0.0,0.0,2130.0686868686867,11298.6,0.0,0.0,13085.866666666667,951.0626262626263,13085.866666666667
317,ball_ball_3_20260605031334_0031.jpg,ball,ball,72.45,0.84,72.45,1305.0,1,success,0.4515625,0.5958333333333333,0.2690559895833333,1.0104895104895104,0.51640625,0.50625,0.4983431100845337,21811.37124183007,28723.913725490194,0.1372549019607843,3635.228540305011,0.0,0.0,4787.318954248365,11203.844444444445,0.0,0.0,15595.866666666667,2105.636873638344,15595.866666666667
318,ball_ball_3_20260605031336_0032.jpg,ball,ball,72.44999999999999,0.85,72.44999999999999,1305.0,1,success,0.4515625,0.5958333333333333,0.2690559895833333,1.0104895104895104,0.51796875,0.50625,0.5464458465576172,13288.28421052632,15213.971929824558,0.06666666666666667,2214.71403508772,0.0,0.0,2535.661988304093,13393.6,0.0,0.0,15285.866666666667,1187.5940058479532,15285.866666666667
319,ball_ball_3_20260605031337_0033.jpg,ball,ball,72.45,0.86,72.45,1305.0,1,success,0.453125,0.5979166666666667,0.27093098958333334,1.0104529616724738,0.5171875,0.5052083333333334,0.5020005702972412,19275.333333333336,31082.303267973846,0.11372549019607842,3212.5555555555557,0.0,0.0,5180.383877995642,16051.6,0.0,0.0,17510.866666666665,2098.2348583877992,17510.866666666665
320,ball_ball_3_20260605031339_0034.jpg,ball,ball,72.45,0.89,72.45,1305.0,1,success,0.4515625,0.5979166666666667,0.2699967447916667,1.0069686411149825,0.51484375,0.5052083333333334,0.506951093673706,19779.276666666672,18144.33888888888,0.08833333333333336,3296.546111111112,0.0,0.0,3024.05648148148,14555.133333333333,0.0,0.0,18183.88888888889,1580.150648148148,18183.88888888889
321,ball_ball_3_20260605031340_0035.jpg,ball,ball,72.45,0.88,72.45,1305.0,1,success,0.4515625,0.5979166666666667,0.2699967447916667,1.0069686411149825,0.51796875,0.5052083333333334,0.6187765598297119,26813.589743589746,28379.01367521366,0.13333333333333333,4468.931623931623,0.0,0.0,4729.835612535612,16255.6,0.0,0.0,19490.866666666665,2299.691809116809,19490.866666666665
322,ball_ball_3_20260605031342_0036.jpg,ball,ball,72.45,0.88,72.45,1305.0,1,success,0.4546875,0.6,0.2728125,1.0104166666666667,0.51640625,0.5041666666666667,0.6684834957122803,19568.171717171714,16069.116161616153,0.10000000000000003,3261.3619528619556,0.0,0.0,2678.186026936026,10028.31111111111,0.0,0.0,16105.888888888889,1484.8869949494954,16105.888888888889
323,ball_ball_3_20260605031343_0037.jpg,ball,ball,72.45,0.87,72.45,1305.0,1,success,0.4546875,0.6,0.2728125,1.0104166666666667,0.51953125,0.5041666666666667,0.6715978384017944,28023.54166666667,31609.68194444443,0.13333333333333333,4670.5902777777765,0.0,0.0,5268.280324074073,15681.6,0.0,0.0,18225.866666666665,2484.7176504629624,18225.866666666665
324,ball_ball_3_20260605031345_0038.jpg,ball,ball,72.45,0.84,72.45,1305.0,1,success,0.459375,0.5958333333333333,0.2737109375,1.027972027972028,0.53125,0.5041666666666667,0.6401293277740479,13489.200000000004,24785.44444444444,0.10000000000000002,2248.2000000000007,0.0,0.0,4130.907407407407,13691.6,0.0,0.0,16325.866666666667,1594.776851851852,16325.866666666667
325,ball_ball_3_20260605031347_0039.jpg,ball,ball,72.44999999999999,0.85,72.44999999999999,1305.0,1,success,0.453125,0.59375,0.26904296875,1.0175438596491229,0.528125,0.5010416666666667,0.7387561202049255,8231.206349206352,12175.317460317454,0.06507936507936507,1371.8677248677254,0.0,0.0,2029.2195767195758,8770.066666666668,0.0,0.0,12227.888888888889,850.2718253968253,12227.888888888889
326,ball_ball_3_20260605031348_0040.jpg,ball,ball,72.45,0.86,72.45,1305.0,1,success,0.453125,0.6,0.271875,1.0069444444444444,0.5140625,0.50625,0.5355112552642822,0.0,13770.888888888883,0.03333333333333333,0.0,0.0,0.0,2295.1481481481474,0.0,0.0,0.0,13884.888888888889,573.7870370370368,13884.888888888889
327,ball_ball_3_20260605031355_0041.jpg,ball,ball,72.45,0.88,72.45,1305.0,1,success,0.446875,0.6,0.268125,0.9930555555555556,0.51875,0.5041666666666667,0.644668459892273,17134.188235294117,24070.099346405223,0.10000000000000002,2855.6980392156865,0.0,0.0,4011.6832244008733,17182.6,0.0,0.0,14168.377777777778,1716.84531590414,17182.6
328,ball_ball_3_20260605031356_0042.jpg,ball,ball,72.45,0.89,72.45,1305.0,1,success,0.4484375,0.6,0.2690625,0.9965277777777778,0.51328125,0.5041666666666667,0.6915361881256104,26670.223611111112,34316.647222222215,0.16458333333333333,4445.037268518518,0.0,0.0,5719.441203703703,15142.31111111111,0.0,0.0,14286.888888888889,2541.1196180555553,15142.31111111111
329,ball_ball_3_20260605031358_0043.jpg,ball,ball,72.45,0.88,72.45,1305.0,1,success,0.4515625,0.59375,0.268115234375,1.0140350877192983,0.51640625,0.503125,0.7698262929916382,50411.23174603175,56009.903174603176,0.26666666666666666,8401.871957671956,0.0,0.0,9334.983862433864,14498.6,0.0,0.0,17134.866666666665,4434.213955026455,17134.866666666665
330,ball_ball_3_20260605031359_0044.jpg,ball,ball,72.45,0.86,72.45,1305.0,1,success,0.4515625,0.59375,0.268115234375,1.0140350877192983,0.51484375,0.5010416666666667,0.6844159960746765,23934.104166666668,19274.86666666666,0.10000000000000002,3989.01736111111,0.0,0.0,3212.4777777777767,12579.066666666668,0.0,0.0,19316.866666666665,1800.3737847222217,19316.866666666665
331,ball_ball_3_20260605031401_0045.jpg,ball,ball,72.45,0.87,72.45,1305.0,1,success,0.4515625,0.59375,0.268115234375,1.0140350877192983,0.52890625,0.503125,0.7129437923431396,14643.754166666673,18198.679166666665,0.06666666666666667,2440.6256944444453,0.0,0.0,3033.113194444444,14751.066666666668,0.0,0.0,18272.866666666665,1368.4347222222223,18272.866666666665
332,ball_ball_3_20260605031402_0046.jpg,ball,ball,72.45,0.84,72.45,1305.0,1,success,0.4546875,0.5979166666666667,0.271865234375,1.0139372822299653,0.51328125,0.5072916666666667,0.4642302691936493,0.0,10027.830065359474,0.03333333333333333,0.0,0.0,0.0,1671.3050108932457,0.0,0.0,0.0,10248.888888888889,417.8262527233114,10248.888888888889
333,ball_ball_3_20260605031404_0047.jpg,ball,ball,72.45,0.87,72.45,1305.0,1,success,0.4515625,0.5979166666666667,0.2699967447916667,1.0069686411149825,0.51328125,0.5052083333333334,0.5383962988853455,25811.29166666667,33804.86944444443,0.13333333333333333,4301.881944444443,0.0,0.0,5634.144907407407,15939.6,0.0,0.0,17490.866666666665,2484.0067129629624,17490.866666666665
334,ball_ball_3_20260605031405_0048.jpg,ball,ball,72.44999999999999,0.85,72.44999999999999,1305.0,1,success,0.45,0.5979166666666667,0.2690625,1.0034843205574913,0.5125,0.503125,0.7024418115615845,0.0,11661.088888888886,0.03333333333333333,0.0,0.0,0.0,1943.5148148148144,0.0,0.0,0.0,11747.888888888889,485.8787037037036,11747.888888888889
335,ball_ball_3_20260605031407_0049.jpg,ball,ball,72.45,0.84,72.45,1305.0,1,success,0.4515625,0.5979166666666667,0.2699967447916667,1.0069686411149825,0.51640625,0.5052083333333334,0.6215232610702515,0.0,2800.671296296296,0.011111111111111112,0.0,0.0,0.0,466.77854938271605,0.0,0.0,0.0,8505.888888888889,116.69463734567901,8505.888888888889
336,bottle_bottle_1_20260605032729_0000.jpg,bottle,bottle,72.44999999999999,0.78,72.44999999999999,1305.0,0,fail,0.4875,0.5791666666666667,0.28234375,1.1223021582733812,0.5140625,0.50625,0.7346084713935852,0.0,0.0,0.0,0.0,0.0,0.0,0.0,0.0,0.0,0.0,0.0,0.0,0.0
337,bottle_bottle_1_20260605032729_0000.jpg,bottle,bottle,72.44999999999999,0.8,72.44999999999999,1305.0,0,slip,0.4875,0.5791666666666667,0.28234375,1.1223021582733812,0.5140625,0.50625,0.7346084713935852,3278.664646464647,0.0,0.012121212121212121,546.4441077441078,0.0,0.0,0.0,10540.577777777778,0.0,0.0,0.0,136.61102693602695,10540.577777777778
338,bottle_bottle_1_20260605032729_0000.jpg,bottle,bottle,72.44999999999999,0.81,72.44999999999999,1305.0,0,slip,0.4875,0.5791666666666667,0.28234375,1.1223021582733812,0.5140625,0.50625,0.7346084713935852,15882.133333333335,12525.71111111111,0.06666666666666667,2647.0222222222224,0.0,0.0,2087.6185185185186,16241.577777777778,0.0,0.0,13818.044444444444,1183.6601851851851,16241.577777777778
339,bottle_bottle_1_20260605032729_0000.jpg,bottle,bottle,72.44999999999999,0.82,72.44999999999999,1305.0,0,slip,0.4875,0.5791666666666667,0.28234375,1.1223021582733812,0.5140625,0.50625,0.7346084713935852,12887.32777777778,1082.1722222222222,0.0375,2147.8879629629632,0.0,0.0,180.36203703703703,15112.577777777778,0.0,0.0,8657.377777777778,582.0625000000001,15112.577777777778
340,bottle_bottle_1_20260605032729_0000.jpg,bottle,bottle,72.44999999999999,0.83,72.44999999999999,1305.0,0,slip,0.4875,0.5791666666666667,0.28234375,1.1223021582733812,0.5140625,0.50625,0.7346084713935852,15527.676923076926,14764.839316239319,0.06666666666666667,2587.9461538461546,0.0,0.0,2460.8065527065532,15783.6,0.0,0.0,16384.37777777778,1262.188176638177,16384.37777777778
341,bottle_bottle_1_20260605032729_0000.jpg,bottle,bottle,72.45,0.9,72.45,1305.0,0,overforce,0.4875,0.5791666666666667,0.28234375,1.1223021582733812,0.5140625,0.50625,0.7346084713935852,28808.240277777775,52311.68888888889,0.20000000000000004,4801.373379629629,0.0,0.0,8718.614814814819,18384.577777777777,0.0,0.0,17223.044444444444,3379.997048611112,18384.577777777777
342,bottle_bottle_1_20260605032729_0000.jpg,bottle,bottle,72.44999999999999,0.91,72.44999999999999,1305.0,0,overforce,0.4875,0.5791666666666667,0.28234375,1.1223021582733812,0.5140625,0.50625,0.7346084713935852,19296.305050505045,29135.171717171717,0.09999999999999999,3216.050841750841,0.0,0.0,4855.861952861955,19344.577777777777,0.0,0.0,18842.044444444444,2017.978198653199,19344.577777777777
343,bottle_bottle_1_20260605032729_0000.jpg,bottle,bottle,72.45,0.92,72.45,1305.0,0,overforce,0.4875,0.5791666666666667,0.28234375,1.1223021582733812,0.5140625,0.50625,0.7346084713935852,33915.71111111111,30511.088888888884,0.13333333333333333,5652.618518518518,0.0,0.0,5085.181481481481,18464.6,0.0,0.0,18601.37777777778,2684.45,18601.37777777778
344,bottle_bottle_1_20260605032729_0000.jpg,bottle,bottle,72.45,0.84,72.45,1305.0,0,slip,0.4875,0.5791666666666667,0.28234375,1.1223021582733812,0.5140625,0.50625,0.7346084713935852,16566.882125603875,10834.049758454106,0.06521739130434781,2761.147020933979,0.0,0.0,1805.6749597423513,18027.577777777777,0.0,0.0,16219.044444444444,1141.7054951690825,18027.577777777777
345,bottle_bottle_1_20260605032729_0000.jpg,bottle,bottle,72.44999999999999,0.85,72.44999999999999,1305.0,1,success,0.4875,0.5791666666666667,0.28234375,1.1223021582733812,0.5140625,0.50625,0.7346084713935852,30655.422222222212,33679.20634920636,0.13333333333333333,5109.237037037038,0.0,0.0,5613.2010582010635,18675.577777777777,0.0,0.0,17745.044444444444,2680.6095238095254,18675.577777777777
346,bottle_bottle_1_20260605032730_0001.jpg,bottle,bottle,72.45,0.84,72.45,1305.0,0,slip,0.490625,0.5791666666666667,0.28415364583333336,1.129496402877698,0.5078125,0.50625,0.6952291131019592,15007.100000000004,12028.627777777778,0.06666666666666667,2501.183333333334,0.0,0.0,2004.7712962962962,16382.6,0.0,0.0,15645.377777777778,1126.4886574074076,16382.6
347,bottle_bottle_1_20260605032730_0001.jpg,bottle,bottle,72.44999999999999,0.8,72.44999999999999,1305.0,0,slip,0.490625,0.5791666666666667,0.28415364583333336,1.129496402877698,0.5078125,0.50625,0.6952291131019592,5634.247311827958,0.0,0.016129032258064516,939.041218637993,0.0,0.0,0.0,14835.577777777778,0.0,0.0,0.0,234.76030465949825,14835.577777777778
348,bottle_bottle_1_20260605032730_0001.jpg,bottle,bottle,72.45,0.9,72.45,1305.0,0,overforce,0.490625,0.5791666666666667,0.28415364583333336,1.129496402877698,0.5078125,0.50625,0.6952291131019592,34987.22222222222,36779.044444444444,0.13333333333333333,5831.203703703704,0.0,0.0,6129.840740740741,19194.577777777777,0.0,0.0,18543.044444444444,2990.2611111111114,19194.577777777777
349,bottle_bottle_1_20260605032730_0001.jpg,bottle,bottle,72.45,0.88,72.45,1305.0,1,success,0.490625,0.5791666666666667,0.28415364583333336,1.129496402877698,0.5078125,0.50625,0.6952291131019592,30406.778947368417,26260.991812865494,0.12456140350877191,5067.79649122807,0.0,0.0,4376.831968810916,18591.6,0.0,0.0,18255.37777777778,2361.1571150097466,18591.6
350,bottle_bottle_1_20260605032732_0002.jpg,bottle,bottle,72.44999999999999,0.83,72.44999999999999,1305.0,0,slip,0.4859375,0.59375,0.288525390625,1.0912280701754387,0.50859375,0.5135416666666667,0.6147668361663818,30286.422222222216,31679.177777777775,0.13333333333333333,5047.737037037039,0.0,0.0,5279.862962962967,16986.577777777777,0.0,0.0,16735.4,2581.9000000000015,16986.577777777777
351,bottle_bottle_1_20260605032732_0002.jpg,bottle,bottle,72.45,0.92,72.45,1305.0,0,overforce,0.4859375,0.59375,0.288525390625,1.0912280701754387,0.50859375,0.5135416666666667,0.6147668361663818,39415.6037037037,56197.077777777806,0.2277777777777778,6569.267283950617,0.0,0.0,9366.179629629634,17155.577777777777,0.0,0.0,17062.37777777778,3983.8617283950625,17155.577777777777
352,bottle_bottle_1_20260605032732_0002.jpg,bottle,bottle,72.45,0.86,72.45,1305.0,1,success,0.4859375,0.59375,0.288525390625,1.0912280701754387,0.50859375,0.5135416666666667,0.6147668361663818,10974.630158730159,40744.43015873015,0.13333333333333333,1829.1050264550265,0.0,0.0,6790.738359788361,11608.844444444445,0.0,0.0,16135.866666666667,2154.9608465608467,16135.866666666667
353,bottle_bottle_1_20260605032738_0003.jpg,bottle,bottle,72.44999999999999,0.82,72.44999999999999,1305.0,0,slip,0.5703125,0.6270833333333333,0.35763346354166664,1.212624584717608,0.51171875,0.5364583333333334,0.48037028312683105,29935.96767676767,29280.944444444453,0.13333333333333333,4989.327946127947,0.0,0.0,4880.1574074074115,16567.577777777777,0.0,0.0,18191.4,2467.3713383838394,18191.4
354,bottle_bottle_1_20260605032738_0003.jpg,bottle,bottle,72.45,0.9,72.45,1305.0,0,overforce,0.5703125,0.6270833333333333,0.35763346354166664,1.212624584717608,0.51171875,0.5364583333333334,0.48037028312683105,32710.450505050503,52643.23434343436,0.19999999999999998,5451.74175084175,0.0,0.0,8773.872390572393,16827.577777777777,0.0,0.0,16901.37777777778,3556.4035353535355,16901.37777777778
355,bottle_bottle_1_20260605032738_0003.jpg,bottle,bottle,72.44999999999999,0.85,72.44999999999999,1305.0,0,fail,0.5703125,0.6270833333333333,0.35763346354166664,1.212624584717608,0.51171875,0.5364583333333334,0.48037028312683105,8384.869629629628,8966.191111111111,0.05999999999999999,1397.4782716049378,0.0,0.0,1494.3651851851853,10683.31111111111,0.0,0.0,10087.133333333333,722.9608641975308,10683.31111111111
356,bottle_bottle_1_20260605032738_0003.jpg,bottle,bottle,72.44999999999999,0.85,72.44999999999999,1305.0,1,success,0.5703125,0.6270833333333333,0.35763346354166664,1.212624584717608,0.51171875,0.5364583333333334,0.48037028312683105,25732.004040404034,28374.13030303031,0.14545454545454545,4288.6673400673435,0.0,0.0,4729.021717171719,13301.577777777778,0.0,0.0,14912.866666666667,2254.4222643097655,14912.866666666667
357,bottle_bottle_1_20260605032740_0004.jpg,bottle,bottle,72.44999999999999,0.81,72.44999999999999,1305.0,0,slip,0.540625,0.6,0.324375,1.2013888888888888,0.51875,0.51875,0.5814518332481384,0.0,14084.885185185187,0.046296296296296294,0.0,0.0,0.0,2347.4808641975305,0.0,0.0,0.0,11380.866666666667,586.8702160493826,11380.866666666667
358,bottle_bottle_1_20260605032740_0004.jpg,bottle,bottle,72.44999999999999,0.91,72.44999999999999,1305.0,0,overforce,0.540625,0.6,0.324375,1.2013888888888888,0.51875,0.51875,0.5814518332481384,52731.88888888889,32811.26666666667,0.19999999999999998,8788.648148148148,0.0,0.0,5468.544444444445,16014.844444444445,0.0,0.0,18517.4,3564.2981481481484,18517.4
359,bottle_bottle_1_20260605032740_0004.jpg,bottle,bottle,72.44999999999999,0.85,72.44999999999999,1305.0,1,success,0.540625,0.6,0.324375,1.2013888888888888,0.51875,0.51875,0.5814518332481384,21229.444444444445,26558.2,0.13333333333333333,3538.240740740741,0.0,0.0,4426.366666666666,10830.6,0.0,0.0,15922.866666666667,1991.1518518518517,15922.866666666667
360,bottle_bottle_1_20260605032742_0005.jpg,bottle,bottle,72.44999999999999,0.83,72.44999999999999,1305.0,0,slip,0.503125,0.5833333333333334,0.29348958333333336,1.15,0.509375,0.5083333333333333,0.5927405953407288,7308.351851851851,19286.962962962967,0.07777777777777777,1218.0586419753088,0.0,0.0,3214.493827160494,13379.577777777778,0.0,0.0,14281.866666666667,1108.1381172839508,14281.866666666667
361,bottle_bottle_1_20260605032742_0005.jpg,bottle,bottle,72.45,0.92,72.45,1305.0,0,overforce,0.503125,0.5833333333333334,0.29348958333333336,1.15,0.509375,0.5083333333333333,0.5927405953407288,44801.347089947114,43033.45396825397,0.23174603174603176,7466.891181657845,0.0,0.0,7172.242328042329,14745.6,0.0,0.0,18702.866666666665,3659.7833774250435,18702.866666666665
362,bottle_bottle_1_20260605032742_0005.jpg,bottle,bottle,72.44999999999999,0.85,72.44999999999999,1305.0,1,success,0.503125,0.5833333333333334,0.29348958333333336,1.15,0.509375,0.5083333333333333,0.5927405953407288,15371.671428571432,30275.244444444437,0.1,2561.945238095239,0.0,0.0,5045.874074074073,15572.6,0.0,0.0,16158.866666666667,1901.954828042328,16158.866666666667
363,bottle_bottle_1_20260605032747_0006.jpg,bottle,bottle,72.44999999999999,0.82,72.44999999999999,1305.0,0,fail,0.4828125,0.575,0.2776171875,1.1195652173913044,0.51328125,0.5020833333333333,0.5577051043510437,4789.476190476191,828.5830687830688,0.019047619047619046,798.2460317460319,0.0,0.0,138.09717813051145,12497.6,0.0,0.0,8889.866666666667,234.08580246913584,12497.6
364,bottle_bottle_1_20260605032747_0006.jpg,bottle,bottle,72.44999999999999,0.82,72.44999999999999,1305.0,0,slip,0.4828125,0.575,0.2776171875,1.1195652173913044,0.51328125,0.5020833333333333,0.5577051043510437,17473.577777777773,16918.48888888889,0.06666666666666667,2912.2629629629623,0.0,0.0,2819.748148148148,17741.577777777777,0.0,0.0,17170.044444444444,1433.0027777777777,17741.577777777777
365,bottle_bottle_1_20260605032747_0006.jpg,bottle,bottle,72.45,0.92,72.45,1305.0,0,overforce,0.4828125,0.575,0.2776171875,1.1195652173913044,0.51328125,0.5020833333333333,0.5577051043510437,37089.15061728396,55296.9111111111,0.22962962962962966,6181.525102880659,0.0,0.0,9216.151851851853,18231.577777777777,0.0,0.0,17025.044444444444,3849.4192386831282,18231.577777777777
366,bottle_bottle_1_20260605032747_0006.jpg,bottle,bottle,72.45,0.88,72.45,1305.0,1,success,0.4828125,0.575,0.2776171875,1.1195652173913044,0.51328125,0.5020833333333333,0.5577051043510437,47710.038888888914,33139.36666666666,0.20000000000000004,7951.673148148144,0.0,0.0,5523.227777777779,14972.844444444445,0.0,0.0,17131.4,3368.7252314814805,17131.4
367,bottle_bottle_1_20260605032749_0007.jpg,bottle,bottle,72.44999999999999,0.83,72.44999999999999,1305.0,0,slip,0.4875,0.5854166666666667,0.285390625,1.1103202846975089,0.5125,0.5072916666666667,0.6487223505973816,17899.077777777773,16774.544444444444,0.06666666666666667,2983.179629629629,0.0,0.0,2795.7574074074073,18309.577777777777,0.0,0.0,17486.044444444444,1444.734259259259,18309.577777777777
368,bottle_bottle_1_20260605032749_0007.jpg,bottle,bottle,72.44999999999999,0.91,72.44999999999999,1305.0,0,overforce,0.4875,0.5854166666666667,0.285390625,1.1103202846975089,0.5125,0.5072916666666667,0.6487223505973816,20661.697777777772,26888.822222222225,0.10666666666666666,3443.616296296295,0.0,0.0,4481.470370370371,18995.577777777777,0.0,0.0,18437.044444444444,1981.2716666666665,18995.577777777777
369,bottle_bottle_1_20260605032749_0007.jpg,bottle,bottle,72.45,0.87,72.45,1305.0,1,success,0.4875,0.5854166666666667,0.285390625,1.1103202846975089,0.5125,0.5072916666666667,0.6487223505973816,28973.890277777777,29529.836111111104,0.12916666666666665,4828.981712962963,0.0,0.0,4921.639351851852,18643.577777777777,0.0,0.0,17736.044444444444,2437.655266203704,18643.577777777777
370,bottle_bottle_1_20260605032750_0008.jpg,bottle,bottle,72.44999999999999,0.8,72.44999999999999,1305.0,0,slip,0.478125,0.5875,0.2808984375,1.0851063829787233,0.5078125,0.50625,0.6996928453445435,16800.777777777774,14873.744444444445,0.06666666666666667,2800.1296296296287,0.0,0.0,2478.957407407407,16927.577777777777,0.0,0.0,15248.044444444444,1319.771759259259,16927.577777777777
371,bottle_bottle_1_20260605032750_0008.jpg,bottle,bottle,72.45,0.9,72.45,1305.0,0,overforce,0.478125,0.5875,0.2808984375,1.0851063829787233,0.5078125,0.50625,0.6996928453445435,19082.494444444437,20811.805555555555,0.075,3180.4157407407397,0.0,0.0,3468.634259259259,19165.577777777777,0.0,0.0,18758.044444444444,1662.2624999999998,19165.577777777777
372,bottle_bottle_1_20260605032750_0008.jpg,bottle,bottle,72.45,0.84,72.45,1305.0,0,slip,0.478125,0.5875,0.2808984375,1.0851063829787233,0.5078125,0.50625,0.6996928453445435,18979.40536398468,19752.624521072794,0.08505747126436786,3163.23422733078,0.0,0.0,3292.104086845466,18657.577777777777,0.0,0.0,17274.044444444444,1613.8345785440615,18657.577777777777
373,bottle_bottle_1_20260605032750_0008.jpg,bottle,bottle,72.45,0.84,72.45,1305.0,1,success,0.478125,0.5875,0.2808984375,1.0851063829787233,0.5078125,0.50625,0.6996928453445435,18368.444444444438,33097.911111111105,0.10000000000000002,3061.4074074074065,0.0,0.0,5516.318518518522,18448.844444444443,0.0,0.0,19458.4,2144.431481481482,19458.4
374,bottle_bottle_1_20260605032752_0009.jpg,bottle,bottle,72.44999999999999,0.82,72.44999999999999,1305.0,0,slip,0.4671875,0.575,0.2686328125,1.0833333333333333,0.49765625,0.5020833333333333,0.6229159832000732,21918.222222222226,20374.504444444443,0.12999999999999998,3653.037037037036,0.0,0.0,3395.75074074074,14262.577777777778,0.0,0.0,11957.4,1762.196944444444,14262.577777777778
375,bottle_bottle_1_20260605032752_0009.jpg,bottle,bottle,72.44999999999999,0.82,72.44999999999999,1305.0,0,slip,0.4671875,0.575,0.2686328125,1.0833333333333333,0.49765625,0.5020833333333333,0.6229159832000732,18045.41388888889,12910.669444444444,0.075,3007.5689814814814,0.0,0.0,2151.778240740741,16683.577777777777,0.0,0.0,15089.044444444444,1289.8368055555557,16683.577777777777
376,bottle_bottle_1_20260605032752_0009.jpg,bottle,bottle,72.45,0.92,72.45,1305.0,0,overforce,0.4671875,0.575,0.2686328125,1.0833333333333333,0.49765625,0.5020833333333333,0.6229159832000732,37210.85079365078,37821.11111111113,0.13333333333333333,6201.808465608466,0.0,0.0,6303.518518518525,18871.577777777777,0.0,0.0,19718.4,3126.3317460317476,19718.4
377,bottle_bottle_1_20260605032752_0009.jpg,bottle,bottle,72.45,0.88,72.45,1305.0,1,success,0.4671875,0.575,0.2686328125,1.0833333333333333,0.49765625,0.5020833333333333,0.6229159832000732,36402.96068376067,37033.982905982906,0.13333333333333333,6067.160113960116,0.0,0.0,6172.330484330487,18767.577777777777,0.0,0.0,19662.4,3059.8726495726505,19662.4
378,bottle_bottle_1_20260605032753_0010.jpg,bottle,bottle,72.44999999999999,0.82,72.44999999999999,1305.0,0,slip,0.4875,0.56875,0.277265625,1.1428571428571428,0.490625,0.49895833333333334,0.4988911747932434,30410.838888888888,32123.527777777777,0.13333333333333333,5068.4731481481485,0.0,0.0,5353.921296296298,17052.577777777777,0.0,0.0,16583.4,2605.5986111111115,17052.577777777777
379,bottle_bottle_1_20260605032753_0010.jpg,bottle,bottle,72.44999999999999,0.83,72.44999999999999,1305.0,1,success,0.4875,0.56875,0.277265625,1.1428571428571428,0.490625,0.49895833333333334,0.4988911747932434,32495.03986928103,34359.50326797388,0.13333333333333336,5415.8399782135075,0.0,0.0,5726.583877995646,17936.577777777777,0.0,0.0,18007.4,2785.605964052288,18007.4
380,bottle_bottle_1_20260605032755_0011.jpg,bottle,bottle,72.44999999999999,0.81,72.44999999999999,1305.0,0,slip,0.4703125,0.5833333333333334,0.27434895833333334,1.075,0.48359375,0.5020833333333333,0.2996685206890106,12599.82777777778,1003.425,0.0375,2099.9712962962967,0.0,0.0,167.23749999999998,13340.577777777778,0.0,0.0,8027.4,566.8021990740742,13340.577777777778
381,bottle_bottle_1_20260605032755_0011.jpg,bottle,bottle,72.45,0.9,72.45,1305.0,0,overforce,0.4703125,0.5833333333333334,0.27434895833333334,1.075,0.48359375,0.5020833333333333,0.2996685206890106,40756.36767676769,44091.58383838385,0.19393939393939394,6792.727946127947,0.0,0.0,7348.597306397304,18194.577777777777,0.0,0.0,18794.4,3535.3313131313125,18794.4
382,bottle_bottle_1_20260605032755_0011.jpg,bottle,bottle,72.45,0.54,72.45,1305.0,0,fail,0.4703125,0.5833333333333334,0.27434895833333334,1.075,0.48359375,0.5020833333333333,0.2996685206890106,0.0,0.0,0.0,0.0,0.0,0.0,0.0,0.0,0.0,0.0,0.0,0.0,0.0
383,bottle_bottle_1_20260605032755_0011.jpg,bottle,bottle,72.45,0.84,72.45,1305.0,1,success,0.4703125,0.5833333333333334,0.27434895833333334,1.075,0.48359375,0.5020833333333333,0.2996685206890106,31405.65299145299,32322.44444444444,0.13333333333333333,5234.2754985755,0.0,0.0,5387.074074074077,16773.577777777777,0.0,0.0,17975.4,2655.337393162394,17975.4
384,bottle_bottle_1_20260605032756_0012.jpg,bottle,bottle,72.44999999999999,0.83,72.44999999999999,1305.0,1,success,0.4875,0.575,0.2803125,1.1304347826086956,0.490625,0.5020833333333333,0.5119602084159851,26792.46767676767,27305.626262626265,0.13333333333333333,4465.411279461281,0.0,0.0,4550.9377104377145,16212.577777777778,0.0,0.0,14508.4,2254.087247474749,16212.577777777778
385,bottle_bottle_1_20260605032758_0013.jpg,bottle,bottle,72.44999999999999,0.83,72.44999999999999,1305.0,0,slip,0.46875,0.5729166666666666,0.2685546875,1.0909090909090908,0.49375,0.503125,0.6930552124977112,12616.600000000002,4386.167901234568,0.04814814814814814,2102.766666666667,0.0,0.0,731.0279835390946,14148.6,0.0,0.0,10609.377777777778,708.4486625514404,14148.6
386,bottle_bottle_1_20260605032758_0013.jpg,bottle,bottle,72.44999999999999,0.91,72.44999999999999,1305.0,0,overforce,0.46875,0.5729166666666666,0.2685546875,1.0909090909090908,0.49375,0.503125,0.6930552124977112,40002.97777777776,53730.74152046785,0.23157894736842108,6667.162962962962,0.0,0.0,8955.123586744643,17490.6,0.0,0.0,17383.37777777778,3905.5716374269014,17490.6
387,bottle_bottle_1_20260605032758_0013.jpg,bottle,bottle,72.45,0.88,72.45,1305.0,1,success,0.46875,0.5729166666666666,0.2685546875,1.0909090909090908,0.49375,0.503125,0.6930552124977112,17765.649999999998,31085.994444444437,0.10000000000000002,2960.941666666666,0.0,0.0,5180.999074074073,17884.6,0.0,0.0,16357.866666666667,2035.485185185185,17884.6
388,bottle_bottle_1_20260605032800_0014.jpg,bottle,bottle,72.44999999999999,0.82,72.44999999999999,1305.0,0,slip,0.471875,0.575,0.271328125,1.0942028985507246,0.4921875,0.5041666666666667,0.5898610949516296,5426.729411764706,4377.707189542483,0.03333333333333333,904.4549019607844,0.0,0.0,729.6178649237472,10979.6,0.0,0.0,10767.377777777778,408.5181917211329,10979.6
389,bottle_bottle_1_20260605032800_0014.jpg,bottle,bottle,72.44999999999999,0.91,72.44999999999999,1305.0,0,overforce,0.471875,0.575,0.271328125,1.0942028985507246,0.4921875,0.5041666666666667,0.5898610949516296,51933.543434343424,53239.96161616161,0.26666666666666666,8655.59057239057,0.0,0.0,8873.32693602694,16961.577777777777,0.0,0.0,18519.4,4382.229377104378,18519.4
390,bottle_bottle_1_20260605032800_0014.jpg,bottle,bottle,72.45,0.84,72.45,1305.0,1,success,0.471875,0.575,0.271328125,1.0942028985507246,0.4921875,0.5041666666666667,0.5898610949516296,13931.537500000004,25829.22083333333,0.0979166666666667,2321.9229166666673,0.0,0.0,4304.870138888888,14247.6,0.0,0.0,16333.866666666667,1656.6982638888887,16333.866666666667
391,bottle_bottle_1_20260605032801_0015.jpg,bottle,bottle,72.44999999999999,0.8,72.44999999999999,1305.0,0,slip,0.4796875,0.5979166666666667,0.28681315104166666,1.0696864111498259,0.49140625,0.5114583333333333,0.559411346912384,15857.594444444441,17759.899999999998,0.06666666666666667,2642.932407407407,0.0,0.0,2959.9833333333327,16762.844444444443,0.0,0.0,18308.4,1400.728935185185,18308.4
392,bottle_bottle_1_20260605032801_0015.jpg,bottle,bottle,72.45,0.89,72.45,1305.0,0,overforce,0.4796875,0.5979166666666667,0.28681315104166666,1.0696864111498259,0.49140625,0.5114583333333333,0.559411346912384,36036.17222222221,31973.19444444444,0.13333333333333333,6006.028703703705,0.0,0.0,5328.865740740743,18296.844444444443,0.0,0.0,19892.4,2833.723611111112,19892.4
393,bottle_bottle_1_20260605032801_0015.jpg,bottle,bottle,72.44999999999999,0.85,72.44999999999999,1305.0,1,success,0.4796875,0.5979166666666667,0.28681315104166666,1.0696864111498259,0.49140625,0.5114583333333333,0.559411346912384,31043.622222222217,18868.933333333334,0.10000000000000002,5173.93703703704,0.0,0.0,3144.822222222222,16637.844444444443,0.0,0.0,18908.4,2079.6898148148157,18908.4
394,bottle_bottle_1_20260605032803_0016.jpg,bottle,bottle,72.44999999999999,0.8,72.44999999999999,1305.0,0,slip,0.4796875,0.5770833333333333,0.2768196614583333,1.108303249097473,0.49296875,0.5052083333333334,0.5992894768714905,22682.19191919192,15057.862626262626,0.0909090909090909,3780.365319865319,0.0,0.0,2509.643771043771,16587.577777777777,0.0,0.0,15363.044444444444,1572.5022727272726,16587.577777777777
395,bottle_bottle_1_20260605032803_0016.jpg,bottle,bottle,72.45,0.92,72.45,1305.0,0,overforce,0.4796875,0.5770833333333333,0.2768196614583333,1.108303249097473,0.49296875,0.5052083333333334,0.5992894768714905,23351.63492063492,22925.63492063491,0.09404761904761905,3891.9391534391534,0.0,0.0,3820.939153439152,19572.577777777777,0.0,0.0,18459.044444444444,1928.2195767195763,19572.577777777777
396,bottle_bottle_1_20260605032803_0016.jpg,bottle,bottle,72.45,0.88,72.45,1305.0,1,success,0.4796875,0.5770833333333333,0.2768196614583333,1.108303249097473,0.49296875,0.5052083333333334,0.5992894768714905,19712.844444444443,36078.84444444444,0.10000000000000002,3285.4740740740735,0.0,0.0,6013.140740740744,19813.577777777777,0.0,0.0,19177.044444444444,2324.653703703704,19813.577777777777
397,bottle_bottle_1_20260605032804_0017.jpg,bottle,bottle,72.44999999999999,0.8,72.44999999999999,1305.0,0,slip,0.4828125,0.5729166666666666,0.276611328125,1.1236363636363635,0.49296875,0.5052083333333334,0.48849567770957947,31988.69494949495,28765.436363636363,0.12727272727272726,5331.449158249158,0.0,0.0,4794.239393939395,17852.844444444443,0.0,0.0,18530.4,2531.422138047138,18530.4
398,bottle_bottle_1_20260605032804_0017.jpg,bottle,bottle,72.45,0.89,72.45,1305.0,0,overforce,0.4828125,0.5729166666666666,0.276611328125,1.1236363636363635,0.49296875,0.5052083333333334,0.48849567770957947,35732.122222222206,35172.944444444445,0.13333333333333333,5955.353703703704,0.0,0.0,5862.157407407408,18390.577777777777,0.0,0.0,18441.4,2954.3777777777777,18441.4
399,bottle_bottle_1_20260605032804_0017.jpg,bottle,bottle,72.45,0.84,72.45,1305.0,1,success,0.4828125,0.5729166666666666,0.276611328125,1.1236363636363635,0.49296875,0.5052083333333334,0.48849567770957947,33036.186928104566,33935.50326797386,0.13333333333333333,5506.0311546840985,0.0,0.0,5655.91721132898,18700.577777777777,0.0,0.0,17672.4,2790.4870915032698,18700.577777777777
400,bottle_bottle_1_20260605032806_0018.jpg,bottle,bottle,72.44999999999999,0.82,72.44999999999999,1305.0,0,slip,0.484375,0.56875,0.27548828125,1.1355311355311355,0.4921875,0.5052083333333334,0.4498499929904938,26128.584126984126,18575.828571428567,0.09285714285714286,4354.764021164022,0.0,0.0,3095.971428571428,19083.844444444443,0.0,0.0,19150.4,1862.6838624338625,19150.4
401,bottle_bottle_1_20260605032806_0018.jpg,bottle,bottle,72.45,0.9,72.45,1305.0,0,overforce,0.484375,0.56875,0.27548828125,1.1355311355311355,0.4921875,0.5052083333333334,0.4498499929904938,51291.971241830084,40796.975163398696,0.23137254901960788,8548.66187363834,0.0,0.0,6799.495860566449,15618.577777777778,0.0,0.0,18158.866666666665,3837.0394335511974,18158.866666666665
402,bottle_bottle_1_20260605032806_0018.jpg,bottle,bottle,72.45,0.86,72.45,1305.0,1,success,0.484375,0.56875,0.27548828125,1.1355311355311355,0.4921875,0.5052083333333334,0.4498499929904938,30064.77777777778,47949.483555555555,0.1960000000000001,5010.796296296296,0.0,0.0,7991.580592592593,16070.6,0.0,0.0,16079.866666666667,3250.594222222222,16079.866666666667
403,bottle_bottle_1_20260605032807_0019.jpg,bottle,bottle,72.44999999999999,0.83,72.44999999999999,1305.0,0,slip,0.478125,0.5729166666666666,0.27392578125,1.1127272727272728,0.490625,0.5052083333333334,0.5295957326889038,27653.511111111107,27423.811111111103,0.13333333333333333,4608.918518518518,0.0,0.0,4570.635185185184,17643.577777777777,0.0,0.0,15252.377777777778,2294.8884259259257,17643.577777777777
404,bottle_bottle_1_20260605032807_0019.jpg,bottle,bottle,72.44999999999999,0.91,72.44999999999999,1305.0,0,overforce,0.478125,0.5729166666666666,0.27392578125,1.1127272727272728,0.490625,0.5052083333333334,0.5295957326889038,31691.511111111107,49032.088888888895,0.20000000000000004,5281.918518518518,0.0,0.0,8172.014814814818,17397.577777777777,0.0,0.0,16115.377777777778,3363.483333333334,17397.577777777777
405,bottle_bottle_1_20260605032807_0019.jpg,bottle,bottle,72.45,0.86,72.45,1305.0,1,success,0.478125,0.5729166666666666,0.27392578125,1.1127272727272728,0.490625,0.5052083333333334,0.5295957326889038,25266.716666666674,17606.31666666666,0.10000000000000002,4211.119444444443,0.0,0.0,2934.38611111111,14803.6,0.0,0.0,17696.866666666665,1786.3763888888882,17696.866666666665
406,bottle_bottle_1_20260605032809_0020.jpg,bottle,bottle,72.44999999999999,0.82,72.44999999999999,1305.0,0,slip,0.4828125,0.575,0.2776171875,1.1195652173913044,0.48671875,0.50625,0.6452062129974365,25762.849206349205,26891.207936507933,0.13095238095238093,4293.808201058201,0.0,0.0,4481.867989417989,17339.577777777777,0.0,0.0,14401.044444444444,2193.9190476190474,17339.577777777777
407,bottle_bottle_1_20260605032809_0020.jpg,bottle,bottle,72.44999999999999,0.91,72.44999999999999,1305.0,0,overforce,0.4828125,0.575,0.2776171875,1.1195652173913044,0.48671875,0.50625,0.6452062129974365,20349.666666666668,20156.244444444448,0.06666666666666667,3391.6111111111113,0.0,0.0,3359.374074074075,20386.6,0.0,0.0,20242.37777777778,1687.7462962962966,20386.6
408,bottle_bottle_1_20260605032809_0020.jpg,bottle,bottle,72.45,0.87,72.45,1305.0,1,success,0.4828125,0.575,0.2776171875,1.1195652173913044,0.48671875,0.50625,0.6452062129974365,29075.71111111111,49243.80130718955,0.19803921568627456,4845.951851851852,0.0,0.0,8207.300217864928,16289.6,0.0,0.0,16762.866666666665,3263.3130174291946,16762.866666666665
409,bottle_bottle_1_20260605032811_0021.jpg,bottle,bottle,72.44999999999999,0.83,72.44999999999999,1305.0,0,slip,0.48125,0.575,0.27671875,1.1159420289855073,0.4890625,0.50625,0.5448511242866516,27566.615277777775,19814.147222222222,0.11458333333333331,4594.43587962963,0.0,0.0,3302.357870370371,16757.577777777777,0.0,0.0,16477.37777777778,1974.1984375000002,16757.577777777777
410,bottle_bottle_1_20260605032811_0021.jpg,bottle,bottle,72.45,0.89,72.45,1305.0,0,overforce,0.48125,0.575,0.27671875,1.1159420289855073,0.4890625,0.50625,0.5448511242866516,29923.413071895422,30618.657516339863,0.13333333333333333,4987.235511982571,0.0,0.0,5103.109586056644,18635.577777777777,0.0,0.0,17124.044444444444,2522.586274509804,18635.577777777777
411,bottle_bottle_1_20260605032811_0021.jpg,bottle,bottle,72.44999999999999,0.85,72.44999999999999,1305.0,1,success,0.48125,0.575,0.27671875,1.1159420289855073,0.4890625,0.50625,0.5448511242866516,28751.827777777777,28821.272222222215,0.13333333333333333,4791.971296296296,0.0,0.0,4803.545370370369,18001.577777777777,0.0,0.0,17464.37777777778,2398.879166666666,18001.577777777777
412,bottle_bottle_1_20260605032812_0022.jpg,bottle,bottle,72.45,0.84,72.45,1305.0,0,fail,0.4796875,0.5729166666666666,0.2748209635416667,1.1163636363636364,0.48828125,0.5052083333333334,0.5531318187713623,18311.065116279056,18566.261498707998,0.06666666666666672,3051.8441860465095,0.0,0.0,3094.3769164513333,18479.6,0.0,0.0,18710.37777777778,1536.5552756244606,18710.37777777778
413,bottle_bottle_1_20260605032812_0022.jpg,bottle,bottle,72.45,0.84,72.45,1305.0,0,slip,0.4796875,0.5729166666666666,0.2748209635416667,1.1163636363636364,0.48828125,0.5052083333333334,0.5531318187713623,28763.749206349203,29590.136507936513,0.13333333333333333,4793.958201058201,0.0,0.0,4931.689417989419,17722.577777777777,0.0,0.0,16565.37777777778,2431.411904761905,17722.577777777777
414,bottle_bottle_1_20260605032812_0022.jpg,bottle,bottle,72.45,0.89,72.45,1305.0,0,overforce,0.4796875,0.5729166666666666,0.2748209635416667,1.1163636363636364,0.48828125,0.5052083333333334,0.5531318187713623,34509.335672514615,30974.211695906426,0.13333333333333333,5751.5559454191025,0.0,0.0,5162.368615984404,17746.577777777777,0.0,0.0,18176.37777777778,2728.4811403508766,18176.37777777778
415,bottle_bottle_1_20260605032812_0022.jpg,bottle,bottle,72.44999999999999,0.85,72.44999999999999,1305.0,1,success,0.4796875,0.5729166666666666,0.2748209635416667,1.1163636363636364,0.48828125,0.5052083333333334,0.5531318187713623,19468.411111111105,19088.794444444444,0.06666666666666667,3244.735185185184,0.0,0.0,3181.465740740741,19523.577777777777,0.0,0.0,19156.044444444444,1606.5502314814812,19523.577777777777
416,bottle_bottle_1_20260605032814_0023.jpg,bottle,bottle,72.44999999999999,0.8,72.44999999999999,1305.0,0,slip,0.4765625,0.5729166666666666,0.2730305989583333,1.1090909090909091,0.48828125,0.5052083333333334,0.6240443587303162,20473.854700854703,15412.531623931627,0.09487179487179488,3412.309116809117,0.0,0.0,2568.755270655271,13366.577777777778,0.0,0.0,16428.37777777778,1495.266096866097,16428.37777777778
417,bottle_bottle_1_20260605032814_0023.jpg,bottle,bottle,72.45,0.92,72.45,1305.0,0,overforce,0.4765625,0.5729166666666666,0.2730305989583333,1.1090909090909091,0.48828125,0.5052083333333334,0.6240443587303162,30199.177777777775,34765.86805555556,0.1625,5033.196296296296,0.0,0.0,5794.311342592594,19644.6,0.0,0.0,18905.37777777778,2706.8769097222225,19644.6
418,bottle_bottle_1_20260605032814_0023.jpg,bottle,bottle,72.45,0.84,72.45,1305.0,1,success,0.4765625,0.5729166666666666,0.2730305989583333,1.1090909090909091,0.48828125,0.5052083333333334,0.6240443587303162,30219.820634920634,26643.136507936502,0.13333333333333333,5036.636772486772,0.0,0.0,4440.522751322751,17467.6,0.0,0.0,17401.37777777778,2369.289880952381,17467.6
419,bottle_bottle_1_20260605032816_0024.jpg,bottle,bottle,72.44999999999999,0.82,72.44999999999999,1305.0,0,slip,0.484375,0.5708333333333333,0.2764973958333333,1.1313868613138687,0.4890625,0.5041666666666667,0.5858408212661743,10918.133333333337,10223.904938271606,0.05185185185185184,1819.6888888888893,0.0,0.0,1703.984156378601,15673.6,0.0,0.0,14909.377777777778,880.9182613168725,15673.6
420,bottle_bottle_1_20260605032816_0024.jpg,bottle,bottle,72.45,0.89,72.45,1305.0,0,overforce,0.484375,0.5708333333333333,0.2764973958333333,1.1313868613138687,0.4890625,0.5041666666666667,0.5858408212661743,51107.644444444464,41635.734567901236,0.2314814814814815,8517.940740740738,0.0,0.0,6939.289094650206,16794.6,0.0,0.0,18896.866666666665,3864.3074588477357,18896.866666666665
421,bottle_bottle_1_20260605032816_0024.jpg,bottle,bottle,72.45,0.86,72.45,1305.0,1,success,0.484375,0.5708333333333333,0.2764973958333333,1.1313868613138687,0.4890625,0.5041666666666667,0.5858408212661743,30105.134299516907,49686.77584541064,0.20000000000000007,5017.522383252817,0.0,0.0,8281.129307568439,18100.577777777777,0.0,0.0,15731.377777777778,3324.662922705314,18100.577777777777
422,bottle_bottle_1_20260605032823_0025.jpg,bottle,bottle,72.44999999999999,0.85,72.44999999999999,1305.0,1,success,0.4640625,0.5770833333333333,0.267802734375,1.0722021660649819,0.49765625,0.49895833333333334,0.287070631980896,32449.606349206348,27683.065079365075,0.13333333333333333,5408.267724867725,0.0,0.0,4613.844179894179,17029.577777777777,0.0,0.0,17178.37777777778,2505.527976190476,17178.37777777778
423,bottle_bottle_1_20260605032827_0026.jpg,bottle,bottle,72.44999999999999,0.8,72.44999999999999,1305.0,0,slip,0.475,0.5666666666666667,0.26916666666666667,1.1176470588235294,0.4859375,0.5020833333333333,0.5996112823486328,2686.1458333333335,6858.402777777778,0.02708333333333333,447.69097222222223,0.0,0.0,1143.0671296296298,8909.066666666668,0.0,0.0,14935.866666666667,397.689525462963,14935.866666666667
424,bottle_bottle_1_20260605032827_0026.jpg,bottle,bottle,72.45,0.89,72.45,1305.0,0,overforce,0.475,0.5666666666666667,0.26916666666666667,1.1176470588235294,0.4859375,0.5020833333333333,0.5996112823486328,57414.488888888896,34589.399999999994,0.20000000000000004,9569.081481481478,0.0,0.0,5764.9,17371.844444444443,0.0,0.0,17669.4,3833.4953703703695,17669.4
425,bottle_bottle_1_20260605032827_0026.jpg,bottle,bottle,72.45,0.86,72.45,1305.0,1,success,0.475,0.5666666666666667,0.26916666666666667,1.1176470588235294,0.4859375,0.5020833333333333,0.5996112823486328,40664.43333333333,29611.488888888893,0.16666666666666663,6777.405555555555,0.0,0.0,4935.248148148147,18261.844444444443,0.0,0.0,18680.4,2928.1634259259254,18680.4
426,bottle_bottle_1_20260605032829_0027.jpg,bottle,bottle,72.44999999999999,0.8,72.44999999999999,1305.0,0,slip,0.4828125,0.5979166666666667,0.288681640625,1.0766550522648084,0.48515625,0.5114583333333333,0.7691816687583923,19505.32727272727,23778.1494949495,0.11515151515151514,3250.887878787879,0.0,0.0,3963.024915824916,16349.577777777778,0.0,0.0,13972.377777777778,1803.478198653199,16349.577777777778
427,bottle_bottle_1_20260605032829_0027.jpg,bottle,bottle,72.45,0.9,72.45,1305.0,0,overforce,0.4828125,0.5979166666666667,0.288681640625,1.0766550522648084,0.48515625,0.5114583333333333,0.7691816687583923,27135.0547008547,46834.13931623931,0.18076923076923077,4522.509116809117,0.0,0.0,7805.689886039886,19542.577777777777,0.0,0.0,18002.044444444444,3082.049750712251,19542.577777777777
428,bottle_bottle_1_20260605032829_0027.jpg,bottle,bottle,72.44999999999999,0.85,72.44999999999999,1305.0,0,slip,0.4828125,0.5979166666666667,0.288681640625,1.0766550522648084,0.48515625,0.5114583333333333,0.7691816687583923,31017.363492063487,30742.83809523809,0.12857142857142856,5169.560582010582,0.0,0.0,5123.806349206348,18950.577777777777,0.0,0.0,18302.4,2573.3417328042324,18950.577777777777
429,bottle_bottle_1_20260605032829_0027.jpg,bottle,bottle,72.44999999999999,0.85,72.44999999999999,1305.0,1,success,0.4828125,0.5979166666666667,0.288681640625,1.0766550522648084,0.48515625,0.5114583333333333,0.7691816687583923,34296.69494949494,30841.626262626272,0.13333333333333333,5716.115824915826,0.0,0.0,5140.271043771048,19317.844444444443,0.0,0.0,19612.4,2714.0967171717184,19612.4
430,bottle_bottle_1_20260605032830_0028.jpg,bottle,bottle,72.44999999999999,0.82,72.44999999999999,1305.0,0,fail,0.4890625,0.5875,0.28732421875,1.1099290780141844,0.47890625,0.5083333333333333,0.6122071743011475,25619.454320987654,39947.437037037045,0.17283950617283958,4269.909053497941,0.0,0.0,6657.906172839508,17527.577777777777,0.0,0.0,17845.4,2731.9538065843626,17845.4
431,bottle_bottle_1_20260605032830_0028.jpg,bottle,bottle,72.44999999999999,0.82,72.44999999999999,1305.0,0,slip,0.4890625,0.5875,0.28732421875,1.1099290780141844,0.47890625,0.5083333333333333,0.6122071743011475,35211.79722222222,31363.81944444444,0.13333333333333333,5868.632870370369,0.0,0.0,5227.30324074074,19655.577777777777,0.0,0.0,19625.4,2773.9840277777776,19655.577777777777
432,bottle_bottle_1_20260605032830_0028.jpg,bottle,bottle,72.45,0.89,72.45,1305.0,0,overforce,0.4890625,0.5875,0.28732421875,1.1099290780141844,0.47890625,0.5083333333333333,0.6122071743011475,36894.222222222204,36650.944444444445,0.13333333333333333,6149.037037037037,0.0,0.0,6108.490740740742,19920.577777777777,0.0,0.0,19684.4,3064.381944444445,19920.577777777777
433,bottle_bottle_1_20260605032830_0028.jpg,bottle,bottle,72.45,0.88,72.45,1305.0,1,success,0.4890625,0.5875,0.28732421875,1.1099290780141844,0.47890625,0.5083333333333333,0.6122071743011475,38296.755555555545,36137.31111111111,0.13333333333333333,6382.792592592595,0.0,0.0,6022.885185185189,19543.577777777777,0.0,0.0,20100.4,3101.4194444444456,20100.4
434,bottle_bottle_1_20260605032832_0029.jpg,bottle,bottle,72.45,0.84,72.45,1305.0,0,slip,0.46875,0.5916666666666667,0.27734375,1.056338028169014,0.4640625,0.5083333333333333,0.8502089977264404,34331.35726495725,33382.64444444444,0.1282051282051282,5721.892877492879,0.0,0.0,5563.774074074076,19490.577777777777,0.0,0.0,18807.044444444444,2821.416737891739,19490.577777777777
435,bottle_bottle_1_20260605032832_0029.jpg,bottle,bottle,72.44999999999999,0.85,72.44999999999999,1305.0,1,success,0.46875,0.5916666666666667,0.27734375,1.056338028169014,0.4640625,0.5083333333333333,0.8502089977264404,34833.797222222216,37020.069444444445,0.13333333333333333,5805.632870370373,0.0,0.0,6170.0115740740775,20292.577777777777,0.0,0.0,19289.044444444444,2993.9111111111124,20292.577777777777
436,bottle_bottle_1_20260605032833_0030.jpg,bottle,bottle,72.44999999999999,0.83,72.44999999999999,1305.0,0,slip,0.4703125,0.5916666666666667,0.27826822916666666,1.0598591549295775,0.46484375,0.5083333333333333,0.8573794960975647,34196.89590643274,33144.76023391814,0.13333333333333333,5699.482651072125,0.0,0.0,5524.126705653026,19429.844444444443,0.0,0.0,17868.044444444444,2805.902339181288,19429.844444444443
437,bottle_bottle_1_20260605032833_0030.jpg,bottle,bottle,72.45,0.92,72.45,1305.0,0,overforce,0.4703125,0.5916666666666667,0.27826822916666666,1.0598591549295775,0.46484375,0.5083333333333333,0.8573794960975647,33964.186928104566,37565.738562091516,0.13333333333333333,5660.697821350765,0.0,0.0,6260.956427015255,20353.577777777777,0.0,0.0,19505.4,2980.413562091505,20353.577777777777
438,bottle_bottle_1_20260605032833_0030.jpg,bottle,bottle,72.45,0.86,72.45,1305.0,1,success,0.4703125,0.5916666666666667,0.27826822916666666,1.0598591549295775,0.46484375,0.5083333333333333,0.8573794960975647,37527.96068376067,35435.982905982906,0.13333333333333333,6254.660113960116,0.0,0.0,5905.997150997154,20411.577777777777,0.0,0.0,20289.4,3040.1643162393175,20411.577777777777
439,bottle_bottle_1_20260605032835_0031.jpg,bottle,bottle,72.44999999999999,0.78,72.44999999999999,1305.0,0,slip,0.4671875,0.5875,0.27447265625,1.0602836879432624,0.46328125,0.50625,0.8391240835189819,26580.824691358022,24327.666666666668,0.09999999999999999,4430.13744855967,0.0,0.0,4054.6111111111113,19054.577777777777,0.0,0.0,18708.044444444444,2121.1871399176953,19054.577777777777
440,bottle_bottle_1_20260605032835_0031.jpg,bottle,bottle,72.45,0.79,72.45,1305.0,0,slip,0.4671875,0.5875,0.27447265625,1.0602836879432624,0.46328125,0.50625,0.8391240835189819,21945.209876543206,31234.555555555555,0.1074074074074074,3657.5349794238678,0.0,0.0,5205.759259259259,19873.577777777777,0.0,0.0,18586.044444444444,2215.823559670782,19873.577777777777
441,bottle_bottle_1_20260605032835_0031.jpg,bottle,bottle,72.45,0.89,72.45,1305.0,0,overforce,0.4671875,0.5875,0.27447265625,1.0602836879432624,0.46328125,0.50625,0.8391240835189819,38163.68888888888,33460.64444444444,0.13333333333333333,6360.614814814817,0.0,0.0,5576.774074074077,19354.844444444443,0.0,0.0,19720.044444444444,2984.3472222222235,19720.044444444444
442,bottle_bottle_1_20260605032835_0031.jpg,bottle,bottle,72.44999999999999,0.85,72.44999999999999,1305.0,1,success,0.4671875,0.5875,0.27447265625,1.0602836879432624,0.46328125,0.50625,0.8391240835189819,38632.207936507926,38112.158730158735,0.13333333333333333,6438.701322751325,0.0,0.0,6352.026455026459,19506.577777777777,0.0,0.0,19603.4,3197.6819444444463,19603.4
443,bottle_bottle_1_20260605032836_0032.jpg,bottle,bottle,72.44999999999999,0.78,72.44999999999999,1305.0,0,slip,0.46875,0.5875,0.275390625,1.0638297872340425,0.471875,0.50625,0.8442699313163757,19953.81555555555,20201.924444444445,0.07666666666666666,3325.635925925925,0.0,0.0,3366.9874074074078,19349.577777777777,0.0,0.0,18321.044444444444,1673.1558333333332,19349.577777777777
444,bottle_bottle_1_20260605032836_0032.jpg,bottle,bottle,72.44999999999999,0.8,72.44999999999999,1305.0,0,slip,0.46875,0.5875,0.275390625,1.0638297872340425,0.471875,0.50625,0.8442699313163757,18967.830555555556,26592.916666666668,0.11249999999999999,3161.3050925925927,0.0,0.0,4432.152777777778,17684.844444444443,0.0,0.0,18067.4,1898.3644675925927,18067.4
445,bottle_bottle_1_20260605032836_0032.jpg,bottle,bottle,72.45,0.9,72.45,1305.0,0,overforce,0.46875,0.5875,0.275390625,1.0638297872340425,0.471875,0.50625,0.8442699313163757,51427.17979797979,35390.53939393939,0.19999999999999998,8571.196632996633,0.0,0.0,5898.423232323232,16815.844444444443,0.0,0.0,17780.866666666665,3617.404966329966,17780.866666666665
446,bottle_bottle_1_20260605032836_0032.jpg,bottle,bottle,72.45,0.84,72.45,1305.0,1,success,0.46875,0.5875,0.275390625,1.0638297872340425,0.471875,0.50625,0.8442699313163757,44439.83664717348,33590.81052631574,0.1830409356725145,7406.639441195591,0.0,0.0,5598.468421052628,17228.844444444443,0.0,0.0,17351.866666666665,3251.276965562055,17351.866666666665
447,bottle_bottle_1_20260605032838_0033.jpg,bottle,bottle,72.45,0.84,72.45,1305.0,1,success,0.459375,0.5729166666666666,0.26318359375,1.069090909090909,0.4640625,0.5010416666666667,0.7637624740600586,15554.885470085468,35795.84615384614,0.158974358974359,2592.4809116809115,0.0,0.0,5965.974358974362,15693.577777777778,0.0,0.0,11451.4,2139.6138176638183,15693.577777777778
448,bottle_bottle_1_20260605032840_0034.jpg,bottle,bottle,72.44999999999999,0.85,72.44999999999999,1305.0,1,success,0.46875,0.5916666666666667,0.27734375,1.056338028169014,0.4640625,0.5083333333333333,0.7859034538269043,22557.209356725147,24130.897076023386,0.12807017543859647,3759.5348927875243,0.0,0.0,4021.816179337231,16165.577777777778,0.0,0.0,13060.377777777778,1945.3377680311887,16165.577777777778
449,bottle_bottle_1_20260605032841_0035.jpg,bottle,bottle,72.45,0.86,72.45,1305.0,1,success,0.45625,0.5791666666666667,0.26424479166666665,1.0503597122302157,0.4625,0.5020833333333333,0.7304471135139465,22661.24027777778,29078.76944444443,0.13541666666666666,3776.8733796296297,0.0,0.0,4846.461574074073,12033.577777777778,0.0,0.0,16559.866666666665,2155.8337384259257,16559.866666666665
450,bottle_bottle_1_20260605032843_0036.jpg,bottle,bottle,72.45,0.87,72.45,1305.0,1,success,0.4609375,0.575,0.2650390625,1.068840579710145,0.46015625,0.5020833333333333,0.7199855446815491,24285.412500000006,32077.74444444443,0.13124999999999998,4047.568749999999,0.0,0.0,5346.290740740739,16462.6,0.0,0.0,17483.866666666665,2348.4648726851847,17483.866666666665
451,bottle_bottle_1_20260605032844_0037.jpg,bottle,bottle,72.45,0.89,72.45,1305.0,1,success,0.4671875,0.5770833333333333,0.26960611979166665,1.0794223826714802,0.45703125,0.5010416666666667,0.7804372906684875,32971.120634920626,32473.173015873002,0.15952380952380954,5495.186772486772,0.0,0.0,5412.195502645502,16751.6,0.0,0.0,17928.866666666665,2726.8455687830683,17928.866666666665
452,bottle_bottle_1_20260605032846_0038.jpg,bottle,bottle,72.45,0.88,72.45,1305.0,1,success,0.4609375,0.5770833333333333,0.2659993489583333,1.0649819494584838,0.46015625,0.503125,0.7769470810890198,50241.16581196582,31627.958974358975,0.2,8373.527635327635,0.0,0.0,5271.3264957264955,16137.844444444445,0.0,0.0,17971.4,3411.2135327635324,17971.4
453,bottle_bottle_1_20260605032848_0039.jpg,bottle,bottle,72.45,0.89,72.45,1305.0,1,success,0.471875,0.5979166666666667,0.28214192708333335,1.0522648083623694,0.4671875,0.5114583333333333,0.6965366005897522,53724.627350427356,50167.38119658121,0.26666666666666666,8954.104558404555,0.0,0.0,8361.230199430203,16572.844444444443,0.0,0.0,18396.4,4328.83368945869,18396.4
454,bottle_bottle_1_20260605032849_0040.jpg,bottle,bottle,72.45,0.88,72.45,1305.0,1,success,0.4671875,0.5791666666666667,0.2705794270833333,1.0755395683453237,0.45546875,0.50625,0.699232280254364,33859.70972222221,40404.248611111114,0.16874999999999998,5643.284953703706,0.0,0.0,6734.041435185186,16856.844444444443,0.0,0.0,18708.4,3094.331597222223,18708.4
455,bottle_bottle_1_20260605032851_0041.jpg,bottle,bottle,72.45,0.84,72.45,1305.0,1,success,0.465625,0.5729166666666666,0.2667643229166667,1.0836363636363637,0.446875,0.503125,0.6989032626152039,10100.63660130719,26826.420915032675,0.10000000000000002,1683.4394335511984,0.0,0.0,4471.070152505446,10398.577777777778,0.0,0.0,15899.866666666667,1538.6273965141609,15899.866666666667
456,bottle_bottle_1_20260605032852_0042.jpg,bottle,bottle,72.44999999999999,0.85,72.44999999999999,1305.0,1,success,0.4921875,0.5708333333333333,0.28095703125,1.1496350364963503,0.43515625,0.5041666666666667,0.6653017401695251,11006.666666666668,18274.933333333334,0.06666666666666667,1834.4444444444448,0.0,0.0,3045.822222222222,11462.066666666668,0.0,0.0,18394.866666666665,1220.0666666666666,18394.866666666665
457,bottle_bottle_1_20260605032854_0043.jpg,bottle,bottle,72.44999999999999,0.85,72.44999999999999,1305.0,1,success,0.4890625,0.5604166666666667,0.2740787760416667,1.1635687732342008,0.43515625,0.503125,0.46913209557533264,15016.827450980387,13611.691503267974,0.06666666666666667,0.0,1668.536383442265,1512.4101670297748,0.0,0.0,15113.533333333333,14619.044444444444,0.0,795.23663761801,15113.533333333333
458,bottle_bottle_1_20260605032855_0044.jpg,bottle,bottle,72.45,0.86,72.45,1305.0,1,success,0.478125,0.5729166666666666,0.27392578125,1.1127272727272728,0.446875,0.5052083333333334,0.5597656965255737,107178.3111111111,113430.11111111114,0.5317460317460317,8080.37936507936,6521.781657848323,6457.443738977073,9218.852910052912,16054.577777777778,18219.022222222222,17688.4,17168.4,7569.614417989417,18219.022222222222
459,bottle_bottle_1_20260605032857_0045.jpg,bottle,bottle,72.45,0.88,72.45,1305.0,1,success,0.471875,0.5729166666666666,0.2703450520833333,1.0981818181818181,0.44375,0.503125,0.7483193874359131,81061.01777777782,92918.72222222228,0.3983333333333335,5038.178703703705,5647.993950617281,6522.653086419753,5702.474074074079,16130.577777777778,18106.022222222222,17521.4,17421.4,5727.8249537037045,18106.022222222222
460,bottle_bottle_1_20260605032859_0046.jpg,bottle,bottle,72.44999999999999,0.83,72.44999999999999,1305.0,1,success,0.4875,0.5875,0.28640625,1.1063829787234043,0.4390625,0.5083333333333333,0.7377580404281616,15172.783333333327,5880.024074074074,0.05138888888888891,0.0,1685.8648148148143,653.3360082304526,0.0,0.0,16413.533333333333,11714.044444444444,0.0,584.8002057613168,16413.533333333333
461,bottle_bottle_1_20260605032900_0047.jpg,bottle,bottle,72.44999999999999,0.83,72.44999999999999,1305.0,1,success,0.465625,0.5875,0.2735546875,1.0567375886524824,0.453125,0.50625,0.8005102276802063,15759.235220125778,7418.814675052416,0.0735849056603774,0.0,1751.0261355695309,786.9065921267185,56.109224318658285,0.0,13171.533333333333,11010.044444444444,9421.866666666667,648.5104880037269,13171.533333333333
462,bottle_bottle_1_20260605032902_0048.jpg,bottle,bottle,72.45,0.88,72.45,1305.0,1,success,0.4625,0.59375,0.274609375,1.03859649122807,0.4609375,0.509375,0.8535332679748535,29173.941666666655,27117.065277777783,0.13333333333333333,0.0,3241.549074074073,1480.1527777777778,2299.2817129629634,0.0,14695.533333333333,13754.0,14280.377777777778,1755.2458912037036,14695.533333333333
463,bottle_bottle_1_20260605032903_0049.jpg,bottle,bottle,72.45,0.88,72.45,1305.0,1,success,0.46875,0.59375,0.2783203125,1.0526315789473684,0.4703125,0.509375,0.8125201463699341,35746.8502415459,34294.61062801934,0.13333333333333333,3066.3644122383257,1927.6293075684375,1738.275469672572,3108.355233494365,18486.577777777777,17416.533333333333,15800.044444444444,18698.044444444444,2460.156105743425,18698.044444444444
464,bottle_bottle_2_20260605032946_0000.jpg,bottle,bottle,72.44999999999999,0.76,72.44999999999999,1305.0,0,fail,0.4671875,0.59375,0.277392578125,1.0491228070175438,0.48203125,0.509375,0.7263967394828796,0.0,0.0,0.0,0.0,0.0,0.0,0.0,0.0,0.0,0.0,0.0,0.0,0.0
465,bottle_bottle_2_20260605032946_0000.jpg,bottle,bottle,72.44999999999999,0.78,72.44999999999999,1305.0,0,slip,0.4671875,0.59375,0.277392578125,1.0491228070175438,0.48203125,0.509375,0.7263967394828796,3937.8760233918133,7729.90058479532,0.03859649122807017,656.3126705653021,0.0,0.0,1288.3167641325535,11904.844444444445,0.0,0.0,11778.4,486.1573586744639,11904.844444444445
466,bottle_bottle_2_20260605032946_0000.jpg,bottle,bottle,72.45,0.79,72.45,1305.0,0,slip,0.4671875,0.59375,0.277392578125,1.0491228070175438,0.48203125,0.509375,0.7263967394828796,28461.588888888888,28802.94444444444,0.13333333333333333,4743.5981481481485,0.0,0.0,4800.490740740741,15693.844444444445,0.0,0.0,15681.4,2386.0222222222224,15693.844444444445
467,bottle_bottle_2_20260605032946_0000.jpg,bottle,bottle,72.44999999999999,0.8,72.44999999999999,1305.0,0,slip,0.4671875,0.59375,0.277392578125,1.0491228070175438,0.48203125,0.509375,0.7263967394828796,30597.422222222216,31099.50694444444,0.13333333333333333,5099.570370370372,0.0,0.0,5183.2511574074115,16563.844444444443,0.0,0.0,17580.4,2570.705381944446,17580.4
468,bottle_bottle_2_20260605032946_0000.jpg,bottle,bottle,72.44999999999999,0.81,72.44999999999999,1305.0,0,slip,0.4671875,0.59375,0.277392578125,1.0491228070175438,0.48203125,0.509375,0.7263967394828796,28132.657516339863,36129.91503267974,0.16274509803921566,4688.7762527233135,0.0,0.0,6021.652505446623,15288.844444444445,0.0,0.0,15872.4,2677.607189542484,15872.4
469,bottle_bottle_2_20260605032946_0000.jpg,bottle,bottle,72.45,0.9,72.45,1305.0,0,overforce,0.4671875,0.59375,0.277392578125,1.0491228070175438,0.48203125,0.509375,0.7263967394828796,56176.08888888888,62288.87070707071,0.26666666666666666,9362.68148148148,0.0,0.0,10381.478451178453,15862.577777777778,0.0,0.0,16280.4,4936.039983164983,16280.4
470,bottle_bottle_2_20260605032946_0000.jpg,bottle,bottle,72.45,0.89,72.45,1305.0,0,overforce,0.4671875,0.59375,0.277392578125,1.0491228070175438,0.48203125,0.509375,0.7263967394828796,55528.788888888885,56803.988888888874,0.26666666666666666,9254.798148148147,0.0,0.0,9467.331481481486,17185.577777777777,0.0,0.0,17577.4,4680.532407407409,17577.4
471,bottle_bottle_2_20260605032946_0000.jpg,bottle,bottle,72.44999999999999,0.91,72.44999999999999,1305.0,0,overforce,0.4671875,0.59375,0.277392578125,1.0491228070175438,0.48203125,0.509375,0.7263967394828796,58622.8888888889,62300.58888888889,0.26666666666666666,9770.48148148148,0.0,0.0,10383.431481481484,16898.577777777777,0.0,0.0,17373.4,5038.478240740741,17373.4
472,bottle_bottle_2_20260605032946_0000.jpg,bottle,bottle,72.45,0.92,72.45,1305.0,0,overforce,0.4671875,0.59375,0.277392578125,1.0491228070175438,0.48203125,0.509375,0.7263967394828796,58699.1888888889,62251.188888888886,0.26666666666666666,9783.198148148145,0.0,0.0,10375.198148148153,16799.577777777777,0.0,0.0,16477.4,5039.599074074074,16799.577777777777
473,bottle_bottle_2_20260605032946_0000.jpg,bottle,bottle,72.44999999999999,0.82,72.44999999999999,1305.0,1,success,0.4671875,0.59375,0.277392578125,1.0491228070175438,0.48203125,0.509375,0.7263967394828796,44778.87222222221,36577.466666666674,0.22222222222222224,7463.14537037037,0.0,0.0,6096.244444444443,14759.844444444445,0.0,0.0,15829.4,3389.847453703703,15829.4
474,bottle_bottle_2_20260605032947_0001.jpg,bottle,bottle,72.44999999999999,0.81,72.44999999999999,1305.0,0,slip,0.4546875,0.59375,0.269970703125,1.0210526315789474,0.48046875,0.5052083333333334,0.5807725191116333,19750.80666666667,28339.364444444444,0.13666666666666666,3291.801111111111,0.0,0.0,4723.227407407408,11956.844444444445,0.0,0.0,14532.866666666667,2003.7571296296296,14532.866666666667
475,bottle_bottle_2_20260605032947_0001.jpg,bottle,bottle,72.45,0.89,72.45,1305.0,0,overforce,0.4546875,0.59375,0.269970703125,1.0210526315789474,0.48046875,0.5052083333333334,0.5807725191116333,59157.72525252527,63372.23434343434,0.26666666666666666,9859.620875420875,0.0,0.0,10562.03905723906,15324.577777777778,0.0,0.0,17304.866666666665,5105.414983164984,17304.866666666665
476,bottle_bottle_2_20260605032947_0001.jpg,bottle,bottle,72.45,0.84,72.45,1305.0,1,success,0.4546875,0.59375,0.269970703125,1.0210526315789474,0.48046875,0.5052083333333334,0.5807725191116333,49197.4013888889,53885.06388888889,0.26666666666666666,8199.566898148145,0.0,0.0,8980.843981481485,14802.844444444445,0.0,0.0,15977.866666666667,4295.102719907407,15977.866666666667
477,bottle_bottle_2_20260605032949_0002.jpg,bottle,bottle,72.45,0.79,72.45,1305.0,0,slip,0.46875,0.5958333333333333,0.279296875,1.048951048951049,0.4890625,0.5083333333333333,0.7335772514343262,13086.571717171719,22028.187878787878,0.09696969696969697,2181.0952861952865,0.0,0.0,3671.364646464646,13741.844444444445,0.0,0.0,13345.4,1463.1149831649832,13741.844444444445
478,bottle_bottle_2_20260605032949_0002.jpg,bottle,bottle,72.45,0.9,72.45,1305.0,0,overforce,0.46875,0.5958333333333333,0.279296875,1.048951048951049,0.4890625,0.5083333333333333,0.7335772514343262,58843.03333333336,63775.966666666674,0.26666666666666666,9807.172222222216,0.0,0.0,10629.327777777778,15783.844444444445,0.0,0.0,16873.4,5109.124999999998,16873.4
479,bottle_bottle_2_20260605032949_0002.jpg,bottle,bottle,72.45,0.92,72.45,1305.0,0,overforce,0.46875,0.5958333333333333,0.279296875,1.048951048951049,0.4890625,0.5083333333333333,0.7335772514343262,59215.088888888895,64593.13333333333,0.26666666666666666,9869.181481481482,0.0,0.0,10765.522222222226,16203.844444444445,0.0,0.0,17191.4,5158.675925925927,17191.4
480,bottle_bottle_2_20260605032949_0002.jpg,bottle,bottle,72.44999999999999,0.82,72.44999999999999,1305.0,1,success,0.46875,0.5958333333333333,0.279296875,1.048951048951049,0.4890625,0.5083333333333333,0.7335772514343262,31164.707936507933,31625.801587301587,0.13333333333333333,5194.117989417991,0.0,0.0,5270.966931216934,16053.844444444445,0.0,0.0,17205.4,2616.2712301587317,17205.4
481,bottle_bottle_2_20260605032951_0003.jpg,bottle,bottle,72.44999999999999,0.78,72.44999999999999,1305.0,0,slip,0.46875,0.5958333333333333,0.279296875,1.048951048951049,0.48125,0.5083333333333333,0.768997311592102,13905.844444444445,16000.274999999998,0.06666666666666667,2317.640740740741,0.0,0.0,2666.7124999999996,14767.844444444445,0.0,0.0,16409.4,1246.088310185185,16409.4
482,bottle_bottle_2_20260605032951_0003.jpg,bottle,bottle,72.45,0.92,72.45,1305.0,0,overforce,0.46875,0.5958333333333333,0.279296875,1.048951048951049,0.48125,0.5083333333333333,0.768997311592102,60285.088888888895,64562.24444444444,0.26666666666666666,10047.514814814816,0.0,0.0,10760.374074074076,15980.577777777778,0.0,0.0,16400.866666666665,5201.972222222223,16400.866666666665
483,bottle_bottle_2_20260605032951_0003.jpg,bottle,bottle,72.44999999999999,0.82,72.44999999999999,1305.0,1,success,0.46875,0.5958333333333333,0.279296875,1.048951048951049,0.48125,0.5083333333333333,0.768997311592102,23676.644444444446,37006.044444444444,0.16666666666666663,3946.1074074074077,0.0,0.0,6167.674074074075,13736.844444444445,0.0,0.0,15790.866666666667,2528.4453703703707,15790.866666666667
484,bottle_bottle_2_20260605032952_0004.jpg,bottle,bottle,72.44999999999999,0.81,72.44999999999999,1305.0,0,slip,0.4671875,0.59375,0.277392578125,1.0491228070175438,0.48359375,0.5072916666666667,0.7786985635757446,8971.36,25269.44444444445,0.09666666666666665,1495.2266666666667,0.0,0.0,4211.574074074075,10558.066666666668,0.0,0.0,14338.377777777778,1426.7001851851853,14338.377777777778
485,bottle_bottle_2_20260605032952_0004.jpg,bottle,bottle,72.45,0.9,72.45,1305.0,0,overforce,0.4671875,0.59375,0.277392578125,1.0491228070175438,0.48359375,0.5072916666666667,0.7786985635757446,57253.71388888889,63023.68888888888,0.26666666666666666,9542.285648148149,0.0,0.0,10503.948148148149,15971.577777777778,0.0,0.0,16444.4,5011.558449074075,16444.4
486,bottle_bottle_2_20260605032952_0004.jpg,bottle,bottle,72.45,0.86,72.45,1305.0,1,success,0.4671875,0.59375,0.277392578125,1.0491228070175438,0.48359375,0.5072916666666667,0.7786985635757446,51984.2763888889,59513.1888888889,0.26666666666666666,8664.046064814811,0.0,0.0,9918.864814814819,14601.577777777778,0.0,0.0,15784.4,4645.727719907407,15784.4
487,bottle_bottle_2_20260605032954_0005.jpg,bottle,bottle,72.44999999999999,0.8,72.44999999999999,1305.0,0,slip,0.471875,0.5916666666666667,0.2791927083333333,1.0633802816901408,0.4828125,0.5083333333333333,0.6813093423843384,21658.15277777778,26165.016666666666,0.12499999999999999,3609.6921296296296,0.0,0.0,4360.836111111111,14378.844444444445,0.0,0.0,15090.4,1992.632060185185,15090.4
488,bottle_bottle_2_20260605032954_0005.jpg,bottle,bottle,72.45,0.9,72.45,1305.0,0,overforce,0.471875,0.5916666666666667,0.2791927083333333,1.0633802816901408,0.4828125,0.5083333333333333,0.6813093423843384,58893.21388888889,62639.81388888888,0.26666666666666666,9815.535648148149,0.0,0.0,10439.968981481483,16087.577777777778,0.0,0.0,16057.377777777778,5063.876157407408,16087.577777777778
489,bottle_bottle_2_20260605032954_0005.jpg,bottle,bottle,72.44999999999999,0.82,72.44999999999999,1305.0,1,success,0.471875,0.5916666666666667,0.2791927083333333,1.0633802816901408,0.4828125,0.5083333333333333,0.6813093423843384,32696.510000000002,45266.738888888896,0.2316666666666667,5449.418333333334,0.0,0.0,7544.456481481485,13897.844444444445,0.0,0.0,13709.866666666667,3248.4687037037047,13897.844444444445
490,bottle_bottle_2_20260605032955_0006.jpg,bottle,bottle,72.44999999999999,0.81,72.44999999999999,1305.0,0,slip,0.46875,0.59375,0.2783203125,1.0526315789473684,0.4859375,0.509375,0.7038466930389404,26023.15111111111,34483.044444444444,0.1833333333333333,4337.191851851851,0.0,0.0,5747.174074074075,13098.844444444445,0.0,0.0,13906.866666666667,2521.0914814814814,13906.866666666667
491,bottle_bottle_2_20260605032955_0006.jpg,bottle,bottle,72.45,0.92,72.45,1305.0,0,slip,0.46875,0.59375,0.2783203125,1.0526315789473684,0.4859375,0.509375,0.7038466930389404,60887.22222222225,63975.4888888889,0.26666666666666666,10147.870370370367,0.0,0.0,10662.581481481486,16388.577777777777,0.0,0.0,16559.37777777778,5202.612962962963,16559.37777777778
492,bottle_bottle_2_20260605032955_0006.jpg,bottle,bottle,72.45,0.92,72.45,1305.0,0,overforce,0.46875,0.59375,0.2783203125,1.0526315789473684,0.4859375,0.509375,0.7038466930389404,60135.543434343446,63930.96161616162,0.26666666666666666,10022.59057239057,0.0,0.0,10655.16026936027,16110.577777777778,0.0,0.0,16212.4,5169.437710437711,16212.4
493,bottle_bottle_2_20260605032955_0006.jpg,bottle,bottle,72.44999999999999,0.82,72.44999999999999,1305.0,0,slip,0.46875,0.59375,0.2783203125,1.0526315789473684,0.4859375,0.509375,0.7038466930389404,0.0,1105.3753086419754,0.003703703703703704,0.0,0.0,0.0,184.2292181069959,0.0,0.0,0.0,9948.377777777778,46.05730452674897,9948.377777777778
494,bottle_bottle_2_20260605032955_0006.jpg,bottle,bottle,72.44999999999999,0.82,72.44999999999999,1305.0,1,success,0.46875,0.59375,0.2783203125,1.0526315789473684,0.4859375,0.509375,0.7038466930389404,32387.047222222216,30634.88194444444,0.13333333333333333,5397.841203703706,0.0,0.0,5105.8136574074115,17008.577777777777,0.0,0.0,16284.4,2625.9137152777794,17008.577777777777
495,bottle_bottle_2_20260605032957_0007.jpg,bottle,bottle,72.45,0.79,72.45,1305.0,0,slip,0.4703125,0.59375,0.279248046875,1.056140350877193,0.48203125,0.509375,0.7157516479492188,22415.27777777778,24164.44444444444,0.12499999999999999,3735.8796296296296,0.0,0.0,4027.407407407407,15290.844444444445,0.0,0.0,14551.044444444444,1940.8217592592591,15290.844444444445
496,bottle_bottle_2_20260605032957_0007.jpg,bottle,bottle,72.45,0.92,72.45,1305.0,0,overforce,0.4703125,0.59375,0.279248046875,1.056140350877193,0.48203125,0.509375,0.7157516479492188,59524.53333333334,64567.57777777777,0.26666666666666666,9920.755555555557,0.0,0.0,10761.262962962966,15653.577777777778,0.0,0.0,17099.4,5170.504629629631,17099.4
497,bottle_bottle_2_20260605032957_0007.jpg,bottle,bottle,72.45,0.84,72.45,1305.0,1,success,0.4703125,0.59375,0.279248046875,1.056140350877193,0.48203125,0.509375,0.7157516479492188,33842.61734417343,33751.78590785911,0.13333333333333341,5640.436224028906,0.0,0.0,5625.297651309844,17633.844444444443,0.0,0.0,18134.4,2816.433468834687,18134.4
498,bottle_bottle_2_20260605032958_0008.jpg,bottle,bottle,72.45,0.79,72.45,1305.0,0,slip,0.4671875,0.5979166666666667,0.27933919270833335,1.0418118466898956,0.48671875,0.509375,0.7041251063346863,0.0,0.0,0.0,0.0,0.0,0.0,0.0,0.0,0.0,0.0,0.0,0.0,0.0
499,bottle_bottle_2_20260605032958_0008.jpg,bottle,bottle,72.45,0.9,72.45,1305.0,0,overforce,0.4671875,0.5979166666666667,0.27933919270833335,1.0418118466898956,0.48671875,0.509375,0.7041251063346863,57181.7811965812,63418.07350427351,0.26666666666666666,9530.296866096864,0.0,0.0,10569.678917378922,15857.577777777778,0.0,0.0,16637.4,5024.993945868946,16637.4
500,bottle_bottle_2_20260605032958_0008.jpg,bottle,bottle,72.45,0.84,72.45,1305.0,1,success,0.4671875,0.5979166666666667,0.27933919270833335,1.0418118466898956,0.48671875,0.509375,0.7041251063346863,38926.274853801166,49509.4187134503,0.22456140350877196,6487.712475633526,0.0,0.0,8251.569785575053,16480.577777777777,0.0,0.0,16877.4,3684.820565302145,16877.4
501,bottle_bottle_2_20260605033000_0009.jpg,bottle,bottle,72.44999999999999,0.81,72.44999999999999,1305.0,0,slip,0.4671875,0.5958333333333333,0.2783658854166667,1.0454545454545454,0.48984375,0.5083333333333333,0.7743591070175171,30136.211111111108,35254.3,0.17916666666666664,5022.701851851852,0.0,0.0,5875.716666666667,16122.844444444445,0.0,0.0,17242.4,2724.60462962963,17242.4
502,bottle_bottle_2_20260605033000_0009.jpg,bottle,bottle,72.45,0.9,72.45,1305.0,0,overforce,0.4671875,0.5958333333333333,0.2783658854166667,1.0454545454545454,0.48984375,0.5083333333333333,0.7743591070175171,59231.0888888889,63986.38888888889,0.26666666666666666,9871.848148148149,0.0,0.0,10664.39814814815,16532.577777777777,0.0,0.0,16423.4,5134.061574074074,16532.577777777777
503,bottle_bottle_2_20260605033000_0009.jpg,bottle,bottle,72.44999999999999,0.83,72.44999999999999,1305.0,1,success,0.4671875,0.5958333333333333,0.2783658854166667,1.0454545454545454,0.48984375,0.5083333333333333,0.7743591070175171,46777.04603174603,50370.44761904762,0.26190476190476186,7796.174338624337,0.0,0.0,8395.074603174606,15888.844444444445,0.0,0.0,16983.4,4047.8122354497355,16983.4
504,bottle_bottle_2_20260605033002_0010.jpg,bottle,bottle,72.44999999999999,0.81,72.44999999999999,1305.0,0,slip,0.4578125,0.59375,0.271826171875,1.0280701754385966,0.49609375,0.5052083333333334,0.6994948387145996,30174.622222222224,31152.444444444445,0.13333333333333333,5029.103703703703,0.0,0.0,5192.074074074075,17050.844444444443,0.0,0.0,17659.4,2555.2944444444447,17659.4
505,bottle_bottle_2_20260605033002_0010.jpg,bottle,bottle,72.45,0.89,72.45,1305.0,0,overforce,0.4578125,0.59375,0.271826171875,1.0280701754385966,0.49609375,0.5052083333333334,0.6994948387145996,60336.8031746032,63807.26031746033,0.26666666666666666,10056.133862433859,0.0,0.0,10634.54338624339,16339.577777777778,0.0,0.0,16475.4,5172.6693121693115,16475.4
506,bottle_bottle_2_20260605033002_0010.jpg,bottle,bottle,72.44999999999999,0.82,72.44999999999999,1305.0,1,success,0.4578125,0.59375,0.271826171875,1.0280701754385966,0.49609375,0.5052083333333334,0.6994948387145996,38503.28444444445,41370.977777777785,0.1977777777777778,6417.214074074074,0.0,0.0,6895.162962962962,16296.844444444445,0.0,0.0,16866.4,3328.094259259259,16866.4
507,bottle_bottle_2_20260605033003_0011.jpg,bottle,bottle,72.44999999999999,0.78,72.44999999999999,1305.0,0,slip,0.465625,0.5979166666666667,0.27840494791666665,1.038327526132404,0.490625,0.509375,0.6932728290557861,23648.6913580247,16910.73333333333,0.09629629629629628,3941.4485596707814,0.0,0.0,2818.4555555555553,16369.844444444445,0.0,0.0,17103.4,1689.976028806584,17103.4
508,bottle_bottle_2_20260605033003_0011.jpg,bottle,bottle,72.45,0.92,72.45,1305.0,0,overforce,0.465625,0.5979166666666667,0.27840494791666665,1.038327526132404,0.490625,0.509375,0.6932728290557861,58366.53333333334,62748.13333333333,0.26666666666666666,9727.755555555557,0.0,0.0,10458.022222222226,16911.844444444443,0.0,0.0,16825.4,5046.444444444445,16911.844444444443
509,bottle_bottle_2_20260605033003_0011.jpg,bottle,bottle,72.44999999999999,0.85,72.44999999999999,1305.0,1,success,0.465625,0.5979166666666667,0.27840494791666665,1.038327526132404,0.490625,0.509375,0.6932728290557861,49323.96464646467,53013.080808080806,0.26060606060606056,8220.66077441077,0.0,0.0,8835.513468013469,17096.577777777777,0.0,0.0,16654.4,4264.04356060606,17096.577777777777
510,bottle_bottle_2_20260605033005_0012.jpg,bottle,bottle,72.45,0.77,72.45,1305.0,0,slip,0.4671875,0.5979166666666667,0.27933919270833335,1.0418118466898956,0.48828125,0.509375,0.6293166279792786,4088.1709401709404,7824.046153846152,0.035897435897435895,681.3618233618234,0.0,0.0,1304.007692307692,12292.844444444445,0.0,0.0,14705.4,496.3423789173788,14705.4
511,bottle_bottle_2_20260605033005_0012.jpg,bottle,bottle,72.45,0.92,72.45,1305.0,0,overforce,0.4671875,0.5979166666666667,0.27933919270833335,1.0418118466898956,0.48828125,0.509375,0.6293166279792786,60198.160317460344,64341.83174603177,0.26666666666666666,10033.026719576717,0.0,0.0,10723.638624338628,16249.577777777778,0.0,0.0,16691.37777777778,5189.166335978836,16691.37777777778
512,bottle_bottle_2_20260605033005_0012.jpg,bottle,bottle,72.44999999999999,0.85,72.44999999999999,1305.0,1,success,0.4671875,0.5979166666666667,0.27933919270833335,1.0418118466898956,0.48828125,0.509375,0.6293166279792786,40384.333333333336,46832.38074074074,0.21333333333333332,6730.722222222221,0.0,0.0,7805.396790123461,17179.577777777777,0.0,0.0,16707.4,3634.0297530864204,17179.577777777777
513,bottle_bottle_2_20260605033006_0013.jpg,bottle,bottle,72.44999999999999,0.8,72.44999999999999,1305.0,0,slip,0.4640625,0.5958333333333333,0.27650390625,1.0384615384615385,0.49140625,0.5083333333333333,0.595811665058136,16873.094444444443,28005.19444444444,0.09999999999999999,2812.182407407407,0.0,0.0,4667.532407407407,17182.844444444443,0.0,0.0,17284.4,1869.9287037037034,17284.4
514,bottle_bottle_2_20260605033006_0013.jpg,bottle,bottle,72.45,0.9,72.45,1305.0,0,overforce,0.4640625,0.5958333333333333,0.27650390625,1.0384615384615385,0.49140625,0.5083333333333333,0.595811665058136,60210.70427350429,63694.99658119659,0.26666666666666666,10035.117378917377,0.0,0.0,10615.832763532766,16200.577777777778,0.0,0.0,16477.37777777778,5162.737535612536,16477.37777777778
515,bottle_bottle_2_20260605033006_0013.jpg,bottle,bottle,72.45,0.86,72.45,1305.0,1,success,0.4640625,0.5958333333333333,0.27650390625,1.0384615384615385,0.49140625,0.5083333333333333,0.595811665058136,54053.16031746032,59284.1888888889,0.26666666666666666,9008.86005291005,0.0,0.0,9880.698148148153,15777.577777777778,0.0,0.0,16465.4,4722.38955026455,16465.4
516,bottle_bottle_2_20260605033008_0014.jpg,bottle,bottle,72.44999999999999,0.81,72.44999999999999,1305.0,0,slip,0.4640625,0.58125,0.269736328125,1.064516129032258,0.50078125,0.5052083333333334,0.6393523216247559,31380.088888888895,30758.777777777777,0.13333333333333333,5230.014814814814,0.0,0.0,5126.462962962963,16595.844444444443,0.0,0.0,17802.4,2589.119444444444,17802.4
517,bottle_bottle_2_20260605033008_0014.jpg,bottle,bottle,72.45,0.89,72.45,1305.0,0,overforce,0.4640625,0.58125,0.269736328125,1.064516129032258,0.50078125,0.5052083333333334,0.6393523216247559,57526.997979797976,64268.7797979798,0.26666666666666666,9587.832996632995,0.0,0.0,10711.463299663303,15702.577777777778,0.0,0.0,17416.866666666665,5074.824074074075,17416.866666666665
518,bottle_bottle_2_20260605033008_0014.jpg,bottle,bottle,72.45,0.89,72.45,1305.0,0,overforce,0.4640625,0.58125,0.269736328125,1.064516129032258,0.50078125,0.5052083333333334,0.6393523216247559,51165.20444444445,59027.38888888889,0.2633333333333333,8527.534074074074,0.0,0.0,9837.898148148151,15519.6,0.0,0.0,16689.866666666665,4591.358055555556,16689.866666666665
519,bottle_bottle_2_20260605033008_0014.jpg,bottle,bottle,72.44999999999999,0.83,72.44999999999999,1305.0,1,success,0.4640625,0.58125,0.269736328125,1.064516129032258,0.50078125,0.5052083333333334,0.6393523216247559,44098.88888888889,40124.044444444444,0.23333333333333334,7349.814814814815,0.0,0.0,6687.34074074074,11793.577777777778,0.0,0.0,15934.866666666667,3509.288888888889,15934.866666666667
520,bottle_bottle_2_20260605033010_0015.jpg,bottle,bottle,72.44999999999999,0.8,72.44999999999999,1305.0,0,slip,0.4734375,0.5958333333333333,0.28208984375,1.0594405594405594,0.48828125,0.5083333333333333,0.6724689602851868,3429.3619047619045,14430.295238095237,0.047619047619047616,571.5603174603175,0.0,0.0,2405.0492063492065,8002.844444444445,0.0,0.0,14660.866666666667,744.152380952381,14660.866666666667
521,bottle_bottle_2_20260605033010_0015.jpg,bottle,bottle,72.44999999999999,0.91,72.44999999999999,1305.0,0,overforce,0.4734375,0.5958333333333333,0.28208984375,1.0594405594405594,0.48828125,0.5083333333333333,0.6724689602851868,59542.311111111114,62997.35555555555,0.26666666666666666,9923.718518518519,0.0,0.0,10499.55925925926,16227.6,0.0,0.0,16697.866666666665,5105.819444444445,16697.866666666665
522,bottle_bottle_2_20260605033010_0015.jpg,bottle,bottle,72.44999999999999,0.82,72.44999999999999,1305.0,1,success,0.4734375,0.5958333333333333,0.28208984375,1.0594405594405594,0.48828125,0.5083333333333333,0.6724689602851868,22486.504504504497,27806.430030030016,0.13063063063063068,3747.7507507507476,0.0,0.0,4634.405005005003,13541.6,0.0,0.0,16615.866666666665,2095.5389389389375,16615.866666666665
523,bottle_bottle_2_20260605033012_0016.jpg,bottle,bottle,72.44999999999999,0.8,72.44999999999999,1305.0,0,slip,0.465625,0.5958333333333333,0.2774348958333333,1.0419580419580419,0.4828125,0.5083333333333333,0.8107999563217163,4719.903418803419,18456.087464387485,0.0722222222222222,786.6505698005698,0.0,0.0,3076.014577397914,12367.6,0.0,0.0,14883.866666666667,965.6662867996209,14883.866666666667
524,bottle_bottle_2_20260605033012_0016.jpg,bottle,bottle,72.45,0.92,72.45,1305.0,0,overforce,0.465625,0.5958333333333333,0.2774348958333333,1.0419580419580419,0.4828125,0.5083333333333333,0.8107999563217163,57465.08888888888,60708.052525252526,0.26666666666666666,9577.514814814815,0.0,0.0,10118.008754208759,16694.577777777777,0.0,0.0,17031.4,4923.880892255893,17031.4
525,bottle_bottle_2_20260605033012_0016.jpg,bottle,bottle,72.44999999999999,0.83,72.44999999999999,1305.0,1,success,0.465625,0.5958333333333333,0.2774348958333333,1.0419580419580419,0.4828125,0.5083333333333333,0.8107999563217163,27744.164444444443,21895.777777777777,0.1622222222222222,4624.027407407407,0.0,0.0,3649.296296296296,11420.844444444445,0.0,0.0,13194.866666666667,2068.330925925926,13194.866666666667
526,bottle_bottle_2_20260605033013_0017.jpg,bottle,bottle,72.44999999999999,0.81,72.44999999999999,1305.0,0,slip,0.4609375,0.5958333333333333,0.27464192708333335,1.0314685314685315,0.48671875,0.50625,0.8439470529556274,25647.67777777778,16847.908888888895,0.12333333333333334,4274.612962962963,0.0,0.0,2807.9848148148153,13859.577777777778,0.0,0.0,11360.377777777778,1770.6494444444447,13859.577777777778
527,bottle_bottle_2_20260605033013_0017.jpg,bottle,bottle,72.45,0.92,72.45,1305.0,0,overforce,0.4609375,0.5958333333333333,0.27464192708333335,1.0314685314685315,0.48671875,0.50625,0.8439470529556274,58857.25555555559,61690.52222222223,0.26666666666666666,9809.542592592587,0.0,0.0,10281.753703703707,16695.577777777777,0.0,0.0,16613.4,5022.824074074073,16695.577777777777
528,bottle_bottle_2_20260605033013_0017.jpg,bottle,bottle,72.45,0.84,72.45,1305.0,1,success,0.4609375,0.5958333333333333,0.27464192708333335,1.0314685314685315,0.48671875,0.50625,0.8439470529556274,46480.63333333335,52466.966666666674,0.26111111111111107,7746.772222222218,0.0,0.0,8744.494444444448,15138.577777777778,0.0,0.0,14181.377777777778,4122.816666666667,15138.577777777778
529,bottle_bottle_2_20260605033015_0018.jpg,bottle,bottle,72.44999999999999,0.81,72.44999999999999,1305.0,0,slip,0.465625,0.5916666666666667,0.2754947916666667,1.0492957746478873,0.48125,0.50625,0.8283583521842957,25426.401851851853,32133.738888888893,0.17222222222222225,4237.733641975308,0.0,0.0,5355.623148148148,14159.577777777778,0.0,0.0,12020.377777777778,2398.339197530864,14159.577777777778
530,bottle_bottle_2_20260605033015_0018.jpg,bottle,bottle,72.45,0.89,72.45,1305.0,0,overforce,0.465625,0.5916666666666667,0.2754947916666667,1.0492957746478873,0.48125,0.50625,0.8283583521842957,56459.935042735044,61224.53504273505,0.26666666666666666,9409.989173789172,0.0,0.0,10204.089173789178,16225.577777777778,0.0,0.0,16249.4,4903.5195868945875,16249.4
531,bottle_bottle_2_20260605033015_0018.jpg,bottle,bottle,72.44999999999999,0.82,72.44999999999999,1305.0,1,success,0.465625,0.5916666666666667,0.2754947916666667,1.0492957746478873,0.48125,0.50625,0.8283583521842957,35200.6388888889,45306.783333333326,0.22777777777777783,5866.773148148149,0.0,0.0,7551.130555555557,14962.577777777778,0.0,0.0,14681.4,3354.4759259259263,14962.577777777778
532,bottle_bottle_2_20260605033016_0019.jpg,bottle,bottle,72.44999999999999,0.81,72.44999999999999,1305.0,0,slip,0.4609375,0.59375,0.273681640625,1.0350877192982457,0.48359375,0.5072916666666667,0.8201843500137329,34195.488888888896,42518.08888888888,0.23333333333333336,5699.248148148149,0.0,0.0,7086.348148148151,13337.577777777778,0.0,0.0,14572.4,3196.399074074075,14572.4
533,bottle_bottle_2_20260605033016_0019.jpg,bottle,bottle,72.45,0.92,72.45,1305.0,0,overforce,0.4609375,0.59375,0.273681640625,1.0350877192982457,0.48359375,0.5072916666666667,0.8201843500137329,59673.660317460344,59289.117460317466,0.26666666666666666,9945.61005291005,0.0,0.0,9881.51957671958,15928.577777777778,0.0,0.0,17147.866666666665,4956.782407407407,17147.866666666665
534,bottle_bottle_2_20260605033016_0019.jpg,bottle,bottle,72.44999999999999,0.85,72.44999999999999,1305.0,1,success,0.4609375,0.59375,0.273681640625,1.0350877192982457,0.48359375,0.5072916666666667,0.8201843500137329,47389.37460317461,49725.114285714284,0.26428571428571423,7898.229100529099,0.0,0.0,8287.519047619051,12857.6,0.0,0.0,15260.866666666667,4046.4370370370375,15260.866666666667
535,bottle_bottle_2_20260605033018_0020.jpg,bottle,bottle,72.45,0.89,72.45,1305.0,0,overforce,0.4625,0.59375,0.274609375,1.03859649122807,0.4890625,0.5072916666666667,0.7992449998855591,58589.75555555556,60528.57777777777,0.26666666666666666,9764.95925925926,0.0,0.0,10088.0962962963,15440.577777777778,0.0,0.0,17032.4,4963.2638888888905,17032.4
536,bottle_bottle_2_20260605033018_0020.jpg,bottle,bottle,72.44999999999999,0.81,72.44999999999999,1305.0,0,slip,0.4625,0.59375,0.274609375,1.03859649122807,0.4890625,0.5072916666666667,0.7992449998855591,19111.482539682544,28084.980952380953,0.12857142857142856,3185.24708994709,0.0,0.0,4680.8301587301585,12080.844444444445,0.0,0.0,14807.4,1966.5193121693121,14807.4
537,bottle_bottle_2_20260605033018_0020.jpg,bottle,bottle,72.45,0.86,72.45,1305.0,1,success,0.4625,0.59375,0.274609375,1.03859649122807,0.4890625,0.5072916666666667,0.7992449998855591,53809.935042735044,53013.0735042735,0.26666666666666666,8968.322507122504,0.0,0.0,8835.512250712254,14512.577777777778,0.0,0.0,16973.4,4450.95868945869,16973.4
538,bottle_bottle_2_20260605033020_0021.jpg,bottle,bottle,72.44999999999999,0.78,72.44999999999999,1305.0,0,slip,0.46875,0.5958333333333333,0.279296875,1.048951048951049,0.490625,0.5083333333333333,0.7215325832366943,6551.545679012346,12770.288888888887,0.05925925925925926,1091.9242798353912,0.0,0.0,2128.381481481481,8660.844444444445,0.0,0.0,13384.4,805.076440329218,13384.4
539,bottle_bottle_2_20260605033020_0021.jpg,bottle,bottle,72.45,0.89,72.45,1305.0,0,overforce,0.46875,0.5958333333333333,0.279296875,1.048951048951049,0.490625,0.5083333333333333,0.7215325832366943,58992.543434343446,57810.05252525252,0.26666666666666666,9832.09057239057,0.0,0.0,9635.008754208759,15472.844444444445,0.0,0.0,17626.4,4866.774831649833,17626.4
540,bottle_bottle_2_20260605033020_0021.jpg,bottle,bottle,72.45,0.84,72.45,1305.0,1,success,0.46875,0.5958333333333333,0.279296875,1.048951048951049,0.490625,0.5083333333333333,0.7215325832366943,47676.288888888885,32689.06666666667,0.19999999999999998,7946.048148148149,0.0,0.0,5448.177777777778,13684.844444444445,0.0,0.0,16777.4,3348.5564814814816,16777.4
541,bottle_bottle_2_20260605033021_0022.jpg,bottle,bottle,72.44999999999999,0.78,72.44999999999999,1305.0,0,slip,0.4671875,0.59375,0.277392578125,1.0491228070175438,0.46796875,0.5072916666666667,0.5342048406600952,17335.056790123464,14453.45555555555,0.09259259259259262,2889.1761316872426,0.0,0.0,2408.9092592592588,11730.844444444445,0.0,0.0,14626.4,1324.5213477366253,14626.4
542,bottle_bottle_2_20260605033021_0022.jpg,bottle,bottle,72.45,0.92,72.45,1305.0,0,overforce,0.4671875,0.59375,0.277392578125,1.0491228070175438,0.46796875,0.5072916666666667,0.5342048406600952,59395.14771241833,60180.04183006537,0.26666666666666666,9899.191285403045,0.0,0.0,10030.006971677565,15903.577777777778,0.0,0.0,17673.4,4982.299564270153,17673.4
543,bottle_bottle_2_20260605033021_0022.jpg,bottle,bottle,72.45,0.84,72.45,1305.0,1,success,0.4671875,0.59375,0.277392578125,1.0491228070175438,0.46796875,0.5072916666666667,0.5342048406600952,47185.24273504274,31572.651282051283,0.2,7864.207122507121,0.0,0.0,5262.108547008547,14713.844444444445,0.0,0.0,16631.4,3281.578917378917,16631.4
544,bottle_bottle_2_20260605033023_0023.jpg,bottle,bottle,72.44999999999999,0.82,72.44999999999999,1305.0,0,slip,0.4640625,0.59375,0.275537109375,1.0421052631578946,0.49453125,0.5052083333333334,0.7407881617546082,30276.60404040404,34906.383838383845,0.1484848484848485,5046.100673400673,0.0,0.0,5817.730639730638,16383.577777777778,0.0,0.0,16186.4,2715.957828282828,16383.577777777778
545,bottle_bottle_2_20260605033023_0023.jpg,bottle,bottle,72.44999999999999,0.83,72.44999999999999,1305.0,0,slip,0.4640625,0.59375,0.275537109375,1.0421052631578946,0.49453125,0.5052083333333334,0.7407881617546082,42160.00341880342,48914.4735042735,0.24871794871794872,7026.667236467237,0.0,0.0,8152.412250712253,16283.577777777778,0.0,0.0,15975.044444444444,3794.7698717948724,16283.577777777778
546,bottle_bottle_2_20260605033023_0023.jpg,bottle,bottle,72.45,0.89,72.45,1305.0,0,overforce,0.4640625,0.59375,0.275537109375,1.0421052631578946,0.49453125,0.5052083333333334,0.7407881617546082,57598.23174603174,63337.40317460317,0.26666666666666666,9599.705291005292,0.0,0.0,10556.233862433863,16135.6,0.0,0.0,16210.377777777778,5038.984788359789,16210.377777777778
547,bottle_bottle_2_20260605033023_0023.jpg,bottle,bottle,72.45,0.84,72.45,1305.0,1,success,0.4640625,0.59375,0.275537109375,1.0421052631578946,0.49453125,0.5052083333333334,0.7407881617546082,36494.20317460317,30994.12380952381,0.16666666666666666,6082.367195767195,0.0,0.0,5165.687301587301,15102.844444444445,0.0,0.0,16271.4,2812.013624338624,16271.4
548,bottle_bottle_2_20260605033024_0024.jpg,bottle,bottle,72.44999999999999,0.82,72.44999999999999,1305.0,0,slip,0.459375,0.5916666666666667,0.271796875,1.0352112676056338,0.4875,0.50625,0.8360158205032349,26694.64444444445,28708.690740740738,0.13333333333333333,4449.107407407406,0.0,0.0,4784.781790123456,16560.577777777777,0.0,0.0,18058.4,2308.4722993827154,18058.4
549,bottle_bottle_2_20260605033024_0024.jpg,bottle,bottle,72.44999999999999,0.82,72.44999999999999,1305.0,0,slip,0.459375,0.5916666666666667,0.271796875,1.0352112676056338,0.4875,0.50625,0.8360158205032349,13057.900000000003,10129.235555555555,0.06333333333333332,2176.316666666667,0.0,0.0,1688.2059259259258,14575.6,0.0,0.0,13653.377777777778,966.1306481481482,14575.6
550,bottle_bottle_2_20260605033024_0024.jpg,bottle,bottle,72.45,0.86,72.45,1305.0,1,success,0.459375,0.5916666666666667,0.271796875,1.0352112676056338,0.4875,0.50625,0.8360158205032349,45647.170940170945,52357.91965811966,0.2512820512820513,7607.861823361823,0.0,0.0,8726.319943019946,17124.577777777777,0.0,0.0,17170.4,4083.545441595442,17170.4
551,bottle_bottle_2_20260605033026_0025.jpg,bottle,bottle,72.44999999999999,0.8,72.44999999999999,1305.0,0,slip,0.4625,0.5895833333333333,0.2726822916666667,1.0459363957597174,0.490625,0.503125,0.8641384243965149,29949.53333333334,30466.777777777777,0.13333333333333333,4991.588888888888,0.0,0.0,5077.7962962962965,16581.577777777777,0.0,0.0,16147.4,2517.346296296296,16581.577777777777
552,bottle_bottle_2_20260605033026_0025.jpg,bottle,bottle,72.44999999999999,0.83,72.44999999999999,1305.0,0,slip,0.4625,0.5895833333333333,0.2726822916666667,1.0459363957597174,0.490625,0.503125,0.8641384243965149,29203.50617283951,29987.886419753086,0.137037037037037,4867.251028806583,0.0,0.0,4997.981069958848,16802.577777777777,0.0,0.0,17142.4,2466.308024691358,17142.4
553,bottle_bottle_2_20260605033026_0025.jpg,bottle,bottle,72.44999999999999,0.85,72.44999999999999,1305.0,1,success,0.4625,0.5895833333333333,0.2726822916666667,1.0459363957597174,0.490625,0.503125,0.8641384243965149,33967.88376068375,33706.67521367521,0.13333333333333333,5661.313960113962,0.0,0.0,5617.779202279205,17247.844444444443,0.0,0.0,18046.4,2819.7732905982916,18046.4
554,bottle_bottle_2_20260605033027_0026.jpg,bottle,bottle,72.44999999999999,0.8,72.44999999999999,1305.0,0,slip,0.4625,0.5895833333333333,0.2726822916666667,1.0459363957597174,0.4953125,0.5052083333333334,0.8314976096153259,30549.8507936508,31514.301587301587,0.13333333333333333,5091.641798941799,0.0,0.0,5252.383597883598,16433.577777777777,0.0,0.0,16373.044444444444,2586.006349206349,16433.577777777777
555,bottle_bottle_2_20260605033027_0026.jpg,bottle,bottle,72.45,0.9,72.45,1305.0,0,overforce,0.4625,0.5895833333333333,0.2726822916666667,1.0459363957597174,0.4953125,0.5052083333333334,0.8314976096153259,35756.53333333332,35995.0,0.13333333333333333,5959.422222222222,0.0,0.0,5999.166666666667,18138.577777777777,0.0,0.0,18663.4,2989.6472222222224,18663.4
556,bottle_bottle_2_20260605033027_0026.jpg,bottle,bottle,72.44999999999999,0.83,72.44999999999999,1305.0,0,slip,0.4625,0.5895833333333333,0.2726822916666667,1.0459363957597174,0.4953125,0.5052083333333334,0.8314976096153259,35262.20493827161,43574.353086419746,0.2111111111111111,5877.034156378601,0.0,0.0,7262.392181069961,16810.844444444443,0.0,0.0,16884.4,3284.856584362141,16884.4
557,bottle_bottle_2_20260605033027_0026.jpg,bottle,bottle,72.44999999999999,0.82,72.44999999999999,1305.0,0,slip,0.4625,0.5895833333333333,0.2726822916666667,1.0459363957597174,0.4953125,0.5052083333333334,0.8314976096153259,30600.75555555556,39070.77777777778,0.19166666666666668,5100.125925925926,0.0,0.0,6511.7962962962965,16041.577777777778,0.0,0.0,16617.4,2902.980555555556,16617.4
558,bottle_bottle_2_20260605033027_0026.jpg,bottle,bottle,72.44999999999999,0.82,72.44999999999999,1305.0,1,success,0.4625,0.5895833333333333,0.2726822916666667,1.0459363957597174,0.4953125,0.5052083333333334,0.8314976096153259,32088.755555555555,33239.027777777774,0.13333333333333333,5348.125925925928,0.0,0.0,5539.837962962965,16397.844444444443,0.0,0.0,17879.4,2721.9909722222233,17879.4
559,bottle_bottle_2_20260605033029_0027.jpg,bottle,bottle,72.44999999999999,0.82,72.44999999999999,1305.0,0,slip,0.4703125,0.5854166666666667,0.27532877604166667,1.0711743772241993,0.48515625,0.503125,0.7451238632202148,25233.837037037036,28829.422222222227,0.1444444444444445,4205.639506172839,0.0,0.0,4804.903703703704,16005.844444444445,0.0,0.0,16871.4,2252.635802469136,16871.4
560,bottle_bottle_2_20260605033029_0027.jpg,bottle,bottle,72.45,0.86,72.45,1305.0,1,success,0.4703125,0.5854166666666667,0.27532877604166667,1.0711743772241993,0.48515625,0.503125,0.7451238632202148,55219.588888888895,60166.90317460318,0.26666666666666666,9203.264814814811,0.0,0.0,10027.8171957672,15165.844444444445,0.0,0.0,16252.866666666667,4807.770502645502,16252.866666666667
561,bottle_bottle_2_20260605033030_0028.jpg,bottle,bottle,72.44999999999999,0.78,72.44999999999999,1305.0,0,slip,0.46875,0.5875,0.275390625,1.0638297872340425,0.4859375,0.5041666666666667,0.7700454592704773,6511.2484848484855,9404.242424242424,0.051515151515151514,1085.208080808081,0.0,0.0,1567.3737373737374,13580.577777777778,0.0,0.0,10736.4,663.1454545454546,13580.577777777778
562,bottle_bottle_2_20260605033030_0028.jpg,bottle,bottle,72.45,0.79,72.45,1305.0,0,slip,0.46875,0.5875,0.275390625,1.0638297872340425,0.4859375,0.5041666666666667,0.7700454592704773,29807.64444444445,29129.11111111111,0.13333333333333333,4967.94074074074,0.0,0.0,4854.851851851852,15549.577777777778,0.0,0.0,17239.4,2455.698148148148,17239.4
563,bottle_bottle_2_20260605033030_0028.jpg,bottle,bottle,72.44999999999999,0.85,72.44999999999999,1305.0,1,success,0.46875,0.5875,0.275390625,1.0638297872340425,0.4859375,0.5041666666666667,0.7700454592704773,51632.907070707064,54289.597979797974,0.26666666666666666,8605.484511784513,0.0,0.0,9048.266329966333,15737.577777777778,0.0,0.0,15304.866666666667,4413.437710437711,15737.577777777778
564,bottle_bottle_2_20260605033032_0029.jpg,bottle,bottle,72.44999999999999,0.83,72.44999999999999,1305.0,0,slip,0.4671875,0.5895833333333333,0.27544596354166667,1.0565371024734982,0.48359375,0.5052083333333334,0.7983843684196472,33061.503703703704,42947.842592592584,0.20277777777777775,5510.25061728395,0.0,0.0,7157.973765432099,16428.577777777777,0.0,0.0,15779.4,3167.0560956790123,16428.577777777777
565,bottle_bottle_2_20260605033032_0029.jpg,bottle,bottle,72.45,0.86,72.45,1305.0,1,success,0.4671875,0.5895833333333333,0.27544596354166667,1.0565371024734982,0.48359375,0.5052083333333334,0.7983843684196472,52198.83888888889,54606.35555555555,0.26666666666666666,8699.806481481479,0.0,0.0,9101.059259259264,17461.577777777777,0.0,0.0,17570.4,4450.216435185186,17570.4
566,bottle_bottle_2_20260605033033_0030.jpg,bottle,bottle,72.44999999999999,0.85,72.44999999999999,1305.0,1,success,0.475,0.5854166666666667,0.27807291666666667,1.0818505338078293,0.4859375,0.509375,0.4162460267543793,34800.75555555554,34900.97777777778,0.13333333333333333,5800.125925925929,0.0,0.0,5816.829629629633,17642.577777777777,0.0,0.0,18085.4,2904.2388888888904,18085.4
567,bottle_bottle_2_20260605033035_0031.jpg,bottle,bottle,72.44999999999999,0.81,72.44999999999999,1305.0,0,slip,0.465625,0.5916666666666667,0.2754947916666667,1.0492957746478873,0.48125,0.50625,0.8345127701759338,31621.02814814815,23177.28888888889,0.1511111111111111,5270.1713580246915,0.0,0.0,3862.8814814814805,14914.577777777778,0.0,0.0,12273.044444444444,2283.263209876543,14914.577777777778
568,bottle_bottle_2_20260605033035_0031.jpg,bottle,bottle,72.44999999999999,0.82,72.44999999999999,1305.0,1,success,0.465625,0.5916666666666667,0.2754947916666667,1.0492957746478873,0.48125,0.50625,0.8345127701759338,33395.52872628725,33820.031436314406,0.1402439024390244,5419.73500451671,97.45763324299911,162.9867509786209,5392.191779584456,18793.844444444443,9724.533333333333,13803.0,19364.4,2768.092792080696,19364.4
569,bottle_bottle_2_20260605033037_0032.jpg,bottle,bottle,72.44999999999999,0.85,72.44999999999999,1305.0,1,success,0.459375,0.59375,0.27275390625,1.0315789473684212,0.484375,0.503125,0.8122140169143677,38525.85982905982,41556.56752136752,0.2,6420.976638176638,0.0,0.0,6926.094586894587,16590.6,0.0,0.0,18303.866666666665,3336.767806267806,18303.866666666665
570,bottle_bottle_2_20260605033038_0033.jpg,bottle,bottle,72.44999999999999,0.85,72.44999999999999,1305.0,1,success,0.4703125,0.59375,0.279248046875,1.056140350877193,0.49453125,0.5072916666666667,0.8130190372467041,64910.75555555555,70721.66666666667,0.33333333333333326,4966.859259259261,3901.0666666666666,4365.720987654324,5238.362962962967,15617.844444444445,12624.533333333333,16264.0,16657.4,4618.002469135805,16657.4
571,bottle_bottle_2_20260605033040_0034.jpg,bottle,bottle,72.44999999999999,0.82,72.44999999999999,1305.0,0,slip,0.4703125,0.59375,0.279248046875,1.056140350877193,0.48515625,0.5072916666666667,0.7723620533943176,99123.47171717173,143134.01717171707,0.6878787878787876,3250.0220538720537,8847.037710437715,10708.147586980902,7793.448148148152,10802.577777777778,15668.4,16362.133333333333,13373.4,7649.663874859706,16362.133333333333
572,bottle_bottle_2_20260605033040_0034.jpg,bottle,bottle,72.44999999999999,0.83,72.44999999999999,1305.0,0,slip,0.4703125,0.59375,0.279248046875,1.056140350877193,0.48515625,0.5072916666666667,0.7723620533943176,107371.22844444448,142837.89599999995,0.6719999999999997,4760.951407407407,8756.16888888889,10326.605234567887,8316.408148148148,11350.577777777778,16415.4,16780.133333333335,14108.4,8040.033419753083,16780.133333333335
573,bottle_bottle_2_20260605033040_0034.jpg,bottle,bottle,72.44999999999999,0.85,72.44999999999999,1305.0,1,success,0.4703125,0.59375,0.279248046875,1.056140350877193,0.48515625,0.5072916666666667,0.7723620533943176,111079.35257452572,134622.86504065062,0.6841463414634142,5683.834462511296,8552.927311050886,9461.59680819032,8244.748961156269,12500.577777777778,16629.4,16599.133333333335,14745.4,7985.776885727193,16629.4
574,bottle_bottle_2_20260605033041_0035.jpg,bottle,bottle,72.44999999999999,0.85,72.44999999999999,1305.0,1,success,0.4671875,0.5916666666666667,0.27641927083333334,1.0528169014084507,0.47890625,0.50625,0.8001922369003296,33154.755555555545,33840.23611111113,0.13333333333333333,5525.792592592593,0.0,0.0,5640.039351851858,17426.844444444443,0.0,0.0,18375.4,2791.4579861111124,18375.4
575,bottle_bottle_2_20260605033043_0036.jpg,bottle,bottle,72.44999999999999,0.8,72.44999999999999,1305.0,0,slip,0.4625,0.5875,0.27171875,1.049645390070922,0.4859375,0.5041666666666667,0.8448514938354492,35170.46666666667,45304.762962962974,0.25,0.0,3907.82962962963,4076.576131687243,1435.9296296296293,0.0,12919.022222222222,15634.133333333333,9836.4,2355.0838477366256,15634.133333333333
576,bottle_bottle_2_20260605033043_0036.jpg,bottle,bottle,72.44999999999999,0.85,72.44999999999999,1305.0,1,success,0.4625,0.5875,0.27171875,1.049645390070922,0.4859375,0.5041666666666667,0.8448514938354492,20068.723611111105,15970.630555555557,0.11354166666666668,3344.787268518517,0.0,0.0,2661.7717592592594,11288.6,0.0,0.0,13707.888888888889,1501.6397569444441,13707.888888888889
577,bottle_bottle_2_20260605033044_0037.jpg,bottle,bottle,72.45,0.87,72.45,1305.0,1,success,0.4625,0.5875,0.27171875,1.049645390070922,0.48125,0.5041666666666667,0.827933132648468,52305.2888888889,47446.740740740745,0.25555555555555554,8717.548148148144,0.0,0.0,7907.790123456793,14284.844444444445,0.0,0.0,15857.4,4156.334567901235,15857.4
578,bottle_bottle_2_20260605033046_0038.jpg,bottle,bottle,72.45,0.87,72.45,1305.0,0,overforce,0.4734375,0.5895833333333333,0.279130859375,1.0706713780918728,0.46953125,0.515625,0.28433606028556824,51851.308333333356,62088.84537037036,0.29305555555555546,8641.88472222222,0.0,1157.7592592592594,8611.50200617284,16713.844444444443,0.0,10780.0,18095.4,4602.786496913579,18095.4
579,bottle_bottle_2_20260605033046_0038.jpg,bottle,bottle,72.45,0.86,72.45,1305.0,1,success,0.4734375,0.5895833333333333,0.279130859375,1.0706713780918728,0.46953125,0.515625,0.28433606028556824,46296.80512820514,51692.38119658119,0.2615384615384615,7716.134188034187,0.0,0.0,8615.39686609687,14075.577777777778,0.0,0.0,15022.866666666667,4082.8827635327643,15022.866666666667
580,bottle_bottle_2_20260605033050_0039.jpg,bottle,bottle,72.44999999999999,0.85,72.44999999999999,1305.0,1,success,0.475,0.59375,0.28203125,1.0666666666666667,0.496875,0.5072916666666667,0.6629480123519897,47950.80683760683,51772.45811965812,0.2615384615384615,7991.801139601139,0.0,0.0,8628.743019943022,16226.577777777778,0.0,0.0,16924.4,4155.13603988604,16924.4
581,bottle_bottle_2_20260605033052_0040.jpg,bottle,bottle,72.44999999999999,0.83,72.44999999999999,1305.0,1,success,0.4625,0.5958333333333333,0.27557291666666667,1.034965034965035,0.4890625,0.50625,0.8493393063545227,31452.737777777773,28736.644444444442,0.16444444444444445,5242.122962962962,0.0,0.0,4789.44074074074,11765.577777777778,0.0,0.0,16228.866666666667,2507.8909259259253,16228.866666666667
582,bottle_bottle_2_20260605033053_0041.jpg,bottle,bottle,72.44999999999999,0.82,72.44999999999999,1305.0,1,success,0.46875,0.5916666666666667,0.27734375,1.056338028169014,0.490625,0.50625,0.7843233346939087,27750.5873015873,24910.815873015872,0.1619047619047619,4625.097883597884,0.0,0.0,4151.802645502646,11099.577777777778,0.0,0.0,13578.377777777778,2194.2251322751326,13578.377777777778
583,bottle_bottle_2_20260605033055_0042.jpg,bottle,bottle,72.44999999999999,0.81,72.44999999999999,1305.0,0,slip,0.4625,0.59375,0.274609375,1.03859649122807,0.4921875,0.5072916666666667,0.800768256187439,11340.669629629632,8127.518518518516,0.05999999999999999,1890.1116049382722,0.0,0.0,1354.5864197530861,11872.6,0.0,0.0,13677.377777777778,811.1745061728395,13677.377777777778
584,bottle_bottle_2_20260605033055_0042.jpg,bottle,bottle,72.45,0.84,72.45,1305.0,1,success,0.4625,0.59375,0.274609375,1.03859649122807,0.4921875,0.5072916666666667,0.800768256187439,59217.98888888889,66479.63333333333,0.33333333333333337,4428.387037037036,3627.5185185185173,3875.6543209876554,5266.457407407408,16307.577777777778,15423.533333333333,12632.044444444444,15979.044444444444,4299.504320987654,16307.577777777778
585,bottle_bottle_2_20260605033056_0043.jpg,bottle,bottle,72.44999999999999,0.85,72.44999999999999,1305.0,1,success,0.4671875,0.5854166666666667,0.27349934895833333,1.0640569395017794,0.48359375,0.5072916666666667,0.5184537768363953,32483.338888888888,33068.194444444445,0.13333333333333333,5413.8898148148155,0.0,0.0,5511.365740740743,17438.577777777777,0.0,0.0,17250.4,2731.31388888889,17438.577777777777
586,bottle_bottle_2_20260605033058_0044.jpg,bottle,bottle,72.44999999999999,0.82,72.44999999999999,1305.0,1,success,0.4640625,0.5895833333333333,0.273603515625,1.0494699646643109,0.49765625,0.503125,0.7781362533569336,27083.422222222223,36213.822222222225,0.16666666666666669,4513.903703703703,0.0,0.0,6035.637037037038,15347.577777777778,0.0,0.0,14688.4,2637.385185185185,15347.577777777778
587,bottle_bottle_2_20260605033059_0045.jpg,bottle,bottle,72.44999999999999,0.83,72.44999999999999,1305.0,1,success,0.4640625,0.5916666666666667,0.2745703125,1.045774647887324,0.50546875,0.5041666666666667,0.8020802736282349,37045.84040404041,47460.23434343433,0.23333333333333336,6174.306734006735,0.0,0.0,7910.03905723906,15379.577777777778,0.0,0.0,14905.4,3521.0864478114486,15379.577777777778
588,bottle_bottle_2_20260605033101_0046.jpg,bottle,bottle,72.44999999999999,0.83,72.44999999999999,1305.0,1,success,0.4671875,0.5958333333333333,0.2783658854166667,1.0454545454545454,0.47578125,0.5083333333333333,0.7653200626373291,37320.47676767677,48595.05252525252,0.23333333333333336,6220.079461279462,0.0,0.0,8099.175420875423,15441.577777777778,0.0,0.0,14354.4,3579.813720538721,15441.577777777778
589,bottle_bottle_2_20260605033102_0047.jpg,bottle,bottle,72.44999999999999,0.83,72.44999999999999,1305.0,1,success,0.4671875,0.5958333333333333,0.2783658854166667,1.0454545454545454,0.48671875,0.50625,0.8510743975639343,35686.92991452992,46683.08376068376,0.2256410256410257,5947.821652421653,0.0,0.0,7780.513960113964,15405.577777777778,0.0,0.0,15448.4,3432.083903133904,15448.4
590,bottle_bottle_2_20260605033104_0048.jpg,bottle,bottle,72.44999999999999,0.85,72.44999999999999,1305.0,1,success,0.465625,0.59375,0.27646484375,1.0456140350877192,0.4828125,0.5072916666666667,0.802056074142456,54595.8888888889,52267.35555555556,0.26666666666666666,9099.314814814812,0.0,0.0,8711.225925925928,15565.577777777778,0.0,0.0,15162.377777777778,4452.635185185185,15565.577777777778
591,bottle_bottle_2_20260605033106_0049.jpg,bottle,bottle,72.44999999999999,0.85,72.44999999999999,1305.0,0,slip,0.465625,0.5979166666666667,0.27840494791666665,1.038327526132404,0.4875,0.5072916666666667,0.846603512763977,47385.62814814816,53032.822222222225,0.2622222222222222,7897.604691358023,0.0,0.0,8838.803703703707,16151.844444444445,0.0,0.0,16308.4,4184.102098765432,16308.4
592,bottle_bottle_2_20260605033106_0049.jpg,bottle,bottle,72.45,0.84,72.45,1305.0,0,slip,0.465625,0.5979166666666667,0.27840494791666665,1.038327526132404,0.4875,0.5072916666666667,0.846603512763977,25118.3625,26658.17361111111,0.13125,4186.39375,0.0,0.0,4443.028935185184,16335.6,0.0,0.0,16572.866666666665,2157.3556712962964,16572.866666666665
593,bottle_bottle_2_20260605033106_0049.jpg,bottle,bottle,72.44999999999999,0.83,72.44999999999999,1305.0,1,success,0.465625,0.5979166666666667,0.27840494791666665,1.038327526132404,0.4875,0.5072916666666667,0.846603512763977,49030.64444444444,52361.24444444443,0.26666666666666666,8171.774074074075,0.0,0.0,8726.874074074076,13842.577777777778,0.0,0.0,14623.866666666667,4224.662037037037,14623.866666666667
594,bottle_bottle_3_20260605144130_0000.jpg,bottle,bottle,72.44999999999999,0.8,72.44999999999999,1305.0,0,fail,0.4859375,0.5916666666666667,0.28751302083333335,1.0950704225352113,0.49765625,0.50625,0.6689835786819458,968.9151515151518,2010.2818775995236,0.007486631016042781,161.48585858585864,0.0,0.0,335.04697959992063,11025.066666666668,0.0,0.0,17022.866666666665,124.13320954644482,17022.866666666665
595,bottle_bottle_3_20260605144130_0000.jpg,bottle,bottle,72.44999999999999,0.8,72.44999999999999,1305.0,0,slip,0.4859375,0.5916666666666667,0.28751302083333335,1.0950704225352113,0.49765625,0.50625,0.6689835786819458,38466.88547008547,41831.145299145304,0.2128205128205128,6411.147578347579,0.0,0.0,6971.857549857553,16265.844444444445,0.0,0.0,17100.4,3345.751282051283,17100.4
596,bottle_bottle_3_20260605144130_0000.jpg,bottle,bottle,72.44999999999999,0.82,72.44999999999999,1305.0,0,slip,0.4859375,0.5916666666666667,0.28751302083333335,1.0950704225352113,0.49765625,0.50625,0.6689835786819458,30018.71282051282,30246.500854700855,0.1564102564102564,5003.118803418804,0.0,0.0,5041.083475783475,15632.6,0.0,0.0,17175.37777777778,2511.05056980057,17175.37777777778
597,bottle_bottle_3_20260605144130_0000.jpg,bottle,bottle,72.44999999999999,0.83,72.44999999999999,1305.0,0,slip,0.4859375,0.5916666666666667,0.28751302083333335,1.0950704225352113,0.49765625,0.50625,0.6689835786819458,29152.23137254902,32829.00915032678,0.13529411764705881,4858.705228758169,0.0,0.0,5471.501525054466,17952.6,0.0,0.0,18623.866666666665,2582.551688453159,18623.866666666665
598,bottle_bottle_3_20260605144130_0000.jpg,bottle,bottle,72.45,0.9,72.45,1305.0,0,overforce,0.4859375,0.5916666666666667,0.28751302083333335,1.0950704225352113,0.49765625,0.50625,0.6689835786819458,55331.79941520471,58119.10994152044,0.2666666666666668,9221.96656920078,0.0,0.0,9686.518323586739,18183.6,0.0,0.0,18395.866666666665,4727.12122319688,18395.866666666665
599,bottle_bottle_3_20260605144130_0000.jpg,bottle,bottle,72.45,0.94,72.45,1305.0,0,overforce,0.4859375,0.5916666666666667,0.28751302083333335,1.0950704225352113,0.49765625,0.50625,0.6689835786819458,62653.24273504275,61814.765811965815,0.26666666666666666,10442.207122507118,0.0,0.0,10302.460968660973,16453.844444444443,0.0,0.0,17947.866666666665,5186.167022792022,17947.866666666665
600,bottle_bottle_3_20260605144130_0000.jpg,bottle,bottle,72.45,0.84,72.45,1305.0,1,success,0.4859375,0.5916666666666667,0.28751302083333335,1.0950704225352113,0.49765625,0.50625,0.6689835786819458,55879.70427350428,55616.38119658119,0.26666666666666666,9313.284045584043,0.0,0.0,9269.39686609687,16561.844444444443,0.0,0.0,17318.866666666665,4645.670227920228,17318.866666666665
601,bottle_bottle_3_20260605144132_0001.jpg,bottle,bottle,72.44999999999999,0.82,72.44999999999999,1305.0,0,slip,0.4828125,0.5875,0.28365234375,1.0957446808510638,0.49765625,0.50625,0.5649136900901794,51757.96388888889,55344.81388888888,0.26666666666666666,8626.327314814815,0.0,0.0,9224.135648148149,16543.844444444443,0.0,0.0,16209.4,4462.615740740741,16543.844444444443
602,bottle_bottle_3_20260605144132_0001.jpg,bottle,bottle,72.45,0.9,72.45,1305.0,0,overforce,0.4828125,0.5875,0.28365234375,1.0957446808510638,0.49765625,0.50625,0.5649136900901794,61059.23174603178,65464.92698412698,0.26666666666666666,10176.538624338622,0.0,0.0,10910.821164021163,16176.844444444445,0.0,0.0,17621.866666666665,5271.839947089946,17621.866666666665
603,bottle_bottle_3_20260605144132_0001.jpg,bottle,bottle,72.45,0.86,72.45,1305.0,1,success,0.4828125,0.5875,0.28365234375,1.0957446808510638,0.49765625,0.50625,0.5649136900901794,56078.488888888896,59725.555555555555,0.26666666666666666,9346.41481481481,0.0,0.0,9954.259259259263,15752.577777777778,0.0,0.0,17004.866666666665,4825.168518518518,17004.866666666665
604,bottle_bottle_3_20260605144133_0002.jpg,bottle,bottle,72.44999999999999,0.83,72.44999999999999,1305.0,0,slip,0.471875,0.5791666666666667,0.27329427083333335,1.0863309352517985,0.503125,0.5020833333333333,0.6274916529655457,37043.84444444445,49002.488888888896,0.23333333333333334,6173.9740740740735,0.0,0.0,8167.081481481483,14259.577777777778,0.0,0.0,16539.37777777778,3585.263888888889,16539.37777777778
605,bottle_bottle_3_20260605144133_0002.jpg,bottle,bottle,72.45,0.9,72.45,1305.0,0,overforce,0.471875,0.5791666666666667,0.27329427083333335,1.0863309352517985,0.503125,0.5020833333333333,0.6274916529655457,52589.63931623932,55071.9965811966,0.26410256410256405,8764.939886039883,0.0,0.0,9178.666096866102,17491.6,0.0,0.0,17872.37777777778,4485.901495726496,17872.37777777778
606,bottle_bottle_3_20260605144133_0002.jpg,bottle,bottle,72.45,0.88,72.45,1305.0,1,success,0.471875,0.5791666666666667,0.27329427083333335,1.0863309352517985,0.503125,0.5020833333333333,0.6274916529655457,57973.9638888889,61581.1263888889,0.26666666666666666,9662.327314814811,0.0,0.0,10263.521064814819,16901.577777777777,0.0,0.0,17240.4,4981.462094907407,17240.4
607,bottle_bottle_3_20260605144135_0003.jpg,bottle,bottle,72.44999999999999,0.8,72.44999999999999,1305.0,0,slip,0.478125,0.5916666666666667,0.282890625,1.0774647887323943,0.4953125,0.50625,0.7121589183807373,33723.993650793636,34630.30158730158,0.13333333333333333,5620.665608465607,0.0,0.0,5771.716931216931,17376.577777777777,0.0,0.0,17560.044444444444,2848.0956349206344,17560.044444444444
608,bottle_bottle_3_20260605144135_0003.jpg,bottle,bottle,72.45,0.94,72.45,1305.0,0,overforce,0.478125,0.5916666666666667,0.282890625,1.0774647887323943,0.4953125,0.50625,0.7121589183807373,58367.53333333334,62352.35555555555,0.26666666666666666,9727.922222222222,0.0,0.0,10392.059259259262,16731.577777777777,0.0,0.0,17765.4,5029.99537037037,17765.4
609,bottle_bottle_3_20260605144135_0003.jpg,bottle,bottle,72.45,0.94,72.45,1305.0,0,overforce,0.478125,0.5916666666666667,0.282890625,1.0774647887323943,0.4953125,0.50625,0.7121589183807373,61963.75555555555,66441.68888888891,0.26666666666666666,10327.292592592594,0.0,0.0,11073.614814814817,16583.577777777777,0.0,0.0,17408.4,5350.226851851852,17408.4
610,bottle_bottle_3_20260605144135_0003.jpg,bottle,bottle,72.45,0.84,72.45,1305.0,1,success,0.478125,0.5916666666666667,0.282890625,1.0774647887323943,0.4953125,0.50625,0.7121589183807373,54350.04615384618,57338.0484330484,0.2529914529914531,9058.341025641028,0.0,0.0,9556.341405508067,18513.577777777777,0.0,0.0,18677.4,4653.670607787273,18677.4
611,bottle_bottle_3_20260605144136_0004.jpg,bottle,bottle,72.44999999999999,0.83,72.44999999999999,1305.0,0,slip,0.471875,0.59375,0.28017578125,1.0596491228070175,0.4890625,0.5072916666666667,0.7904133796691895,31597.240277777775,52174.50138888889,0.20000000000000004,5266.206712962962,0.0,0.0,8695.750231481485,17386.577777777777,0.0,0.0,15701.377777777778,3490.4892361111115,17386.577777777777
612,bottle_bottle_3_20260605144136_0004.jpg,bottle,bottle,72.45,0.9,72.45,1305.0,0,overforce,0.471875,0.59375,0.28017578125,1.0596491228070175,0.4890625,0.5072916666666667,0.7904133796691895,43089.147474747464,57480.597979798,0.23030303030303034,7181.524579124578,0.0,0.0,9580.099663299667,17679.6,0.0,0.0,17967.37777777778,4190.406060606061,17967.37777777778
613,bottle_bottle_3_20260605144136_0004.jpg,bottle,bottle,72.45,0.88,72.45,1305.0,1,success,0.471875,0.59375,0.28017578125,1.0596491228070175,0.4890625,0.5072916666666667,0.7904133796691895,59648.288888888914,62350.22222222223,0.26666666666666666,9941.381481481476,0.0,0.0,10391.703703703706,17290.577777777777,0.0,0.0,16439.044444444444,5083.271296296296,17290.577777777777
614,bottle_bottle_3_20260605144138_0005.jpg,bottle,bottle,72.44999999999999,0.8,72.44999999999999,1305.0,0,slip,0.465625,0.5895833333333333,0.27452473958333334,1.0530035335689045,0.490625,0.503125,0.7744077444076538,34042.422222222216,34640.17171717172,0.13333333333333333,5673.737037037038,0.0,0.0,5773.361952861955,18128.577777777777,0.0,0.0,17567.4,2861.7747474747484,18128.577777777777
615,bottle_bottle_3_20260605144138_0005.jpg,bottle,bottle,72.45,0.9,72.45,1305.0,0,overforce,0.465625,0.5895833333333333,0.27452473958333334,1.0530035335689045,0.490625,0.503125,0.7744077444076538,54627.38888888889,56040.28888888888,0.26666666666666666,9104.564814814814,0.0,0.0,9340.04814814815,18485.577777777777,0.0,0.0,18446.4,4611.153240740741,18485.577777777777
616,bottle_bottle_3_20260605144138_0005.jpg,bottle,bottle,72.45,0.86,72.45,1305.0,1,success,0.465625,0.5895833333333333,0.27452473958333334,1.0530035335689045,0.490625,0.503125,0.7744077444076538,36799.5274853801,45525.57426900585,0.1666666666666666,6133.254580896687,0.0,0.0,7587.595711500978,18584.844444444443,0.0,0.0,19016.4,3430.212573099416,19016.4
617,bottle_bottle_3_20260605144139_0006.jpg,bottle,bottle,72.45,0.86,72.45,1305.0,1,success,0.4765625,0.59375,0.282958984375,1.0701754385964912,0.48515625,0.509375,0.768149197101593,36910.51313131311,37008.89898989899,0.13333333333333333,6151.752188552189,0.0,0.0,6168.149831649833,18645.844444444443,0.0,0.0,18806.4,3079.9755050505055,18806.4
618,bottle_bottle_3_20260605144141_0007.jpg,bottle,bottle,72.44999999999999,0.82,72.44999999999999,1305.0,0,slip,0.4796875,0.5916666666666667,0.28381510416666667,1.0809859154929577,0.48671875,0.5083333333333333,0.8252720236778259,36033.022222222215,36568.84444444445,0.13333333333333333,6005.503703703703,0.0,0.0,6094.8074074074075,18715.577777777777,0.0,0.0,18613.4,3025.0777777777776,18715.577777777777
619,bottle_bottle_3_20260605144141_0007.jpg,bottle,bottle,72.45,0.94,72.45,1305.0,0,overforce,0.4796875,0.5916666666666667,0.28381510416666667,1.0809859154929577,0.48671875,0.5083333333333333,0.8252720236778259,36888.42222222221,37197.22222222222,0.13333333333333333,6148.07037037037,0.0,0.0,6199.537037037037,18652.577777777777,0.0,0.0,18890.4,3086.901851851852,18890.4
620,bottle_bottle_3_20260605144141_0007.jpg,bottle,bottle,72.45,0.84,72.45,1305.0,1,success,0.4796875,0.5916666666666667,0.28381510416666667,1.0809859154929577,0.48671875,0.5083333333333333,0.8252720236778259,36923.08888888887,37381.444444444445,0.13333333333333333,6153.848148148148,0.0,0.0,6230.240740740741,18756.577777777777,0.0,0.0,19000.4,3096.022222222222,19000.4
621,bottle_bottle_3_20260605144142_0008.jpg,bottle,bottle,72.44999999999999,0.8,72.44999999999999,1305.0,0,slip,0.4765625,0.5895833333333333,0.28097330729166664,1.0777385159010602,0.48359375,0.5072916666666667,0.8038161993026733,35631.58888888887,35913.527777777774,0.13333333333333333,5938.598148148149,0.0,0.0,5985.587962962965,18272.577777777777,0.0,0.0,18403.4,2981.0465277777785,18403.4
622,bottle_bottle_3_20260605144142_0008.jpg,bottle,bottle,72.45,0.9,72.45,1305.0,0,overforce,0.4765625,0.5895833333333333,0.28097330729166664,1.0777385159010602,0.48359375,0.5072916666666667,0.8038161993026733,46887.733333333315,52351.666666666664,0.19999999999999998,5939.940740740741,1249.7876543209875,1762.6049382716049,6081.37037037037,18150.577777777777,11289.533333333333,15980.0,18732.4,3758.425925925926,18732.4
623,bottle_bottle_3_20260605144142_0008.jpg,bottle,bottle,72.45,0.88,72.45,1305.0,1,success,0.4765625,0.5895833333333333,0.28097330729166664,1.0777385159010602,0.48359375,0.5072916666666667,0.8038161993026733,36931.53760683759,37052.13675213677,0.13333333333333333,6155.256267806268,0.0,0.0,6175.356125356131,18653.577777777777,0.0,0.0,18895.4,3082.6530982905997,18895.4
624,bottle_bottle_3_20260605144144_0009.jpg,bottle,bottle,72.44999999999999,0.83,72.44999999999999,1305.0,0,slip,0.4828125,0.5979166666666667,0.288681640625,1.0766550522648084,0.48046875,0.5114583333333333,0.7718691825866699,44733.051851851844,48332.580246913574,0.19999999999999998,7455.508641975309,0.0,0.0,8055.430041152264,18423.577777777777,0.0,0.0,18237.4,3877.7346707818933,18423.577777777777
625,bottle_bottle_3_20260605144144_0009.jpg,bottle,bottle,72.45,0.94,72.45,1305.0,0,overforce,0.4828125,0.5979166666666667,0.288681640625,1.0766550522648084,0.48046875,0.5114583333333333,0.7718691825866699,61702.5888888889,64366.288888888885,0.26666666666666666,10283.764814814815,0.0,0.0,10727.714814814819,17307.577777777777,0.0,0.0,16899.4,5252.869907407408,17307.577777777777
626,bottle_bottle_3_20260605144144_0009.jpg,bottle,bottle,72.45,0.86,72.45,1305.0,1,success,0.4828125,0.5979166666666667,0.288681640625,1.0766550522648084,0.48046875,0.5114583333333333,0.7718691825866699,62055.17222222226,64600.35555555554,0.26666666666666666,10342.528703703701,0.0,0.0,10766.725925925923,17347.577777777777,0.0,0.0,16798.4,5277.313657407406,17347.577777777777
627,bottle_bottle_3_20260605144146_0010.jpg,bottle,bottle,72.45,0.84,72.45,1305.0,0,slip,0.4734375,0.5958333333333333,0.28208984375,1.0594405594405594,0.49140625,0.5083333333333333,0.6715461015701294,23606.13827160494,33552.911111111105,0.11851851851851852,3934.356378600824,0.0,0.0,5592.151851851852,18320.6,0.0,0.0,17869.866666666665,2381.627057613169,18320.6
628,bottle_bottle_3_20260605144146_0010.jpg,bottle,bottle,72.45,0.86,72.45,1305.0,0,slip,0.4734375,0.5958333333333333,0.28208984375,1.0594405594405594,0.49140625,0.5083333333333333,0.6715461015701294,22694.013333333332,23518.64444444445,0.10999999999999999,3782.3355555555554,0.0,0.0,3919.774074074075,17992.6,0.0,0.0,17622.37777777778,1925.5274074074077,17992.6
629,bottle_bottle_3_20260605144146_0010.jpg,bottle,bottle,72.45,0.88,72.45,1305.0,1,success,0.4734375,0.5958333333333333,0.28208984375,1.0594405594405594,0.49140625,0.5083333333333333,0.6715461015701294,30432.466666666664,23293.657777777782,0.12,5072.0777777777785,0.0,0.0,3882.276296296297,17880.6,0.0,0.0,18476.37777777778,2238.588518518519,18476.37777777778
630,bottle_bottle_3_20260605144151_0011.jpg,bottle,bottle,72.45,0.84,72.45,1305.0,1,success,0.484375,0.59375,0.28759765625,1.087719298245614,0.4859375,0.509375,0.5082847476005554,56880.61520467838,59698.00467836257,0.26666666666666666,9480.102534113055,0.0,0.0,9949.667446393765,15464.577777777778,0.0,0.0,15921.377777777778,4857.442495126705,15921.377777777778
631,bottle_bottle_3_20260605144153_0012.jpg,bottle,bottle,72.44999999999999,0.82,72.44999999999999,1305.0,0,slip,0.4734375,0.5875,0.27814453125,1.074468085106383,0.48515625,0.50625,0.6574341654777527,44027.08888888889,35870.06913580248,0.20000000000000004,7337.848148148149,0.0,0.0,5978.344855967079,17397.844444444443,0.0,0.0,18106.4,3329.048251028807,18106.4
632,bottle_bottle_3_20260605144153_0012.jpg,bottle,bottle,72.45,0.94,72.45,1305.0,0,overforce,0.4734375,0.5875,0.27814453125,1.074468085106383,0.48515625,0.50625,0.6574341654777527,57260.58888888889,60706.81388888888,0.26666666666666666,9543.431481481482,0.0,0.0,10117.802314814819,16169.844444444445,0.0,0.0,17798.866666666665,4915.308449074075,17798.866666666665
633,bottle_bottle_3_20260605144153_0012.jpg,bottle,bottle,72.45,0.88,72.45,1305.0,1,success,0.4734375,0.5875,0.27814453125,1.074468085106383,0.48515625,0.50625,0.6574341654777527,54949.46388888889,56466.68888888888,0.26666666666666666,9158.24398148148,0.0,0.0,9411.114814814819,18003.844444444443,0.0,0.0,18568.4,4642.339699074075,18568.4
634,bottle_bottle_3_20260605144155_0013.jpg,bottle,bottle,72.45,0.84,72.45,1305.0,0,slip,0.4734375,0.5916666666666667,0.2801171875,1.0669014084507042,0.46953125,0.50625,0.8034061789512634,43709.357142857145,54002.45238095238,0.21666666666666665,7284.892857142856,0.0,0.0,9000.408730158731,18129.844444444443,0.0,0.0,18346.4,4071.3253968253966,18346.4
635,bottle_bottle_3_20260605144155_0013.jpg,bottle,bottle,72.45,0.86,72.45,1305.0,0,slip,0.4734375,0.5916666666666667,0.2801171875,1.0669014084507042,0.46953125,0.50625,0.8034061789512634,29517.846666666668,38805.07999999999,0.15666666666666668,4919.641111111111,0.0,0.0,6467.513333333332,16459.6,0.0,0.0,19302.866666666665,2846.788611111111,19302.866666666665
636,bottle_bottle_3_20260605144155_0013.jpg,bottle,bottle,72.45,0.94,72.45,1305.0,0,overforce,0.4734375,0.5916666666666667,0.2801171875,1.0669014084507042,0.46953125,0.50625,0.8034061789512634,33194.451111111106,54346.08888888887,0.21333333333333332,5532.408518518519,0.0,0.0,9057.681481481482,15752.844444444445,0.0,0.0,17359.866666666665,3647.5225,17359.866666666665
637,bottle_bottle_3_20260605144155_0013.jpg,bottle,bottle,72.45,0.08,72.45,1305.0,0,fail,0.4734375,0.5916666666666667,0.2801171875,1.0669014084507042,0.46953125,0.50625,0.8034061789512634,0.0,0.0,0.0,0.0,0.0,0.0,0.0,0.0,0.0,0.0,0.0,0.0,0.0
638,bottle_bottle_3_20260605144155_0013.jpg,bottle,bottle,72.45,0.88,72.45,1305.0,1,success,0.4734375,0.5916666666666667,0.2801171875,1.0669014084507042,0.46953125,0.50625,0.8034061789512634,40059.32148148147,36733.04444444444,0.16444444444444445,6676.553580246911,0.0,0.0,6122.174074074073,16967.6,0.0,0.0,19284.866666666665,3199.681913580246,19284.866666666665
639,bottle_bottle_3_20260605144156_0014.jpg,bottle,bottle,72.44999999999999,0.8,72.44999999999999,1305.0,0,slip,0.475,0.5895833333333333,0.2800520833333333,1.0742049469964665,0.4703125,0.5052083333333334,0.799872875213623,35062.3111111111,35254.333333333336,0.13333333333333333,5843.718518518518,0.0,0.0,5875.722222222223,17907.577777777777,0.0,0.0,18478.4,2929.8601851851854,18478.4
640,bottle_bottle_3_20260605144156_0014.jpg,bottle,bottle,72.45,0.94,72.45,1305.0,0,overforce,0.475,0.5895833333333333,0.2800520833333333,1.0742049469964665,0.4703125,0.5052083333333334,0.799872875213623,59323.179797979814,62520.416161616165,0.26666666666666666,9887.19663299663,0.0,0.0,10420.069360269365,17021.577777777777,0.0,0.0,17923.4,5076.816498316499,17923.4
641,bottle_bottle_3_20260605144156_0014.jpg,bottle,bottle,72.45,0.86,72.45,1305.0,1,success,0.475,0.5895833333333333,0.2800520833333333,1.0742049469964665,0.4703125,0.5052083333333334,0.799872875213623,57991.31965811966,59113.07350427351,0.26666666666666666,9665.21994301994,0.0,0.0,9852.178917378922,17533.577777777777,0.0,0.0,18352.4,4879.3497150997155,18352.4
642,bottle_bottle_3_20260605144158_0015.jpg,bottle,bottle,72.44999999999999,0.82,72.44999999999999,1305.0,0,slip,0.4796875,0.58125,0.278818359375,1.1003584229390682,0.51953125,0.503125,0.3425544500350952,34070.58888888887,41847.39444444446,0.16666666666666666,5678.4314814814825,0.0,0.0,6974.565740740738,17293.844444444443,0.0,0.0,18694.4,3163.249305555555,18694.4
643,bottle_bottle_3_20260605144158_0015.jpg,bottle,bottle,72.45,0.86,72.45,1305.0,1,success,0.4796875,0.58125,0.278818359375,1.1003584229390682,0.51953125,0.503125,0.3425544500350952,45531.75555555555,53136.522222222215,0.26666666666666666,7588.625925925926,0.0,0.0,8856.08703703704,12500.066666666668,0.0,0.0,16698.866666666665,4111.178240740741,16698.866666666665
644,bottle_bottle_3_20260605144200_0016.jpg,bottle,bottle,72.45,0.88,72.45,1305.0,1,success,0.4671875,0.58125,0.271552734375,1.07168458781362,0.50703125,0.503125,0.5407083034515381,35666.60972222221,37489.49861111112,0.13541666666666666,5944.434953703705,0.0,0.0,6248.249768518522,17943.577777777777,0.0,0.0,19019.4,3048.171180555557,19019.4
645,bottle_bottle_3_20260605144201_0017.jpg,bottle,bottle,72.44999999999999,0.83,72.44999999999999,1305.0,0,slip,0.459375,0.58125,0.26701171875,1.053763440860215,0.4984375,0.5072916666666667,0.43450862169265747,36018.1365079365,42128.206349206346,0.1571428571428571,6003.02275132275,0.0,0.0,7021.367724867726,18234.577777777777,0.0,0.0,18754.4,3256.097619047619,18754.4
646,bottle_bottle_3_20260605144201_0017.jpg,bottle,bottle,72.45,0.9,72.45,1305.0,0,overforce,0.459375,0.58125,0.26701171875,1.053763440860215,0.4984375,0.5072916666666667,0.43450862169265747,61294.24273504275,63717.91965811967,0.26666666666666666,10215.70712250712,0.0,0.0,10619.65327635328,17152.577777777777,0.0,0.0,17552.4,5208.8400997151,17552.4
647,bottle_bottle_3_20260605144201_0017.jpg,bottle,bottle,72.44999999999999,0.85,72.44999999999999,1305.0,1,success,0.459375,0.58125,0.26701171875,1.053763440860215,0.4984375,0.5072916666666667,0.43450862169265747,56558.188888888886,58449.788888888885,0.26666666666666666,9426.364814814815,0.0,0.0,9741.631481481485,18100.844444444443,0.0,0.0,18450.4,4791.999074074075,18450.4
648,bottle_bottle_3_20260605144203_0018.jpg,bottle,bottle,72.44999999999999,0.82,72.44999999999999,1305.0,0,slip,0.45625,0.5833333333333334,0.26614583333333336,1.042857142857143,0.503125,0.5020833333333333,0.5297706127166748,33870.24722222223,50567.43888888888,0.22500000000000003,5645.041203703703,0.0,0.0,8427.906481481483,16615.577777777777,0.0,0.0,16403.044444444444,3518.2369212962967,16615.577777777777
649,bottle_bottle_3_20260605144203_0018.jpg,bottle,bottle,72.45,0.9,72.45,1305.0,0,overforce,0.45625,0.5833333333333334,0.26614583333333336,1.042857142857143,0.503125,0.5020833333333333,0.5297706127166748,55520.58888888889,61076.48888888889,0.26666666666666666,9253.43148148148,0.0,0.0,10179.414814814818,17373.577777777777,0.0,0.0,17820.4,4858.211574074075,17820.4
650,bottle_bottle_3_20260605144203_0018.jpg,bottle,bottle,72.45,0.84,72.45,1305.0,1,success,0.45625,0.5833333333333334,0.26614583333333336,1.042857142857143,0.503125,0.5020833333333333,0.5297706127166748,44885.033333333326,41624.89444444446,0.2138888888888889,7480.838888888889,0.0,0.0,6937.482407407405,17055.844444444443,0.0,0.0,18472.4,3604.5803240740734,18472.4
651,bottle_bottle_3_20260605144204_0019.jpg,bottle,bottle,72.44999999999999,0.82,72.44999999999999,1305.0,0,slip,0.4671875,0.5833333333333334,0.27252604166666666,1.0678571428571428,0.51171875,0.5020833333333333,0.3703087866306305,33364.4024691358,43531.24444444444,0.1888888888888889,5560.7337448559665,0.0,0.0,7255.207407407409,18590.844444444443,0.0,0.0,18509.4,3203.9852880658436,18590.844444444443
652,bottle_bottle_3_20260605144204_0019.jpg,bottle,bottle,72.45,0.94,72.45,1305.0,0,overforce,0.4671875,0.5833333333333334,0.27252604166666666,1.0678571428571428,0.51171875,0.5020833333333333,0.3703087866306305,56805.31111111111,46823.65925925926,0.24444444444444446,9467.551851851853,0.0,0.0,7803.943209876545,16078.066666666668,0.0,0.0,18377.866666666665,4317.873765432099,18377.866666666665
653,bottle_bottle_3_20260605144204_0019.jpg,bottle,bottle,72.45,0.88,72.45,1305.0,1,success,0.4671875,0.5833333333333334,0.27252604166666666,1.0678571428571428,0.51171875,0.5020833333333333,0.3703087866306305,28867.523809523813,19296.08095238095,0.1,4811.253968253967,0.0,0.0,3216.013492063492,15438.066666666668,0.0,0.0,19339.866666666665,2006.8168650793648,19339.866666666665
654,bottle_bottle_3_20260605144206_0020.jpg,bottle,bottle,72.44999999999999,0.8,72.44999999999999,1305.0,0,slip,0.4765625,0.58125,0.277001953125,1.093189964157706,0.50703125,0.503125,0.4690069556236267,52011.315555555564,45937.066666666666,0.23000000000000004,6147.363703703705,1680.792592592592,1861.3222222222223,4864.194444444444,17790.844444444443,15516.533333333333,16991.0,18797.4,3638.4182407407407,18797.4
655,bottle_bottle_3_20260605144206_0020.jpg,bottle,bottle,72.45,0.9,72.45,1305.0,0,slip,0.4765625,0.58125,0.277001953125,1.093189964157706,0.50703125,0.503125,0.4690069556236267,68491.32638888888,73759.47083333333,0.33333333333333326,5609.29953703704,3870.614351851852,4323.891820987657,5807.4074074074115,17099.577777777777,12835.533333333333,16205.0,17829.4,4902.80327932099,17829.4
656,bottle_bottle_3_20260605144206_0020.jpg,bottle,bottle,72.45,0.9,72.45,1305.0,0,overforce,0.4765625,0.58125,0.277001953125,1.093189964157706,0.50703125,0.503125,0.4690069556236267,98954.55555555552,90829.50256410259,0.4333333333333335,9478.20712250712,4676.145868945869,3438.928015194683,9979.858404558408,15971.577777777778,14923.4,18483.0,16736.4,6893.28485280152,18483.0
657,bottle_bottle_3_20260605144206_0020.jpg,bottle,bottle,72.44999999999999,0.85,72.44999999999999,1305.0,1,success,0.4765625,0.58125,0.277001953125,1.093189964157706,0.50703125,0.503125,0.4690069556236267,95424.34126984123,105514.70317460316,0.46428571428571436,9408.312433862431,4330.496296296295,4623.779365079368,10650.114814814819,16383.844444444445,15263.533333333333,17625.0,16998.4,7253.175727513228,17625.0
658,bottle_bottle_3_20260605144210_0021.jpg,bottle,bottle,72.45,0.86,72.45,1305.0,1,success,0.4875,0.5875,0.28640625,1.1063829787234043,0.54375,0.50625,0.5068587064743042,60396.200000000004,61680.688888888886,0.26666666666666666,10066.033333333335,0.0,0.0,10280.114814814819,16880.577777777777,0.0,0.0,17855.4,5086.537037037038,17855.4
659,bottle_bottle_3_20260605144211_0022.jpg,bottle,bottle,72.44999999999999,0.82,72.44999999999999,1305.0,0,slip,0.4984375,0.5833333333333334,0.29075520833333335,1.1392857142857142,0.56171875,0.5041666666666667,0.4911603331565857,46858.085185185184,54352.272222222215,0.25555555555555554,7809.680864197532,0.0,0.0,9058.71203703704,15942.577777777778,0.0,0.0,16330.4,4217.098225308643,16330.4
660,bottle_bottle_3_20260605144211_0022.jpg,bottle,bottle,72.44999999999999,0.91,72.44999999999999,1305.0,0,overforce,0.4984375,0.5833333333333334,0.29075520833333335,1.1392857142857142,0.56171875,0.5041666666666667,0.4911603331565857,37133.42222222221,37450.88888888889,0.13333333333333333,6188.903703703703,0.0,0.0,6241.814814814815,19096.577777777777,0.0,0.0,19079.4,3107.6796296296297,19096.577777777777
661,bottle_bottle_3_20260605144211_0022.jpg,bottle,bottle,72.44999999999999,0.85,72.44999999999999,1305.0,0,slip,0.4984375,0.5833333333333334,0.29075520833333335,1.1392857142857142,0.56171875,0.5041666666666667,0.4911603331565857,46028.28641975308,51619.528395061745,0.24074074074074078,7671.381069958847,0.0,0.0,8603.254732510291,16862.6,0.0,0.0,17645.37777777778,4068.6589506172845,17645.37777777778
662,bottle_bottle_3_20260605144211_0022.jpg,bottle,bottle,72.45,0.86,72.45,1305.0,1,success,0.4984375,0.5833333333333334,0.29075520833333335,1.1392857142857142,0.56171875,0.5041666666666667,0.4911603331565857,57970.6888888889,61200.02222222223,0.26666666666666666,9661.781481481477,0.0,0.0,10200.003703703707,15806.577777777778,0.0,0.0,16731.4,4965.446296296296,16731.4
663,bottle_bottle_3_20260605144215_0023.jpg,bottle,bottle,72.44999999999999,0.82,72.44999999999999,1305.0,0,slip,0.4765625,0.5895833333333333,0.28097330729166664,1.0777385159010602,0.51640625,0.5052083333333334,0.5959622263908386,35842.75555555554,36185.194444444445,0.13333333333333333,5973.792592592594,0.0,0.0,6030.865740740743,18062.577777777777,0.0,0.0,18987.4,3001.164583333334,18987.4
664,bottle_bottle_3_20260605144215_0023.jpg,bottle,bottle,72.45,0.84,72.45,1305.0,0,slip,0.4765625,0.5895833333333333,0.28097330729166664,1.0777385159010602,0.51640625,0.5052083333333334,0.5959622263908386,38445.42222222221,35867.444444444445,0.13333333333333333,6407.57037037037,0.0,0.0,5977.907407407408,19974.577777777777,0.0,0.0,19870.4,3096.3694444444445,19974.577777777777
665,bottle_bottle_3_20260605144215_0023.jpg,bottle,bottle,72.45,0.9,72.45,1305.0,0,overforce,0.4765625,0.5895833333333333,0.28097330729166664,1.0777385159010602,0.51640625,0.5052083333333334,0.5959622263908386,63136.130555555705,65463.665079365004,0.26666666666666616,10522.688425925839,0.0,0.0,10910.610846560834,16827.577777777777,0.0,0.0,16993.866666666665,5358.324818121668,16993.866666666665
666,bottle_bottle_3_20260605144215_0023.jpg,bottle,bottle,72.45,0.86,72.45,1305.0,1,success,0.4765625,0.5895833333333333,0.28097330729166664,1.0777385159010602,0.51640625,0.5052083333333334,0.5959622263908386,61057.18888888892,59850.188888888886,0.26666666666666666,10176.198148148145,0.0,0.0,9975.031481481483,17129.577777777777,0.0,0.0,17943.4,5037.807407407407,17943.4
667,bottle_bottle_3_20260605144216_0024.jpg,bottle,bottle,72.45,0.84,72.45,1305.0,0,slip,0.4703125,0.5895833333333333,0.27728841145833333,1.0636042402826855,0.50234375,0.5052083333333334,0.6579616069793701,31207.473015873016,30422.298412698416,0.15238095238095237,5201.245502645503,0.0,0.0,5070.38306878307,17228.6,0.0,0.0,17349.37777777778,2567.9071428571433,17349.37777777778
668,bottle_bottle_3_20260605144216_0024.jpg,bottle,bottle,72.45,0.92,72.45,1305.0,0,overforce,0.4703125,0.5895833333333333,0.27728841145833333,1.0636042402826855,0.50234375,0.5052083333333334,0.6579616069793701,37359.42222222221,37937.944444444445,0.13333333333333333,6226.570370370369,0.0,0.0,6322.990740740742,18957.844444444443,0.0,0.0,19406.4,3137.3902777777776,19406.4
669,bottle_bottle_3_20260605144216_0024.jpg,bottle,bottle,72.45,0.88,72.45,1305.0,1,success,0.4703125,0.5895833333333333,0.27728841145833333,1.0636042402826855,0.50234375,0.5052083333333334,0.6579616069793701,48534.64232804235,53817.165079365084,0.2603174603174603,8089.107054673717,0.0,0.0,8969.527513227515,16767.6,0.0,0.0,17763.37777777778,4264.658641975308,17763.37777777778
670,bottle_bottle_3_20260605144224_0025.jpg,bottle,bottle,72.44999999999999,0.8,72.44999999999999,1305.0,0,slip,0.484375,0.6020833333333333,0.2916341145833333,1.0726643598615917,0.4875,0.5114583333333333,0.3970722258090973,31000.8507936508,33904.69206349206,0.14285714285714285,5166.808465608464,0.0,0.0,5650.78201058201,17306.844444444443,0.0,0.0,18108.4,2704.3976190476187,18108.4
671,bottle_bottle_3_20260605144224_0025.jpg,bottle,bottle,72.45,0.94,72.45,1305.0,0,overforce,0.484375,0.6020833333333333,0.2916341145833333,1.0726643598615917,0.4875,0.5114583333333333,0.3970722258090973,60455.374603174605,63764.974603174596,0.26666666666666666,10075.895767195769,0.0,0.0,10627.49576719577,16836.577777777777,0.0,0.0,17498.4,5175.847883597885,17498.4
672,bottle_bottle_3_20260605144224_0025.jpg,bottle,bottle,72.45,0.88,72.45,1305.0,1,success,0.484375,0.6020833333333333,0.2916341145833333,1.0726643598615917,0.4875,0.5114583333333333,0.3970722258090973,61825.61950113376,65965.60725623579,0.26666666666666694,10304.269916855648,0.0,0.0,10994.267876039297,16975.577777777777,0.0,0.0,17538.866666666665,5324.634448223736,17538.866666666665
673,bottle_bottle_3_20260605144229_0026.jpg,bottle,bottle,72.44999999999999,0.83,72.44999999999999,1305.0,1,success,0.46875,0.5895833333333333,0.2763671875,1.0600706713780919,0.45,0.5072916666666667,0.4508098065853119,54705.67222222222,54130.522222222215,0.26666666666666666,9117.612037037035,0.0,0.0,9021.753703703707,17283.577777777777,0.0,0.0,18319.4,4534.841435185186,18319.4
674,bottle_bottle_3_20260605144230_0027.jpg,bottle,bottle,72.45,0.88,72.45,1305.0,1,success,0.4921875,0.6,0.2953125,1.09375,0.49140625,0.5125,0.4775879383087158,54520.97777777778,56200.46666666669,0.26666666666666666,9086.82962962963,0.0,0.0,9366.744444444448,16610.577777777777,0.0,0.0,16953.37777777778,4613.39351851852,16953.37777777778
675,bottle_bottle_3_20260605144232_0028.jpg,bottle,bottle,72.44999999999999,0.76,72.44999999999999,1305.0,0,slip,0.4734375,0.59375,0.281103515625,1.063157894736842,0.48359375,0.5072916666666667,0.6947833299636841,15296.043589743585,18955.88547008549,0.10000000000000007,0.0,1699.5603988603987,1763.2453941120623,514.4461538461538,0.0,13872.933333333334,16852.133333333335,9760.4,994.3129867046537,16852.133333333335
676,bottle_bottle_3_20260605144232_0028.jpg,bottle,bottle,72.45,0.84,72.45,1305.0,1,success,0.4734375,0.59375,0.281103515625,1.063157894736842,0.48359375,0.5072916666666667,0.6947833299636841,163255.32916666666,185150.99861111116,0.9750000000000001,9252.283333333327,11971.292129629635,12652.677777777762,11879.48310185185,14087.577777777778,16428.4,15480.222222222223,15770.4,11438.934085648145,16428.4
677,bottle_bottle_3_20260605144233_0029.jpg,bottle,bottle,72.44999999999999,0.78,72.44999999999999,1305.0,0,slip,0.49375,0.6083333333333333,0.3003645833333333,1.082191780821918,0.5,0.51875,0.41521286964416504,25465.00512820513,38191.22564102564,0.17435897435897435,0.0,2829.4450142450146,3165.3481481481485,1617.182051282051,0.0,13529.933333333334,16533.133333333335,10070.4,1902.9938034188035,16533.133333333335
678,bottle_bottle_3_20260605144233_0029.jpg,bottle,bottle,72.45,0.86,72.45,1305.0,1,success,0.49375,0.6083333333333333,0.3003645833333333,1.082191780821918,0.5,0.51875,0.41521286964416504,110209.44000000002,115404.33111111113,0.648333333333333,6827.511481481479,7693.819012345682,5196.870864197532,11438.748888888887,16080.6,14548.533333333333,14966.0,16583.866666666665,7789.237561728395,16583.866666666665
679,bottle_bottle_3_20260605144239_0030.jpg,bottle,bottle,72.44999999999999,0.76,72.44999999999999,1305.0,0,slip,0.4984375,0.5875,0.29283203125,1.1312056737588652,0.51640625,0.50625,0.585959255695343,13560.64444444444,37943.68888888889,0.13333333333333333,0.0,1506.7382716049378,1517.6666666666667,4047.448148148149,0.0,13701.533333333333,14000.0,13304.377777777778,1767.9632716049384,14000.0
680,bottle_bottle_3_20260605144239_0030.jpg,bottle,bottle,72.45,0.94,72.45,1305.0,0,overforce,0.4984375,0.5875,0.29283203125,1.1312056737588652,0.51640625,0.50625,0.585959255695343,114766.1838383838,153486.77575757576,0.7000000000000001,7106.74814814815,8013.966105499444,8599.603142536474,12681.724579124577,15770.6,14816.533333333333,16579.133333333335,15922.377777777778,9100.510493827162,16579.133333333335
681,bottle_bottle_3_20260605144239_0030.jpg,bottle,bottle,72.45,0.84,72.45,1305.0,1,success,0.4984375,0.5875,0.29283203125,1.1312056737588652,0.51640625,0.50625,0.585959255695343,52475.03589743589,45884.635897435895,0.23589743589743592,4164.520512820513,3054.2125356125343,1874.6332383665717,4835.489458689458,15299.6,15908.533333333333,15828.0,16120.377777777778,3482.213936372269,16120.377777777778
682,bottle_bottle_3_20260605144241_0031.jpg,bottle,bottle,72.44999999999999,0.78,72.44999999999999,1305.0,0,slip,0.471875,0.5875,0.2772265625,1.070921985815603,0.5015625,0.50625,0.6915262937545776,99629.67777777778,115299.275,0.5624999999999999,3226.6546296296306,8918.861111111115,7601.315123456796,7814.573148148149,10782.577777777778,16285.4,16440.911111111112,14149.4,6890.351003086423,16440.911111111112
683,bottle_bottle_3_20260605144241_0031.jpg,bottle,bottle,72.45,0.9,72.45,1305.0,0,overforce,0.471875,0.5875,0.2772265625,1.070921985815603,0.5015625,0.50625,0.6915262937545776,197945.00000000003,207373.95111111115,1.0,12187.802222222226,13868.6874074074,13821.19999999999,13830.525185185183,14984.577777777778,16476.4,15778.91111111111,15671.4,13427.0537037037,16476.4
684,bottle_bottle_3_20260605144241_0031.jpg,bottle,bottle,72.45,0.88,72.45,1305.0,1,success,0.471875,0.5875,0.2772265625,1.070921985815603,0.5015625,0.50625,0.6915262937545776,148049.48888888888,140483.52839506173,0.8129629629629631,9921.77469135802,9835.4267489712,7347.208093278465,12393.109259259258,14509.6,15037.533333333333,15732.133333333333,15789.377777777778,9874.379698216737,15789.377777777778
685,bottle_bottle_3_20260605144242_0032.jpg,bottle,bottle,72.44999999999999,0.76,72.44999999999999,1305.0,0,slip,0.4671875,0.5854166666666667,0.27349934895833333,1.0640569395017794,0.49921875,0.5052083333333334,0.6453952789306641,24822.430303030298,35098.88080808081,0.16666666666666669,0.0,2758.04781144781,1543.3030303030303,3534.858922558923,0.0,12869.533333333333,14278.0,11363.866666666667,1959.0524410774408,14278.0
686,bottle_bottle_3_20260605144242_0032.jpg,bottle,bottle,72.45,0.94,72.45,1305.0,0,overforce,0.4671875,0.5854166666666667,0.27349934895833333,1.0640569395017794,0.49921875,0.5052083333333334,0.6453952789306641,59062.30476190476,59633.86031746032,0.26666666666666666,4712.611111111112,3420.737566137565,2866.4017636684302,5639.374074074075,16288.6,15798.533333333333,17349.0,17419.866666666665,4159.781128747796,17419.866666666665
687,bottle_bottle_3_20260605144242_0032.jpg,bottle,bottle,72.45,0.84,72.45,1305.0,1,success,0.4671875,0.5854166666666667,0.27349934895833333,1.0640569395017794,0.49921875,0.5052083333333334,0.6453952789306641,54541.56666666666,55695.455555555556,0.26666666666666666,4199.38888888889,3260.5814814814803,2757.912345679012,5145.707407407408,15143.6,15245.533333333333,16237.0,15694.377777777778,3840.8975308641975,16237.0
688,bottle_bottle_3_20260605144244_0033.jpg,bottle,bottle,72.44999999999999,0.78,72.44999999999999,1305.0,0,slip,0.4734375,0.58125,0.275185546875,1.086021505376344,0.50078125,0.503125,0.6222406029701233,119933.05555555558,132026.39999999997,0.6499999999999998,5892.909259259261,9397.28888888889,8973.390123456791,8544.314814814816,12051.577777777778,17123.4,17218.133333333335,14908.4,8201.975771604939,17218.133333333335
689,bottle_bottle_3_20260605144244_0033.jpg,bottle,bottle,72.45,0.9,72.45,1305.0,0,overforce,0.4734375,0.58125,0.275185546875,1.086021505376344,0.50078125,0.503125,0.6222406029701233,93884.3737373737,97951.50505050505,0.46666666666666673,8935.151178451177,4474.8296296296285,4357.6664421997775,9788.751178451183,15814.844444444445,13796.533333333333,16491.0,16869.4,6889.099607182941,16869.4
690,bottle_bottle_3_20260605144244_0033.jpg,bottle,bottle,72.45,0.86,72.45,1305.0,1,success,0.4734375,0.58125,0.275185546875,1.086021505376344,0.50078125,0.503125,0.6222406029701233,104124.29150326793,97647.43790849672,0.5647058823529411,6684.043572984749,7113.336673928831,5221.991430646332,8441.585838779953,15940.6,14761.533333333333,14291.0,17218.37777777778,6865.2393790849665,17218.37777777778
691,bottle_bottle_3_20260605144245_0034.jpg,bottle,bottle,72.44999999999999,0.76,72.44999999999999,1305.0,0,slip,0.471875,0.5833333333333334,0.2752604166666667,1.0785714285714285,0.503125,0.5041666666666667,0.5619329810142517,20767.409523809525,26029.33968253968,0.17142857142857143,0.0,2307.4899470899463,857.3216931216931,3052.2407407407404,0.0,10205.533333333333,9277.044444444444,9486.4,1554.263095238095,10205.533333333333
692,bottle_bottle_3_20260605144245_0034.jpg,bottle,bottle,72.45,0.94,72.45,1305.0,0,overforce,0.471875,0.5833333333333334,0.2752604166666667,1.0785714285714285,0.503125,0.5041666666666667,0.5619329810142517,74761.2222222222,70484.53333333333,0.325,5910.889814814816,4366.209259259259,3807.148765432101,6036.699074074077,18290.577777777777,14448.533333333333,14150.044444444444,18463.4,5030.2367283950625,18463.4
693,bottle_bottle_3_20260605144245_0034.jpg,bottle,bottle,72.45,0.86,72.45,1305.0,1,success,0.471875,0.5833333333333334,0.2752604166666667,1.0785714285714285,0.503125,0.5041666666666667,0.5619329810142517,45742.64444444448,37608.0666666667,0.16666666666666677,6195.159259259258,952.4098765432092,0.0,6268.011111111104,18735.844444444443,8903.533333333333,0.0,19111.4,3353.8950617283926,19111.4
694,bottle_bottle_3_20260605144247_0035.jpg,bottle,bottle,72.44999999999999,0.85,72.44999999999999,1305.0,1,success,0.4734375,0.5833333333333334,0.276171875,1.082142857142857,0.50078125,0.5041666666666667,0.5726168155670166,189198.81212121213,201549.8565656566,0.9984848484848485,11050.580303030301,13655.036700336697,13533.420202020192,13291.512457912459,14199.577777777778,15639.4,16879.911111111112,15359.4,12882.637415824913,16879.911111111112
695,bottle_bottle_3_20260605144249_0036.jpg,bottle,bottle,72.45,0.86,72.45,1305.0,1,success,0.465625,0.5833333333333334,0.2716145833333333,1.0642857142857143,0.5109375,0.5020833333333333,0.5850330591201782,57658.55555555557,60651.8888888889,0.26666666666666666,9609.759259259255,0.0,0.0,10108.648148148153,17550.577777777777,0.0,0.0,18068.4,4929.601851851852,18068.4
696,bottle_bottle_3_20260605144251_0037.jpg,bottle,bottle,72.45,0.86,72.45,1305.0,1,success,0.471875,0.5916666666666667,0.2791927083333333,1.0633802816901408,0.503125,0.50625,0.7215867638587952,61187.19415204682,64543.16257309942,0.26666666666666666,10197.865692007794,0.0,0.0,10757.193762183237,17431.577777777777,0.0,0.0,17033.4,5238.764863547758,17431.577777777777
697,bottle_bottle_3_20260605144252_0038.jpg,bottle,bottle,72.44999999999999,0.85,72.44999999999999,1305.0,1,success,0.46875,0.5916666666666667,0.27734375,1.056338028169014,0.4875,0.5083333333333333,0.6374868154525757,18847.96363636364,33409.06262626261,0.09999999999999999,3141.3272727272733,0.0,0.0,5568.177104377104,19192.6,0.0,0.0,18472.866666666665,2177.3760942760946,19192.6
698,bottle_bottle_3_20260605144254_0039.jpg,bottle,bottle,72.45,0.84,72.45,1305.0,1,success,0.48125,0.5916666666666667,0.2847395833333333,1.0845070422535212,0.484375,0.5083333333333333,0.5626392960548401,28463.577777777777,37978.18888888889,0.16666666666666669,4743.929629629629,0.0,0.0,6329.69814814815,17269.6,0.0,0.0,17111.37777777778,2768.406944444445,17269.6
699,bottle_bottle_3_20260605144255_0040.jpg,bottle,bottle,72.45,0.88,72.45,1305.0,1,success,0.475,0.5895833333333333,0.2800520833333333,1.0742049469964665,0.4953125,0.5072916666666667,0.44926947355270386,38298.29722222221,38396.819444444445,0.13333333333333333,6383.049537037036,0.0,0.0,6399.469907407409,19404.577777777777,0.0,0.0,19550.4,3195.6298611111115,19550.4
700,bottle_bottle_3_20260605144259_0041.jpg,bottle,bottle,72.45,0.88,72.45,1305.0,1,success,0.4671875,0.5791666666666667,0.2705794270833333,1.0755395683453237,0.46640625,0.5,0.6719613075256348,59045.96388888889,62396.56388888888,0.26666666666666666,9840.99398148148,0.0,0.0,10399.427314814819,18165.577777777777,0.0,0.0,17151.044444444444,5060.105324074075,18165.577777777777
701,bottle_bottle_3_20260605144300_0042.jpg,bottle,bottle,72.45,0.88,72.45,1305.0,1,success,0.4734375,0.5833333333333334,0.276171875,1.082142857142857,0.47734375,0.5083333333333333,0.2847040891647339,35007.89206349206,58667.11746031748,0.19999999999999998,5834.648677248677,0.0,0.0,9777.852910052912,17767.577777777777,0.0,0.0,17299.37777777778,3903.1253968253973,17767.577777777777
702,bottle_bottle_3_20260605144302_0043.jpg,bottle,bottle,72.45,0.87,72.45,1305.0,1,success,0.4625,0.5854166666666667,0.27075520833333333,1.0533807829181494,0.471875,0.503125,0.5198059678077698,37800.08888888887,36784.666666666664,0.13333333333333333,6300.014814814815,0.0,0.0,6130.777777777777,19487.577777777777,0.0,0.0,18944.044444444444,3107.698148148148,19487.577777777777
703,bottle_bottle_3_20260605144305_0044.jpg,bottle,bottle,72.45,0.86,72.45,1305.0,1,success,0.4765625,0.58125,0.277001953125,1.093189964157706,0.47734375,0.5052083333333334,0.442749559879303,54988.58888888889,56622.988888888874,0.26666666666666666,9164.764814814815,0.0,0.0,9437.164814814818,18903.577777777777,0.0,0.0,18703.4,4650.482407407408,18903.577777777777
704,bottle_bottle_3_20260605144306_0045.jpg,bottle,bottle,72.45,0.84,72.45,1305.0,1,success,0.46875,0.5854166666666667,0.2744140625,1.0676156583629892,0.4640625,0.5052083333333334,0.5844128727912903,56961.455555555556,62567.81388888888,0.26249999999999996,9493.575925925927,0.0,0.0,10427.968981481485,18237.577777777777,0.0,0.0,17769.4,4980.386226851853,18237.577777777777
705,bottle_bottle_3_20260605144308_0046.jpg,bottle,bottle,72.44999999999999,0.85,72.44999999999999,1305.0,1,success,0.475,0.5916666666666667,0.2810416666666667,1.0704225352112675,0.4765625,0.5083333333333333,0.6896922588348389,34299.302777777775,37996.99722222222,0.14583333333333331,5716.550462962962,0.0,0.0,6332.832870370371,18157.577777777777,0.0,0.0,17634.044444444444,3012.3458333333333,18157.577777777777
706,bottle_bottle_3_20260605144309_0047.jpg,bottle,bottle,72.45,0.84,72.45,1305.0,1,success,0.471875,0.5979166666666667,0.28214192708333335,1.0522648083623694,0.4796875,0.509375,0.6502686738967896,37129.191452991436,36901.59829059829,0.13333333333333333,6188.198575498577,0.0,0.0,6150.266381766384,18811.844444444443,0.0,0.0,19517.4,3084.6162393162404,19517.4
707,bottle_bottle_3_20260605144311_0048.jpg,bottle,bottle,72.45,0.86,72.45,1305.0,1,success,0.478125,0.6,0.286875,1.0625,0.4609375,0.5125,0.44784238934516907,27687.916666666668,31303.255555555545,0.15555555555555559,4614.652777777777,0.0,0.0,5217.209259259257,15686.6,0.0,0.0,17078.866666666665,2457.9655092592584,17078.866666666665
708,bottle_bottle_3_20260605144312_0049.jpg,bottle,bottle,72.45,0.88,72.45,1305.0,1,success,0.475,0.59375,0.28203125,1.0666666666666667,0.475,0.509375,0.6996288895606995,24468.998611111107,29841.147222222233,0.13124999999999998,4078.1664351851873,0.0,0.0,4973.524537037038,17024.31111111111,0.0,0.0,15691.133333333333,2262.922743055556,17024.31111111111
709,can_can_1_20260605031501_0000.jpg,can,can,72.45000000000002,0.7,72.45000000000002,1305.0,0,fail,0.5,0.5833333333333334,0.2916666666666667,1.1428571428571428,0.5078125,0.5125,0.8512794375419617,0.0,0.0,0.0,0.0,0.0,0.0,0.0,0.0,0.0,0.0,0.0,0.0,0.0
710,can_can_1_20260605031501_0000.jpg,can,can,72.44999999999999,0.74,72.44999999999999,1305.0,0,fail,0.5,0.5833333333333334,0.2916666666666667,1.1428571428571428,0.5078125,0.5125,0.8512794375419617,0.0,0.0,0.0,0.0,0.0,0.0,0.0,0.0,0.0,0.0,0.0,0.0,0.0
711,can_can_1_20260605031501_0000.jpg,can,can,72.44999999999999,0.78,72.44999999999999,1305.0,0,slip,0.5,0.5833333333333334,0.2916666666666667,1.1428571428571428,0.5078125,0.5125,0.8512794375419617,3484.509259259259,2490.761111111111,0.019444444444444445,580.7515432098766,0.0,0.0,415.1268518518518,11870.844444444445,0.0,0.0,10310.044444444444,248.9695987654321,11870.844444444445
712,can_can_1_20260605031501_0000.jpg,can,can,72.45,0.9,72.45,1305.0,0,overforce,0.5,0.5833333333333334,0.2916666666666667,1.1428571428571428,0.5078125,0.5125,0.8512794375419617,56935.45252525252,60718.7797979798,0.26666666666666666,9489.242087542087,0.0,0.0,10119.796632996637,16474.577777777777,0.0,0.0,16725.4,4902.259680134681,16725.4
713,can_can_1_20260605031501_0000.jpg,can,can,72.45,0.95,72.45,1305.0,0,overforce,0.5,0.5833333333333334,0.2916666666666667,1.1428571428571428,0.5078125,0.5125,0.8512794375419617,61774.088888888895,65653.35555555556,0.26666666666666666,10295.681481481482,0.0,0.0,10942.22592592593,15910.6,0.0,0.0,17216.866666666665,5309.476851851853,17216.866666666665
714,can_can_1_20260605031501_0000.jpg,can,can,72.44999999999999,0.8,72.44999999999999,1305.0,1,success,0.5,0.5833333333333334,0.2916666666666667,1.1428571428571428,0.5078125,0.5125,0.8512794375419617,21382.103267973853,25689.75294117647,0.1411764705882353,3563.6838779956433,0.0,0.0,4281.625490196077,13400.844444444445,0.0,0.0,12741.4,1961.3273420479302,13400.844444444445
715,can_can_1_20260605031502_0001.jpg,can,can,72.44999999999999,0.78,72.44999999999999,1305.0,0,fail,0.4921875,0.5833333333333334,0.287109375,1.125,0.50859375,0.5125,0.8446770906448364,1182.713888888889,0.0,0.004166666666666667,197.11898148148148,0.0,0.0,0.0,9889.577777777778,0.0,0.0,0.0,49.27974537037037,9889.577777777778
716,can_can_1_20260605031502_0001.jpg,can,can,72.45,0.79,72.45,1305.0,0,slip,0.4921875,0.5833333333333334,0.287109375,1.125,0.50859375,0.5125,0.8446770906448364,16782.990123456795,15862.888888888889,0.09629629629629628,2797.1650205761316,0.0,0.0,2643.8148148148143,14307.844444444445,0.0,0.0,12376.044444444444,1360.2449588477366,14307.844444444445
717,can_can_1_20260605031502_0001.jpg,can,can,72.45,0.9,72.45,1305.0,0,overforce,0.4921875,0.5833333333333334,0.287109375,1.125,0.50859375,0.5125,0.8446770906448364,59082.45252525254,63837.87070707071,0.26666666666666666,9847.07542087542,0.0,0.0,10639.645117845123,15490.6,0.0,0.0,17150.4,5121.680134680136,17150.4
718,can_can_1_20260605031502_0001.jpg,can,can,72.44999999999999,0.8,72.44999999999999,1305.0,1,success,0.4921875,0.5833333333333334,0.287109375,1.125,0.50859375,0.5125,0.8446770906448364,31360.422222222223,31822.544444444444,0.13333333333333333,5226.737037037036,0.0,0.0,5303.757407407408,16793.577777777777,0.0,0.0,16717.4,2632.623611111111,16793.577777777777
719,can_can_1_20260605031504_0002.jpg,can,can,72.44999999999999,0.8,72.44999999999999,1305.0,1,success,0.49375,0.58125,0.2869921875,1.1326164874551972,0.5078125,0.5114583333333333,0.8568688035011292,26844.96444444445,26483.744444444445,0.12999999999999998,4474.16074074074,0.0,0.0,4413.957407407407,17108.844444444443,0.0,0.0,17217.044444444444,2222.029537037037,17217.044444444444
720,can_can_1_20260605031505_0003.jpg,can,can,72.45,0.79,72.45,1305.0,0,slip,0.4765625,0.56875,0.271044921875,1.1172161172161172,0.49921875,0.503125,0.6876991391181946,23462.52098765432,23047.039506172838,0.09999999999999999,3910.4201646090532,0.0,0.0,3841.1732510288066,16703.844444444443,0.0,0.0,17422.4,1937.898353909465,17422.4
721,can_can_1_20260605031505_0003.jpg,can,can,72.45,0.89,72.45,1305.0,0,overforce,0.4765625,0.56875,0.271044921875,1.1172161172161172,0.49921875,0.503125,0.6876991391181946,43223.288888888885,52280.01333333332,0.22333333333333333,7203.881481481481,0.0,0.0,8713.335555555559,18327.844444444443,0.0,0.0,18418.4,3979.30425925926,18418.4
722,can_can_1_20260605031505_0003.jpg,can,can,72.44999999999999,0.8,72.44999999999999,1305.0,1,success,0.4765625,0.56875,0.271044921875,1.1172161172161172,0.49921875,0.503125,0.6876991391181946,17926.613888888885,19536.541666666668,0.0875,2987.7689814814808,0.0,0.0,3256.090277777778,15995.844444444445,0.0,0.0,15967.4,1560.9648148148146,15995.844444444445
723,can_can_1_20260605031507_0004.jpg,can,can,72.45,0.79,72.45,1305.0,0,slip,0.5125,0.75,0.384375,0.9111111111111111,0.51875,0.41041666666666665,0.5890452265739441,12242.807999999997,16909.681777777776,0.07733333333333337,2040.4679999999996,0.0,0.0,2818.280296296298,15771.844444444445,0.0,0.0,15015.4,1214.6870740740744,15771.844444444445
724,can_can_1_20260605031507_0004.jpg,can,can,72.44999999999999,0.91,72.44999999999999,1305.0,0,overforce,0.5125,0.75,0.384375,0.9111111111111111,0.51875,0.41041666666666665,0.5890452265739441,61454.58888888891,66741.43888888891,0.26666666666666666,10242.431481481479,0.0,0.0,11123.573148148153,16869.577777777777,0.0,0.0,17182.866666666665,5341.501157407408,17182.866666666665
725,can_can_1_20260605031507_0004.jpg,can,can,72.44999999999999,0.8,72.44999999999999,1305.0,1,success,0.5125,0.75,0.384375,0.9111111111111111,0.51875,0.41041666666666665,0.5890452265739441,25988.555555555555,28826.91111111111,0.13333333333333333,4331.425925925927,0.0,0.0,4804.485185185187,15899.577777777778,0.0,0.0,15986.4,2283.9777777777786,15986.4
726,can_can_1_20260605031509_0005.jpg,can,can,72.45,0.77,72.45,1305.0,0,slip,0.5203125,0.7145833333333333,0.371806640625,0.9708454810495627,0.51171875,0.43645833333333334,0.5270600914955139,13841.502222222223,14832.499999999996,0.06999999999999999,2306.917037037037,0.0,0.0,2472.083333333333,13374.844444444445,0.0,0.0,15098.4,1194.7500925925924,15098.4
727,can_can_1_20260605031509_0005.jpg,can,can,72.45,0.93,72.45,1305.0,0,overforce,0.5203125,0.7145833333333333,0.371806640625,0.9708454810495627,0.51171875,0.43645833333333334,0.5270600914955139,59244.3888888889,65653.4888888889,0.26666666666666666,9874.064814814814,0.0,0.0,10942.248148148152,16111.577777777778,0.0,0.0,16820.4,5204.078240740741,16820.4
728,can_can_1_20260605031509_0005.jpg,can,can,72.44999999999999,0.82,72.44999999999999,1305.0,1,success,0.5203125,0.7145833333333333,0.371806640625,0.9708454810495627,0.51171875,0.43645833333333334,0.5270600914955139,30311.42222222222,29048.527777777777,0.13333333333333333,5051.903703703704,0.0,0.0,4841.4212962962965,15719.577777777778,0.0,0.0,17810.4,2473.33125,17810.4
729,can_can_1_20260605031510_0006.jpg,can,can,72.45,0.77,72.45,1305.0,0,slip,0.5109375,0.6270833333333333,0.320400390625,1.0863787375415281,0.50859375,0.478125,0.5420316457748413,8746.730555555558,6081.584722222222,0.04583333333333333,1457.7884259259263,0.0,0.0,1013.5974537037036,12096.577777777778,0.0,0.0,12640.044444444444,617.8464699074075,12640.044444444444
730,can_can_1_20260605031510_0006.jpg,can,can,72.44999999999999,0.91,72.44999999999999,1305.0,0,overforce,0.5109375,0.6270833333333333,0.320400390625,1.0863787375415281,0.50859375,0.478125,0.5420316457748413,59484.6888888889,62193.58888888889,0.26666666666666666,9914.114814814815,0.0,0.0,10365.598148148152,16253.844444444445,0.0,0.0,17224.4,5069.928240740742,17224.4
731,can_can_1_20260605031510_0006.jpg,can,can,72.44999999999999,0.81,72.44999999999999,1305.0,1,success,0.5109375,0.6270833333333333,0.320400390625,1.0863787375415281,0.50859375,0.478125,0.5420316457748413,30853.15555555555,31847.844444444443,0.13333333333333333,5142.192592592594,0.0,0.0,5307.974074074077,15743.577777777778,0.0,0.0,17628.4,2612.541666666668,17628.4
732,can_can_1_20260605031512_0007.jpg,can,can,72.44999999999999,0.78,72.44999999999999,1305.0,0,slip,0.4765625,0.5833333333333334,0.2779947916666667,1.0892857142857142,0.50859375,0.5083333333333333,0.6010112166404724,24033.555555555555,16166.999999999996,0.10000000000000002,4005.592592592593,0.0,0.0,2694.4999999999995,12988.577777777778,0.0,0.0,16255.4,1675.0231481481483,16255.4
733,can_can_1_20260605031512_0007.jpg,can,can,72.45,0.94,72.45,1305.0,0,overforce,0.4765625,0.5833333333333334,0.2779947916666667,1.0892857142857142,0.50859375,0.5083333333333333,0.6010112166404724,59332.75555555558,61345.2888888889,0.26666666666666666,9888.792592592588,0.0,0.0,10224.214814814819,16846.6,0.0,0.0,17029.4,5028.251851851852,17029.4
734,can_can_1_20260605031512_0007.jpg,can,can,72.45,0.84,72.45,1305.0,1,success,0.4765625,0.5833333333333334,0.2779947916666667,1.0892857142857142,0.50859375,0.5083333333333333,0.6010112166404724,24691.244444444445,18527.783333333333,0.09722222222222222,4115.207407407408,0.0,0.0,3087.963888888889,16408.6,0.0,0.0,18679.866666666665,1800.7928240740744,18679.866666666665
735,can_can_1_20260605031513_0008.jpg,can,can,72.44999999999999,0.78,72.44999999999999,1305.0,0,slip,0.4703125,0.5833333333333334,0.27434895833333334,1.075,0.50546875,0.50625,0.6371733546257019,20920.60987654321,18572.071604938268,0.08888888888888888,3486.768312757201,0.0,0.0,3095.3452674897117,15895.844444444445,0.0,0.0,17965.4,1645.5283950617281,17965.4
736,can_can_1_20260605031513_0008.jpg,can,can,72.45,0.92,72.45,1305.0,0,overforce,0.4703125,0.5833333333333334,0.27434895833333334,1.075,0.50546875,0.50625,0.6371733546257019,59567.85811965814,66066.07350427353,0.26666666666666666,9927.97635327635,0.0,0.0,11011.012250712254,15959.844444444445,0.0,0.0,17531.866666666665,5234.747150997151,17531.866666666665
737,can_can_1_20260605031513_0008.jpg,can,can,72.44999999999999,0.81,72.44999999999999,1305.0,1,success,0.4703125,0.5833333333333334,0.27434895833333334,1.075,0.50546875,0.50625,0.6371733546257019,16262.847619047618,14887.009523809524,0.08333333333333334,2710.4746031746045,0.0,0.0,2481.168253968254,12209.6,0.0,0.0,15129.866666666667,1297.9107142857147,15129.866666666667
738,can_can_1_20260605031525_0009.jpg,can,can,72.44999999999999,0.8,72.44999999999999,1305.0,0,slip,0.4828125,0.5708333333333333,0.27560546875,1.1277372262773722,0.49765625,0.5083333333333333,0.5045166611671448,11266.022222222226,12690.082222222218,0.07333333333333333,1877.6703703703708,0.0,0.0,2115.0137037037034,13887.577777777778,0.0,0.0,14950.4,998.1710185185186,14950.4
739,can_can_1_20260605031525_0009.jpg,can,can,72.45,0.9,72.45,1305.0,0,overforce,0.4828125,0.5708333333333333,0.27560546875,1.1277372262773722,0.49765625,0.5083333333333333,0.5045166611671448,60371.997979798,64583.59797979798,0.26666666666666666,10061.99966329966,0.0,0.0,10763.932996632999,16761.6,0.0,0.0,16890.37777777778,5206.483164983165,16890.37777777778
740,can_can_1_20260605031525_0009.jpg,can,can,72.44999999999999,0.82,72.44999999999999,1305.0,1,success,0.4828125,0.5708333333333333,0.27560546875,1.1277372262773722,0.49765625,0.5083333333333333,0.5045166611671448,26688.979365079373,35131.93015873016,0.19761904761904764,4448.163227513228,0.0,0.0,5855.321693121694,10571.577777777778,0.0,0.0,14845.866666666667,2575.87123015873,14845.866666666667
741,can_can_1_20260605031526_0010.jpg,can,can,72.45,0.77,72.45,1305.0,0,slip,0.478125,0.5875,0.2808984375,1.0851063829787233,0.4890625,0.5145833333333333,0.4373636841773987,12080.550326797384,10670.538562091502,0.06274509803921569,2013.4250544662307,0.0,0.0,1778.423093681917,16309.577777777778,0.0,0.0,13950.044444444444,947.9620370370369,16309.577777777778
742,can_can_1_20260605031526_0010.jpg,can,can,72.45,0.93,72.45,1305.0,0,overforce,0.478125,0.5875,0.2808984375,1.0851063829787233,0.4890625,0.5145833333333333,0.4373636841773987,58621.40138888892,64435.3763888889,0.26666666666666666,9770.23356481481,0.0,0.0,10739.229398148153,16647.577777777777,0.0,0.0,17504.866666666665,5127.365740740741,17504.866666666665
743,can_can_1_20260605031526_0010.jpg,can,can,72.44999999999999,0.8,72.44999999999999,1305.0,1,success,0.478125,0.5875,0.2808984375,1.0851063829787233,0.4890625,0.5145833333333333,0.4373636841773987,0.0,21688.869444444445,0.06666666666666667,0.0,0.0,0.0,3614.8115740740736,0.0,0.0,0.0,13499.866666666667,903.7028935185184,13499.866666666667
744,can_can_1_20260605031528_0011.jpg,can,can,72.44999999999999,0.76,72.44999999999999,1305.0,0,fail,0.4734375,0.58125,0.275185546875,1.086021505376344,0.50234375,0.509375,0.41412830352783203,941.8707070707071,0.0,0.0030303030303030303,156.9784511784512,0.0,0.0,0.0,10360.577777777778,0.0,0.0,0.0,39.2446127946128,10360.577777777778
745,can_can_1_20260605031528_0011.jpg,can,can,72.45,0.77,72.45,1305.0,0,slip,0.4734375,0.58125,0.275185546875,1.086021505376344,0.50234375,0.509375,0.41412830352783203,0.0,0.0,0.0,0.0,0.0,0.0,0.0,0.0,0.0,0.0,0.0,0.0,0.0
746,can_can_1_20260605031528_0011.jpg,can,can,72.45,0.89,72.45,1305.0,0,overforce,0.4734375,0.58125,0.275185546875,1.086021505376344,0.50234375,0.509375,0.41412830352783203,36143.11111111112,43368.437037037045,0.17037037037037037,6023.851851851852,0.0,0.0,7228.072839506171,18577.577777777777,0.0,0.0,18724.4,3312.9811728395057,18724.4
747,can_can_1_20260605031528_0011.jpg,can,can,72.44999999999999,0.85,72.44999999999999,1305.0,1,success,0.4734375,0.58125,0.275185546875,1.086021505376344,0.50234375,0.509375,0.41412830352783203,51915.81111111113,48029.12469135804,0.24629629629629632,8652.635185185181,0.0,0.0,8004.854115226339,17145.577777777777,0.0,0.0,18400.4,4164.3723251028805,18400.4
748,can_can_1_20260605031530_0012.jpg,can,can,72.44999999999999,0.78,72.44999999999999,1305.0,0,slip,0.4984375,0.5895833333333333,0.29387044270833335,1.127208480565371,0.50859375,0.5177083333333333,0.30183979868888855,13889.511111111107,16356.066666666662,0.06666666666666667,2314.918518518518,0.0,0.0,2726.0111111111105,14100.844444444445,0.0,0.0,16471.4,1260.2324074074072,16471.4
749,can_can_1_20260605031530_0012.jpg,can,can,72.45,0.94,72.45,1305.0,0,overforce,0.4984375,0.5895833333333333,0.29387044270833335,1.127208480565371,0.50859375,0.5177083333333333,0.30183979868888855,59745.83888888889,63087.56388888888,0.26666666666666666,9957.639814814816,0.0,0.0,10514.593981481483,16780.577777777777,0.0,0.0,16880.044444444444,5118.058449074075,16880.044444444444
750,can_can_1_20260605031530_0012.jpg,can,can,72.45,0.84,72.45,1305.0,1,success,0.4984375,0.5895833333333333,0.29387044270833335,1.127208480565371,0.50859375,0.5177083333333333,0.30183979868888855,32709.353846153852,40407.798290598286,0.1948717948717949,5451.558974358974,0.0,0.0,6734.633048433047,14521.577777777778,0.0,0.0,17046.866666666665,3046.5480056980055,17046.866666666665
751,can_can_1_20260605031531_0013.jpg,can,can,72.45,0.79,72.45,1305.0,0,slip,0.4796875,0.5666666666666667,0.2718229166666667,1.1286764705882353,0.50703125,0.4979166666666667,0.6719589829444885,4275.3228758169935,1114.8392156862744,0.01568627450980392,712.5538126361656,0.0,0.0,185.8065359477124,14390.577777777778,0.0,0.0,10464.4,224.5900871459695,14390.577777777778
752,can_can_1_20260605031531_0013.jpg,can,can,72.45,0.9,72.45,1305.0,0,overforce,0.4796875,0.5666666666666667,0.2718229166666667,1.1286764705882353,0.50703125,0.4979166666666667,0.6719589829444885,36574.67222222221,36947.694444444445,0.13333333333333333,6095.778703703702,0.0,0.0,6157.949074074074,19078.844444444443,0.0,0.0,19770.4,3063.431944444444,19770.4
753,can_can_1_20260605031531_0013.jpg,can,can,72.44999999999999,0.82,72.44999999999999,1305.0,1,success,0.4796875,0.5666666666666667,0.2718229166666667,1.1286764705882353,0.50703125,0.4979166666666667,0.6719589829444885,34551.69494949494,19400.672727272726,0.09999999999999999,5758.615824915826,0.0,0.0,3233.445454545454,17791.844444444443,0.0,0.0,19440.4,2248.01531986532,19440.4
754,can_can_1_20260605031533_0014.jpg,can,can,72.44999999999999,0.78,72.44999999999999,1305.0,0,slip,0.46875,0.5604166666666667,0.2626953125,1.1152416356877324,0.50625,0.4947916666666667,0.7203479409217834,18032.059595959592,16648.627272727277,0.08030303030303033,3005.343265993267,0.0,0.0,2774.771212121213,14972.577777777778,0.0,0.0,16864.4,1445.0286195286199,16864.4
755,can_can_1_20260605031533_0014.jpg,can,can,72.45,0.89,72.45,1305.0,0,overforce,0.46875,0.5604166666666667,0.2626953125,1.1152416356877324,0.50625,0.4947916666666667,0.7203479409217834,51707.45555555554,42530.248611111114,0.20000000000000004,5659.216203703706,1972.4620370370367,0.0,7088.374768518519,18521.844444444443,17822.533333333333,0.0,19767.4,3680.0132523148154,19767.4
756,can_can_1_20260605031533_0014.jpg,can,can,72.44999999999999,0.81,72.44999999999999,1305.0,1,success,0.46875,0.5604166666666667,0.2626953125,1.1152416356877324,0.50625,0.4947916666666667,0.7203479409217834,31468.24444444445,22392.400000000005,0.11111111111111115,2764.14074074074,1653.7111111111105,370.56296296296296,3176.222222222222,16969.577777777777,15107.533333333333,11333.0,19210.4,1991.1592592592588,19210.4
757,can_can_1_20260605031536_0015.jpg,can,can,72.45,0.79,72.45,1305.0,0,slip,0.5203125,0.66875,0.347958984375,1.0373831775700935,0.49921875,0.5510416666666667,0.34784311056137085,28417.922222222227,18236.274999999998,0.09999999999999999,4736.320370370369,0.0,0.0,3039.379166666666,14900.577777777778,0.0,0.0,18346.4,1943.9248842592588,18346.4
758,can_can_1_20260605031536_0015.jpg,can,can,72.45,0.9,72.45,1305.0,0,overforce,0.5203125,0.66875,0.347958984375,1.0373831775700935,0.49921875,0.5510416666666667,0.34784311056137085,56653.08888888889,35870.880000000005,0.21000000000000002,9442.18148148148,0.0,0.0,5978.479999999999,17323.844444444443,0.0,0.0,19003.4,3855.1653703703696,19003.4
759,can_can_1_20260605031536_0015.jpg,can,can,72.45,0.84,72.45,1305.0,1,success,0.5203125,0.66875,0.347958984375,1.0373831775700935,0.49921875,0.5510416666666667,0.34784311056137085,50083.0544061303,52948.0681992337,0.26666666666666666,8347.175734355045,0.0,0.0,8824.678033205617,15603.577777777778,0.0,0.0,16811.4,4292.963441890166,16811.4
760,can_can_1_20260605031538_0016.jpg,can,can,72.45,0.79,72.45,1305.0,0,slip,0.4515625,0.5666666666666667,0.25588541666666664,1.0625,0.50859375,0.49583333333333335,0.6233192086219788,2981.192592592593,0.0,0.011111111111111112,496.8654320987655,0.0,0.0,0.0,9359.577777777778,0.0,0.0,0.0,124.21635802469137,9359.577777777778
761,can_can_1_20260605031538_0016.jpg,can,can,72.45,0.93,72.45,1305.0,0,overforce,0.4515625,0.5666666666666667,0.25588541666666664,1.0625,0.50859375,0.49583333333333335,0.6233192086219788,50317.177777777775,49708.07654320987,0.2444444444444444,8386.196296296297,0.0,0.0,8284.679423868316,18070.844444444443,0.0,0.0,19038.4,4167.718930041154,19038.4
762,can_can_1_20260605031538_0016.jpg,can,can,72.44999999999999,0.82,72.44999999999999,1305.0,1,success,0.4515625,0.5666666666666667,0.25588541666666664,1.0625,0.50859375,0.49583333333333335,0.6233192086219788,14353.871895424834,26770.362091503262,0.10000000000000002,2392.311982570806,0.0,0.0,4461.727015250544,14423.577777777778,0.0,0.0,14689.866666666667,1713.5097494553374,14689.866666666667
763,can_can_1_20260605031541_0017.jpg,can,can,72.45,0.79,72.45,1305.0,0,slip,0.521875,0.85625,0.44685546875,0.8126520681265207,0.4890625,0.43854166666666666,0.4855164587497711,24362.94166666667,16433.524999999998,0.09583333333333333,4060.490277777777,0.0,0.0,2738.920833333333,13620.577777777778,0.0,0.0,16646.4,1699.8527777777776,16646.4
764,can_can_1_20260605031541_0017.jpg,can,can,72.45,0.89,72.45,1305.0,0,overforce,0.521875,0.85625,0.44685546875,0.8126520681265207,0.4890625,0.43854166666666666,0.4855164587497711,58128.86666666667,55788.79999999999,0.26666666666666666,9688.144444444444,0.0,0.0,9298.133333333335,17435.844444444443,0.0,0.0,18872.4,4746.569444444445,18872.4
765,can_can_1_20260605031541_0017.jpg,can,can,72.45,0.79,72.45,1305.0,1,success,0.521875,0.85625,0.44685546875,0.8126520681265207,0.4890625,0.43854166666666666,0.4855164587497711,31196.78585858586,17822.763636363634,0.09999999999999999,5199.464309764311,0.0,0.0,2970.4606060606056,16427.844444444443,0.0,0.0,17937.4,2042.4812289562292,17937.4
766,can_can_1_20260605031543_0018.jpg,can,can,72.44999999999999,0.8,72.44999999999999,1305.0,0,slip,0.525,0.8333333333333334,0.4375,0.84,0.475,0.4270833333333333,0.6534910202026367,15700.836363636365,15908.969696969696,0.07878787878787878,2616.806060606061,0.0,0.0,2651.494949494949,15478.577777777778,0.0,0.0,13701.044444444444,1317.0752525252524,15478.577777777778
767,can_can_1_20260605031543_0018.jpg,can,can,72.44999999999999,0.91,72.44999999999999,1305.0,0,overforce,0.525,0.8333333333333334,0.4375,0.84,0.475,0.4270833333333333,0.6534910202026367,60240.33888888889,64169.81388888888,0.26666666666666666,10040.056481481482,0.0,0.0,10694.968981481483,16654.577777777777,0.0,0.0,16636.866666666665,5183.756365740741,16654.577777777777
768,can_can_1_20260605031543_0018.jpg,can,can,72.44999999999999,0.85,72.44999999999999,1305.0,1,success,0.525,0.8333333333333334,0.4375,0.84,0.475,0.4270833333333333,0.6534910202026367,48199.93131313131,53077.870707070695,0.25757575757575757,8033.321885521886,0.0,0.0,8846.311784511787,17058.577777777777,0.0,0.0,16218.044444444444,4219.908417508418,17058.577777777777
769,can_can_1_20260605031545_0019.jpg,can,can,72.44999999999999,0.81,72.44999999999999,1305.0,0,slip,0.5234375,0.84375,0.441650390625,0.8271604938271605,0.46953125,0.4322916666666667,0.6800897121429443,16391.277777777777,27376.942222222227,0.10999999999999999,2731.8796296296296,0.0,0.0,4562.823703703704,16590.577777777777,0.0,0.0,14314.044444444444,1823.6758333333335,16590.577777777777
770,can_can_1_20260605031545_0019.jpg,can,can,72.44999999999999,0.82,72.44999999999999,1305.0,1,success,0.5234375,0.84375,0.441650390625,0.8271604938271605,0.46953125,0.4322916666666667,0.6800897121429443,14058.600000000002,16419.171111111114,0.06833333333333333,2343.1000000000004,0.0,0.0,2736.5285185185194,15086.6,0.0,0.0,16783.37777777778,1269.90712962963,16783.37777777778
771,can_can_1_20260605031546_0020.jpg,can,can,72.44999999999999,0.78,72.44999999999999,1305.0,0,slip,0.53125,0.8333333333333334,0.4427083333333333,0.85,0.46875,0.42916666666666664,0.6207162737846375,28053.27936507937,18175.114285714284,0.10476190476190475,4675.54656084656,0.0,134.11111111111111,2828.0190476190473,15827.577777777778,0.0,8449.0,17290.4,1909.4191798941797,17290.4
772,can_can_1_20260605031546_0020.jpg,can,can,72.45,0.9,72.45,1305.0,0,overforce,0.53125,0.8333333333333334,0.4427083333333333,0.85,0.46875,0.42916666666666664,0.6207162737846375,65274.37222222221,62783.18888888891,0.3333333333333333,8708.49398148148,1447.0453703703704,1006.0833333333334,8954.739814814819,16660.844444444443,13079.533333333333,9402.0,18868.4,5029.090625000001,18868.4
773,can_can_1_20260605031546_0020.jpg,can,can,72.44999999999999,0.81,72.44999999999999,1305.0,1,success,0.53125,0.8333333333333334,0.4427083333333333,0.85,0.46875,0.42916666666666664,0.6207162737846375,31929.17222222222,18845.23333333333,0.09999999999999999,5321.528703703704,0.0,0.0,3140.872222222222,17182.577777777777,0.0,0.0,18910.4,2115.6002314814814,18910.4
774,can_can_1_20260605031548_0021.jpg,can,can,72.45,0.79,72.45,1305.0,0,slip,0.525,0.8145833333333333,0.42765625,0.8593350383631714,0.475,0.4197916666666667,0.6785413026809692,12959.777777777781,16617.739999999998,0.09666666666666665,2159.9629629629635,0.0,0.0,2769.6233333333325,13192.577777777778,0.0,0.0,9301.044444444444,1232.3965740740741,13192.577777777778
775,can_can_1_20260605031548_0021.jpg,can,can,72.45,0.95,72.45,1305.0,0,overforce,0.525,0.8145833333333333,0.42765625,0.8593350383631714,0.475,0.4197916666666667,0.6785413026809692,60394.85811965814,61293.381196581206,0.26666666666666666,10065.809686609684,0.0,0.0,10215.563532763537,16895.577777777777,0.0,0.0,17452.4,5070.343304843305,17452.4
776,can_can_1_20260605031548_0021.jpg,can,can,72.45,0.79,72.45,1305.0,0,slip,0.525,0.8145833333333333,0.42765625,0.8593350383631714,0.475,0.4197916666666667,0.6785413026809692,20170.414814814816,17774.955555555553,0.07777777777777778,3361.735802469135,0.0,0.0,2962.4925925925922,16774.577777777777,0.0,0.0,17950.4,1581.0570987654319,17950.4
777,can_can_1_20260605031548_0021.jpg,can,can,72.45,0.95,72.45,1305.0,0,overforce,0.525,0.8145833333333333,0.42765625,0.8593350383631714,0.475,0.4197916666666667,0.6785413026809692,38278.17222222221,33242.194444444445,0.13333333333333333,6379.695370370369,0.0,0.0,5540.365740740741,19609.844444444443,0.0,0.0,20495.4,2980.0152777777776,20495.4
778,can_can_1_20260605031548_0021.jpg,can,can,72.44999999999999,0.85,72.44999999999999,1305.0,1,success,0.525,0.8145833333333333,0.42765625,0.8593350383631714,0.475,0.4197916666666667,0.6785413026809692,36737.69494949494,32328.30808080809,0.13333333333333333,6122.949158249158,0.0,0.0,5388.051346801352,18887.577777777777,0.0,0.0,20435.4,2877.7501262626274,20435.4
779,can_can_1_20260605031549_0022.jpg,can,can,72.44999999999999,0.8,72.44999999999999,1305.0,0,slip,0.5109375,0.8041666666666667,0.41087890625,0.8471502590673575,0.48515625,0.4125,0.5332674384117126,12485.17777777778,17056.955555555556,0.08333333333333333,2080.8629629629636,0.0,0.0,2842.825925925926,12876.577777777778,0.0,0.0,14061.866666666667,1230.9222222222224,14061.866666666667
780,can_can_1_20260605031549_0022.jpg,can,can,72.45,0.9,72.45,1305.0,0,overforce,0.5109375,0.8041666666666667,0.41087890625,0.8471502590673575,0.48515625,0.4125,0.5332674384117126,60732.977777777785,49010.849382716035,0.24814814814814815,10122.162962962964,0.0,0.0,8168.474897119344,17721.577777777777,0.0,0.0,17897.4,4572.659465020577,17897.4
781,can_can_1_20260605031549_0022.jpg,can,can,72.44999999999999,0.85,72.44999999999999,1305.0,1,success,0.5109375,0.8041666666666667,0.41087890625,0.8471502590673575,0.48515625,0.4125,0.5332674384117126,29264.777777777774,50555.68888888888,0.19999999999999998,4877.462962962963,0.0,0.0,8425.94814814815,18014.577777777777,0.0,0.0,16316.044444444444,3325.852777777778,18014.577777777777
782,can_can_1_20260605031551_0023.jpg,can,can,72.45,0.79,72.45,1305.0,0,slip,0.50625,0.8541666666666666,0.432421875,0.7902439024390244,0.4859375,0.4375,0.5925328135490417,34425.829629629625,19143.316666666662,0.11666666666666665,4564.794753086419,781.8956790123457,0.0,3190.552777777777,17915.577777777777,13214.533333333333,0.0,19446.4,2134.3108024691355,19446.4
783,can_can_1_20260605031551_0023.jpg,can,can,72.45,0.95,72.45,1305.0,0,overforce,0.50625,0.8541666666666666,0.432421875,0.7902439024390244,0.4859375,0.4375,0.5925328135490417,78788.44444444445,78486.35555555556,0.33333333333333326,5619.374074074074,5008.022222222222,2129.0962962962963,9887.41481481482,17147.577777777777,17711.533333333333,19668.0,17936.866666666665,5660.976851851853,19668.0
784,can_can_1_20260605031551_0023.jpg,can,can,72.45,0.84,72.45,1305.0,1,success,0.50625,0.8541666666666666,0.432421875,0.7902439024390244,0.4859375,0.4375,0.5925328135490417,38150.84529914528,32010.13675213677,0.13333333333333333,6358.474216524216,0.0,0.0,5335.022792022798,19321.577777777777,0.0,0.0,20285.4,2923.3742521367535,20285.4
785,can_can_1_20260605031552_0024.jpg,can,can,72.44999999999999,0.8,72.44999999999999,1305.0,0,slip,0.5203125,0.7958333333333333,0.41408203125,0.8717277486910995,0.48203125,0.4083333333333333,0.6067841649055481,29704.937777777777,31609.544444444444,0.12999999999999998,4950.822962962962,0.0,0.0,5268.257407407408,18011.577777777777,0.0,0.0,18085.4,2554.770092592593,18085.4
786,can_can_1_20260605031552_0024.jpg,can,can,72.45,0.9,72.45,1305.0,0,overforce,0.5203125,0.7958333333333333,0.41408203125,0.8717277486910995,0.48203125,0.4083333333333333,0.6067841649055481,59007.374603174605,63075.40317460317,0.26666666666666666,9834.562433862433,0.0,0.0,10512.567195767198,16782.577777777777,0.0,0.0,16959.4,5086.782407407408,16959.4
787,can_can_1_20260605031552_0024.jpg,can,can,72.44999999999999,0.85,72.44999999999999,1305.0,1,success,0.5203125,0.7958333333333333,0.41408203125,0.8717277486910995,0.48203125,0.4083333333333333,0.6067841649055481,34133.207936507926,35430.87301587301,0.13333333333333333,5688.867989417991,0.0,0.0,5905.145502645506,18311.577777777777,0.0,0.0,18440.4,2898.5033730158743,18440.4
788,can_can_1_20260605031554_0025.jpg,can,can,72.45000000000002,0.7,72.45000000000002,1305.0,0,slip,0.5234375,0.8145833333333333,0.4263834635416667,0.8567774936061381,0.47578125,0.4197916666666667,0.7223740816116333,10440.400000000001,23965.58290598291,0.09743589743589744,0.0,1160.0444444444445,2662.8425451092126,0.0,0.0,13780.933333333334,17092.133333333335,0.0,955.7217473884143,17092.133333333335
789,can_can_1_20260605031554_0025.jpg,can,can,72.44999999999999,0.74,72.44999999999999,1305.0,0,slip,0.5234375,0.8145833333333333,0.4263834635416667,0.8567774936061381,0.47578125,0.4197916666666667,0.7223740816116333,3293.626262626263,12808.272727272728,0.048484848484848485,0.0,365.9584736251403,1423.141414141414,0.0,0.0,12416.022222222222,16589.133333333335,0.0,447.27497194163857,16589.133333333335
790,can_can_1_20260605031554_0025.jpg,can,can,72.45,0.9,72.45,1305.0,0,overforce,0.5234375,0.8145833333333333,0.4263834635416667,0.8567774936061381,0.47578125,0.4197916666666667,0.7223740816116333,178342.81818181818,191942.40202020205,1.0,9991.346464646464,13154.971043771046,12954.79393939393,12558.209427609427,12416.577777777778,14994.4,15845.044444444444,15218.4,12164.830218855217,15845.044444444444
791,can_can_1_20260605031554_0025.jpg,can,can,72.45,0.75,72.45,1305.0,1,success,0.5234375,0.8145833333333333,0.4263834635416667,0.8567774936061381,0.47578125,0.4197916666666667,0.7223740816116333,13442.842424242424,27339.862626262624,0.09999999999999999,0.0,1493.6491582491583,3037.7625140291807,0.0,0.0,14006.933333333334,16633.133333333335,0.0,1132.8529180695848,16633.133333333335
792,can_can_1_20260605031555_0026.jpg,can,can,72.45,0.71,72.45,1305.0,0,slip,0.528125,0.83125,0.43900390625,0.8471177944862155,0.4796875,0.428125,0.6949832439422607,13264.28333333333,11276.125,0.06666666666666667,0.0,1473.8092592592589,1252.9027777777778,0.0,0.0,13830.533333333333,12000.0,0.0,681.6780092592592,13830.533333333333
793,can_can_1_20260605031555_0026.jpg,can,can,72.45,0.9,72.45,1305.0,0,overforce,0.528125,0.83125,0.43900390625,0.8471177944862155,0.4796875,0.428125,0.6949832439422607,86706.67385620913,79864.4418300653,0.5088235294117648,6564.844662309372,5257.511764705889,4016.260348583876,7286.349782135074,13191.6,14544.533333333333,14833.0,16387.37777777778,5781.241639433552,16387.37777777778
794,can_can_1_20260605031555_0026.jpg,can,can,72.44999999999999,0.76,72.44999999999999,1305.0,1,success,0.528125,0.83125,0.43900390625,0.8471177944862155,0.4796875,0.428125,0.6949832439422607,12366.31594202898,11312.624154589372,0.07826086956521741,0.0,1374.0351046698868,1256.9582393988192,0.0,0.0,13194.533333333333,8711.0,0.0,657.7483360171765,13194.533333333333
795,can_can_1_20260605031557_0027.jpg,can,can,72.44999999999999,0.74,72.44999999999999,1305.0,0,fail,0.5203125,0.8041666666666667,0.41841796875,0.8626943005181347,0.48046875,0.4125,0.6116459965705872,0.0,0.0,0.0,0.0,0.0,0.0,0.0,0.0,0.0,0.0,0.0,0.0,0.0
796,can_can_1_20260605031557_0027.jpg,can,can,72.44999999999999,0.74,72.44999999999999,1305.0,0,slip,0.5203125,0.8041666666666667,0.41841796875,0.8626943005181347,0.48046875,0.4125,0.6116459965705872,12877.803174603176,23106.568253968253,0.09047619047619047,0.0,1430.8670194003528,2567.3964726631393,0.0,0.0,15002.933333333334,15673.133333333333,0.0,999.565873015873,15673.133333333333
797,can_can_1_20260605031557_0027.jpg,can,can,72.45,0.95,72.45,1305.0,0,overforce,0.5203125,0.8041666666666667,0.41841796875,0.8626943005181347,0.48046875,0.4125,0.6116459965705872,190368.63636363638,202477.49292929296,1.0,11660.543434343432,13378.375084175086,13485.187878787872,13518.467003367003,14388.577777777778,15400.022222222222,16565.0,15899.4,13010.64335016835,16565.0
798,can_can_1_20260605031557_0027.jpg,can,can,72.44999999999999,0.76,72.44999999999999,1305.0,1,success,0.5203125,0.8041666666666667,0.41841796875,0.8626943005181347,0.48046875,0.4125,0.6116459965705872,3255.1133333333332,26749.744444444445,0.07999999999999999,0.0,361.67925925925925,2972.1938271604936,0.0,0.0,8235.533333333333,14323.133333333333,0.0,833.4682716049382,14323.133333333333
799,can_can_1_20260605031601_0028.jpg,can,can,72.44999999999999,0.73,72.44999999999999,1305.0,0,slip,0.528125,0.85625,0.45220703125,0.8223844282238443,0.4765625,0.440625,0.6989308595657349,0.0,29380.815873015872,0.07142857142857142,0.0,0.0,3264.535097001765,0.0,0.0,0.0,16242.133333333333,0.0,816.1337742504412,16242.133333333333
800,can_can_1_20260605031601_0028.jpg,can,can,72.45,0.9,72.45,1305.0,0,overforce,0.528125,0.85625,0.45220703125,0.8223844282238443,0.4765625,0.440625,0.6989308595657349,179406.16111111114,184975.78518518514,0.9555555555555557,11148.407407407403,12501.746296296302,11787.804526748965,13147.590740740741,14089.577777777778,15236.022222222222,16630.044444444444,15962.4,12146.387242798353,16630.044444444444
801,can_can_1_20260605031601_0028.jpg,can,can,72.45,0.77,72.45,1305.0,1,success,0.528125,0.85625,0.45220703125,0.8223844282238443,0.4765625,0.440625,0.6989308595657349,21924.08187134503,15111.319298245613,0.11052631578947371,0.0,2436.009096816115,1679.035477582846,0.0,0.0,12231.022222222222,13011.91111111111,0.0,1028.76114359974,13011.91111111111
802,can_can_1_20260605031605_0029.jpg,can,can,72.44999999999999,0.78,72.44999999999999,1305.0,0,slip,0.534375,0.8729166666666667,0.46646484375,0.8162291169451074,0.471875,0.453125,0.6295470595359802,41801.108888888884,40446.74444444444,0.22000000000000003,4494.17037037037,1648.4540740740736,1329.088888888889,4747.490740740741,14357.577777777778,11041.533333333333,12947.0,16318.4,3054.8010185185185,16318.4
803,can_can_1_20260605031605_0029.jpg,can,can,72.45,0.9,72.45,1305.0,0,overforce,0.534375,0.8729166666666667,0.46646484375,0.8162291169451074,0.471875,0.453125,0.6295470595359802,101983.39365079366,94115.79523809525,0.5642857142857142,6145.319576719578,7234.6084656084695,6534.0821869488545,5884.842592592597,13623.577777777778,15027.533333333333,16075.0,15162.377777777778,6449.713205467375,16075.0
804,can_can_1_20260605031605_0029.jpg,can,can,72.45,0.75,72.45,1305.0,1,success,0.534375,0.8729166666666667,0.46646484375,0.8162291169451074,0.471875,0.453125,0.6295470595359802,9401.066666666662,11866.977777777776,0.06666666666666667,0.0,1044.5629629629625,0.0,1977.8296296296296,0.0,9992.533333333333,0.0,12218.044444444444,755.5981481481481,12218.044444444444
805,can_can_1_20260605031615_0030.jpg,can,can,72.44999999999999,0.76,72.44999999999999,1305.0,1,success,0.4609375,0.58125,0.267919921875,1.0573476702508962,0.48515625,0.5072916666666667,0.8190932869911194,14297.612063492075,27035.93015873018,0.10952380952380954,0.0,1588.6235626102305,3003.9922398589047,0.0,0.0,14232.933333333334,17240.133333333335,0.0,1148.1539506172837,17240.133333333335
806,can_can_1_20260605031617_0031.jpg,can,can,72.44999999999999,0.76,72.44999999999999,1305.0,0,slip,0.4765625,0.5875,0.27998046875,1.0815602836879432,0.48671875,0.5041666666666667,0.7781583666801453,23079.59166666667,18153.50833333334,0.1104166666666667,0.0,2564.399074074075,2017.0564814814816,0.0,0.0,13645.933333333334,16778.133333333335,0.0,1145.363888888889,16778.133333333335
807,can_can_1_20260605031617_0031.jpg,can,can,72.44999999999999,0.8,72.44999999999999,1305.0,1,success,0.4765625,0.5875,0.27998046875,1.0815602836879432,0.48671875,0.5041666666666667,0.7781583666801453,25246.744444444448,28472.744444444434,0.13333333333333333,0.0,2805.1938271604945,3163.6382716049393,0.0,0.0,14935.933333333334,15421.133333333333,0.0,1492.2080246913583,15421.133333333333
808,can_can_1_20260605031620_0032.jpg,can,can,72.45000000000002,0.7,72.45000000000002,1305.0,0,slip,0.4890625,0.58125,0.284267578125,1.1218637992831542,0.49921875,0.5135416666666667,0.8781461715698242,13057.93333333334,21744.36172839507,0.0851851851851852,0.0,1450.881481481482,2416.0401920438967,0.0,0.0,14923.933333333334,17589.133333333335,0.0,966.7304183813446,17589.133333333335
809,can_can_1_20260605031620_0032.jpg,can,can,72.45,0.75,72.45,1305.0,1,success,0.4890625,0.58125,0.284267578125,1.1218637992831542,0.49921875,0.5135416666666667,0.8781461715698242,22256.188888888893,27479.377777777794,0.14629629629629626,0.0,2472.9098765432104,3053.264197530866,0.0,0.0,12689.933333333334,15505.133333333333,0.0,1381.5435185185192,15505.133333333333
810,can_can_1_20260605031621_0033.jpg,can,can,72.44999999999999,0.74,72.44999999999999,1305.0,0,slip,0.465625,0.5979166666666667,0.27840494791666665,1.038327526132404,0.471875,0.5072916666666667,0.8178598284721375,23794.00512820513,22116.364102564105,0.12564102564102567,0.0,2643.778347578348,2457.373789173789,0.0,0.0,13436.533333333333,16323.133333333333,0.0,1275.2880341880343,16323.133333333333
811,can_can_1_20260605031621_0033.jpg,can,can,72.45,0.95,72.45,1305.0,0,overforce,0.465625,0.5979166666666667,0.27840494791666665,1.038327526132404,0.471875,0.5072916666666667,0.8178598284721375,183356.375,197568.56111111114,1.0,11036.25555555556,13015.426851851855,13139.622222222222,13218.660185185183,14508.577777777778,14163.0,16047.0,15805.044444444444,12602.491203703705,16047.0
812,can_can_1_20260605031621_0033.jpg,can,can,72.44999999999999,0.74,72.44999999999999,1305.0,1,success,0.465625,0.5979166666666667,0.27840494791666665,1.038327526132404,0.471875,0.5072916666666667,0.8178598284721375,13527.088888888882,16362.199999999999,0.08888888888888888,0.0,1503.0098765432092,1818.0222222222221,0.0,0.0,13890.533333333333,11912.133333333333,0.0,830.2580246913578,13890.533333333333
813,can_can_1_20260605031623_0034.jpg,can,can,72.45,0.75,72.45,1305.0,1,success,0.4671875,0.58125,0.271552734375,1.07168458781362,0.48515625,0.503125,0.830533504486084,14016.010256410258,28817.58290598291,0.1,0.0,1557.334472934473,3201.9536562203234,0.0,0.0,14808.933333333334,17785.133333333335,0.0,1189.8220322886991,17785.133333333335
814,can_can_1_20260605031624_0035.jpg,can,can,72.44999999999999,0.8,72.44999999999999,1305.0,1,success,0.465625,0.58125,0.27064453125,1.0681003584229392,0.4828125,0.503125,0.8247076869010925,29507.16296296295,31590.666666666682,0.13333333333333333,4917.860493827161,0.0,0.0,5265.111111111117,17161.844444444443,0.0,0.0,17123.4,2545.742901234569,17161.844444444443
815,can_can_1_20260605031626_0036.jpg,can,can,72.44999999999999,0.85,72.44999999999999,1305.0,1,success,0.4671875,0.5895833333333333,0.27544596354166667,1.0565371024734982,0.47734375,0.503125,0.8474392890930176,50463.0263888889,34092.89166666666,0.20000000000000004,8410.504398148145,0.0,0.0,5682.148611111111,14670.844444444445,0.0,0.0,17365.4,3523.1632523148137,17365.4
816,can_can_1_20260605031630_0037.jpg,can,can,72.44999999999999,0.8,72.44999999999999,1305.0,1,success,0.4734375,0.5770833333333333,0.273212890625,1.0938628158844765,0.47734375,0.503125,0.5361971259117126,0.0,5618.292307692308,0.023076923076923075,0.0,0.0,0.0,936.3820512820513,0.0,0.0,0.0,8257.866666666667,234.09551282051282,8257.866666666667
817,can_can_1_20260605031632_0038.jpg,can,can,72.44999999999999,0.85,72.44999999999999,1305.0,1,success,0.4671875,0.56875,0.265712890625,1.0952380952380953,0.46640625,0.490625,0.644455075263977,27431.54901960785,31827.009150326787,0.13333333333333333,4571.924836601305,0.0,0.0,5304.501525054466,16856.6,0.0,0.0,17901.866666666665,2469.1065904139427,17901.866666666665
818,can_can_1_20260605031633_0039.jpg,can,can,72.44999999999999,0.78,72.44999999999999,1305.0,0,slip,0.4671875,0.56875,0.265712890625,1.0952380952380953,0.45859375,0.4947916666666667,0.6680463552474976,27478.464444444446,19872.808888888885,0.10333333333333332,4579.744074074073,0.0,0.0,3312.1348148148145,16344.577777777778,0.0,0.0,17820.4,1972.969722222222,17820.4
819,can_can_1_20260605031633_0039.jpg,can,can,72.44999999999999,0.85,72.44999999999999,1305.0,1,success,0.4671875,0.56875,0.265712890625,1.0952380952380953,0.45859375,0.4947916666666667,0.6680463552474976,48618.383006535965,55073.39477124184,0.26666666666666666,8103.0638344226545,0.0,0.0,9178.899128540308,13656.844444444445,0.0,0.0,15877.4,4320.490740740741,15877.4
820,can_can_1_20260605031635_0040.jpg,can,can,72.44999999999999,0.8,72.44999999999999,1305.0,1,success,0.46875,0.5708333333333333,0.267578125,1.094890510948905,0.4921875,0.5020833333333333,0.7317988276481628,0.0,0.0,0.0,0.0,0.0,0.0,0.0,0.0,0.0,0.0,0.0,0.0,0.0
821,can_can_1_20260605031637_0041.jpg,can,can,72.44999999999999,0.8,72.44999999999999,1305.0,1,success,0.46875,0.56875,0.2666015625,1.098901098901099,0.4890625,0.5010416666666667,0.6870884299278259,55050.62222222222,54842.198941798924,0.29206349206349197,4512.9751322751345,3108.085714285714,2510.2637272192837,5374.970899470904,16227.577777777778,10857.533333333333,15502.0,16647.4,3876.5738683127593,16647.4
822,can_can_1_20260605031638_0042.jpg,can,can,72.44999999999999,0.85,72.44999999999999,1305.0,1,success,0.46875,0.5708333333333333,0.267578125,1.094890510948905,0.484375,0.5020833333333333,0.6772169470787048,32022.76993464052,37885.9385620915,0.19803921568627456,5337.128322440087,0.0,0.0,6314.323093681917,12651.6,0.0,0.0,15575.866666666667,2912.862854030501,15575.866666666667
823,can_can_1_20260605031640_0043.jpg,can,can,72.44999999999999,0.85,72.44999999999999,1305.0,1,success,0.46875,0.5666666666666667,0.265625,1.1029411764705883,0.484375,0.5,0.6937436461448669,59686.38194444447,87728.71388888886,0.3729166666666665,1853.4087962962965,5396.214351851853,6692.745216049381,4582.334490740744,11479.577777777778,15035.533333333333,15163.0,15327.4,4631.1757137345685,15327.4
824,can_can_1_20260605031641_0044.jpg,can,can,72.44999999999999,0.8,72.44999999999999,1305.0,1,success,0.4578125,0.5666666666666667,0.2594270833333333,1.0772058823529411,0.49609375,0.5020833333333333,0.610544741153717,13890.75424836601,27201.62614379085,0.11372549019607847,2315.125708061002,0.0,0.0,4533.604357298471,14085.577777777778,0.0,0.0,14375.866666666667,1712.1825163398682,14375.866666666667
825,can_can_1_20260605031643_0045.jpg,can,can,72.44999999999999,0.83,72.44999999999999,1305.0,1,success,0.4625,0.5708333333333333,0.2640104166666667,1.0802919708029197,0.496875,0.5041666666666667,0.6544792056083679,23536.666666666668,29527.869444444437,0.13333333333333333,3922.777777777777,0.0,0.0,4921.311574074073,15185.6,0.0,0.0,15642.866666666667,2211.0223379629624,15642.866666666667
826,can_can_1_20260605031644_0046.jpg,can,can,72.45,0.86,72.45,1305.0,1,success,0.459375,0.5625,0.2583984375,1.0888888888888888,0.4953125,0.5,0.5699062347412109,35210.42222222221,36051.52136752137,0.13333333333333333,5868.403703703705,0.0,0.0,6008.586894586897,18759.844444444443,0.0,0.0,18797.4,2969.2476495726505,18797.4
827,can_can_1_20260605031646_0047.jpg,can,can,72.44999999999999,0.85,72.44999999999999,1305.0,1,success,0.465625,0.5666666666666667,0.26385416666666667,1.0955882352941178,0.4984375,0.5020833333333333,0.679800271987915,23505.4393939394,30160.74444444443,0.13333333333333333,3917.5732323232296,0.0,0.0,5026.790740740739,13972.066666666668,0.0,0.0,17587.866666666665,2236.0909932659924,17587.866666666665
828,can_can_1_20260605031647_0048.jpg,can,can,72.44999999999999,0.8,72.44999999999999,1305.0,0,slip,0.4609375,0.5708333333333333,0.26311848958333334,1.0766423357664234,0.48984375,0.5083333333333333,0.3907330334186554,0.0,0.0,0.0,0.0,0.0,0.0,0.0,0.0,0.0,0.0,0.0,0.0,0.0
829,can_can_1_20260605031647_0048.jpg,can,can,72.44999999999999,0.8,72.44999999999999,1305.0,1,success,0.4609375,0.5708333333333333,0.26311848958333334,1.0766423357664234,0.48984375,0.5083333333333333,0.3907330334186554,15271.800966183573,15541.698550724643,0.0681159420289855,2545.3001610305955,0.0,0.0,2590.2830917874403,15474.844444444445,0.0,0.0,15306.4,1283.895813204509,15474.844444444445
830,can_can_1_20260605031649_0049.jpg,can,can,72.44999999999999,0.85,72.44999999999999,1305.0,1,success,0.4703125,0.5708333333333333,0.26847005208333335,1.0985401459854014,0.49453125,0.5083333333333333,0.49054789543151855,31181.122222222213,34772.39444444446,0.13333333333333333,5196.853703703705,0.0,0.0,5795.399074074079,19714.844444444443,0.0,0.0,19738.4,2748.063194444446,19738.4
831,can_can_2_20260605031749_0000.jpg,can,can,72.45000000000002,0.7,72.45000000000002,1305.0,0,fail,0.478125,0.5958333333333333,0.2848828125,1.06993006993007,0.5015625,0.50625,0.8213374018669128,0.0,0.0,0.0,0.0,0.0,0.0,0.0,0.0,0.0,0.0,0.0,0.0,0.0
832,can_can_2_20260605031749_0000.jpg,can,can,72.44999999999999,0.73,72.44999999999999,1305.0,0,slip,0.478125,0.5958333333333333,0.2848828125,1.06993006993007,0.5015625,0.50625,0.8213374018669128,3505.743703703704,0.0,0.01111111111111111,584.2906172839507,0.0,0.0,0.0,13209.577777777778,0.0,0.0,0.0,146.07265432098768,13209.577777777778
833,can_can_2_20260605031749_0000.jpg,can,can,72.44999999999999,0.74,72.44999999999999,1305.0,0,slip,0.478125,0.5958333333333333,0.2848828125,1.06993006993007,0.5015625,0.50625,0.8213374018669128,28102.088888888888,29681.69444444444,0.13333333333333333,4683.6814814814825,0.0,0.0,4946.949074074077,17389.844444444443,0.0,0.0,16181.4,2407.65763888889,17389.844444444443
834,can_can_2_20260605031749_0000.jpg,can,can,72.45,0.75,72.45,1305.0,0,slip,0.478125,0.5958333333333333,0.2848828125,1.06993006993007,0.5015625,0.50625,0.8213374018669128,28236.231746031728,30880.126984127022,0.13333333333333347,4706.038624338623,0.0,0.0,5146.68783068782,17859.844444444443,0.0,0.0,16744.4,2463.1816137566107,17859.844444444443
835,can_can_2_20260605031749_0000.jpg,can,can,72.45,0.88,72.45,1305.0,0,overforce,0.478125,0.5958333333333333,0.2848828125,1.06993006993007,0.5015625,0.50625,0.8213374018669128,49909.84444444443,53659.11111111111,0.19999999999999998,5906.07037037037,1608.1580246913575,1962.1358024691358,5999.981481481482,18622.577777777777,14857.533333333333,18350.0,19520.4,3869.0864197530864,19520.4
836,can_can_2_20260605031749_0000.jpg,can,can,72.45,0.9,72.45,1305.0,0,overforce,0.478125,0.5958333333333333,0.2848828125,1.06993006993007,0.5015625,0.50625,0.8213374018669128,57919.08888888889,63599.35555555555,0.26666666666666666,9653.181481481482,0.0,0.0,10599.892592592596,16465.577777777777,0.0,0.0,17003.4,5063.26851851852,17003.4
837,can_can_2_20260605031749_0000.jpg,can,can,72.45,0.92,72.45,1305.0,0,overforce,0.478125,0.5958333333333333,0.2848828125,1.06993006993007,0.5015625,0.50625,0.8213374018669128,58495.6888888889,63475.08888888889,0.26666666666666666,9749.281481481481,0.0,0.0,10579.181481481482,16317.577777777778,0.0,0.0,16643.4,5082.115740740741,16643.4
838,can_can_2_20260605031749_0000.jpg,can,can,72.44999999999999,0.76,72.44999999999999,1305.0,1,success,0.478125,0.5958333333333333,0.2848828125,1.06993006993007,0.5015625,0.50625,0.8213374018669128,14455.26549707602,20822.44444444444,0.10000000000000003,2409.2109161793364,0.0,0.0,3470.40740740741,14784.844444444445,0.0,0.0,11162.044444444444,1469.9045808966866,14784.844444444445
839,can_can_2_20260605031751_0001.jpg,can,can,72.44999999999999,0.73,72.44999999999999,1305.0,0,slip,0.4875,0.5979166666666667,0.291484375,1.0871080139372822,0.5109375,0.5114583333333333,0.7759729027748108,1848.40987654321,943.116049382716,0.011111111111111112,308.0683127572017,0.0,0.0,157.18600823045267,8504.844444444445,0.0,0.0,8488.044444444444,116.31358024691359,8504.844444444445
840,can_can_2_20260605031751_0001.jpg,can,can,72.45,0.88,72.45,1305.0,0,overforce,0.4875,0.5979166666666667,0.291484375,1.0871080139372822,0.5109375,0.5114583333333333,0.7759729027748108,75536.1111111111,66613.8222222222,0.3,5794.7555555555555,4529.73086419753,3427.2518518518523,5961.425925925926,17860.844444444443,13865.533333333333,16304.0,19373.4,4928.291049382716,19373.4
841,can_can_2_20260605031751_0001.jpg,can,can,72.44999999999999,0.78,72.44999999999999,1305.0,1,success,0.4875,0.5979166666666667,0.291484375,1.0871080139372822,0.5109375,0.5114583333333333,0.7759729027748108,36001.967676767665,35454.80808080808,0.13333333333333333,6000.327946127947,0.0,0.0,5909.134680134682,18450.844444444443,0.0,0.0,19088.4,2977.3656565656574,19088.4
842,can_can_2_20260605031752_0002.jpg,can,can,72.44999999999999,0.74,72.44999999999999,1305.0,0,slip,0.490625,0.6041666666666666,0.29641927083333336,1.0827586206896551,0.515625,0.5125,0.7760093808174133,16002.278160919544,25618.858237547905,0.10114942528735636,2667.0463601532574,0.0,0.0,4269.809706257987,16250.844444444445,0.0,0.0,14932.4,1734.2140166028112,16250.844444444445
843,can_can_2_20260605031752_0002.jpg,can,can,72.45,0.92,72.45,1305.0,0,overforce,0.490625,0.6041666666666666,0.29641927083333336,1.0827586206896551,0.515625,0.5125,0.7760093808174133,58019.08888888889,56778.24444444443,0.26666666666666666,9669.848148148149,0.0,0.0,9463.040740740744,17164.844444444443,0.0,0.0,18287.4,4783.222222222223,18287.4
844,can_can_2_20260605031752_0002.jpg,can,can,72.44999999999999,0.8,72.44999999999999,1305.0,1,success,0.490625,0.6041666666666666,0.29641927083333336,1.0827586206896551,0.515625,0.5125,0.7760093808174133,44730.6888888889,51431.86535947713,0.26078431372549016,7455.114814814812,0.0,0.0,8571.977559912857,15302.844444444445,0.0,0.0,14522.044444444444,4006.773093681917,15302.844444444445
845,can_can_2_20260605031754_0003.jpg,can,can,72.45,0.75,72.45,1305.0,0,slip,0.49375,0.6020833333333333,0.29727864583333335,1.0934256055363323,0.5359375,0.5114583333333333,0.7357645630836487,13419.987301587302,13173.044444444444,0.06666666666666667,2236.66455026455,0.0,0.0,2195.5074074074073,14027.844444444445,0.0,0.0,13586.044444444444,1108.0429894179892,14027.844444444445
846,can_can_2_20260605031754_0003.jpg,can,can,72.45,0.88,72.45,1305.0,0,overforce,0.49375,0.6020833333333333,0.29727864583333335,1.0934256055363323,0.5359375,0.5114583333333333,0.7357645630836487,58720.179797979814,63007.416161616165,0.26666666666666666,9786.696632996633,0.0,0.0,10501.23602693603,17694.844444444443,0.0,0.0,18450.4,5071.983164983166,18450.4
847,can_can_2_20260605031754_0003.jpg,can,can,72.44999999999999,0.78,72.44999999999999,1305.0,1,success,0.49375,0.6020833333333333,0.29727864583333335,1.0934256055363323,0.5359375,0.5114583333333333,0.7357645630836487,33657.05858585857,31286.262626262625,0.13333333333333333,5609.509764309765,0.0,0.0,5214.377104377106,17055.844444444443,0.0,0.0,18954.4,2705.9717171717175,18954.4
848,can_can_2_20260605031756_0004.jpg,can,can,72.45,0.75,72.45,1305.0,0,slip,0.4921875,0.6104166666666667,0.300439453125,1.075085324232082,0.50703125,0.5135416666666667,0.567837655544281,30711.876767676767,18638.672727272726,0.09999999999999999,5118.646127946128,0.0,0.0,3106.445454545454,16207.844444444445,0.0,0.0,18821.4,2056.2728956228957,18821.4
849,can_can_2_20260605031756_0004.jpg,can,can,72.45,0.92,72.45,1305.0,0,overforce,0.4921875,0.6104166666666667,0.300439453125,1.075085324232082,0.50703125,0.5135416666666667,0.567837655544281,36931.42222222221,37174.87301587301,0.13333333333333333,6155.237037037039,0.0,0.0,6195.812169312172,19090.844444444443,0.0,0.0,19847.4,3087.7623015873028,19847.4
850,can_can_2_20260605031756_0004.jpg,can,can,72.44999999999999,0.73,72.44999999999999,1305.0,0,slip,0.4921875,0.6104166666666667,0.300439453125,1.075085324232082,0.50703125,0.5135416666666667,0.567837655544281,7777.207777777779,4948.137777777777,0.03833333333333333,1296.2012962962965,0.0,0.0,824.6896296296295,13123.577777777778,0.0,0.0,12048.044444444444,530.2227314814816,13123.577777777778
851,can_can_2_20260605031756_0004.jpg,can,can,72.45,0.9,72.45,1305.0,0,overforce,0.4921875,0.6104166666666667,0.300439453125,1.075085324232082,0.50703125,0.5135416666666667,0.567837655544281,53735.53368384175,57028.537469330455,0.266666666666666,8955.922280640118,0.0,0.0,9504.75624488841,17735.844444444443,0.0,0.0,18813.4,4615.169631382132,18813.4
852,can_can_2_20260605031756_0004.jpg,can,can,72.44999999999999,0.78,72.44999999999999,1305.0,1,success,0.4921875,0.6104166666666667,0.300439453125,1.075085324232082,0.50703125,0.5135416666666667,0.567837655544281,29849.058585858587,18398.490909090906,0.09999999999999999,4974.843097643097,0.0,0.0,3066.415151515151,16999.844444444443,0.0,0.0,18536.4,2010.3145622895622,18536.4
853,can_can_2_20260605031758_0005.jpg,can,can,72.45000000000002,0.7,72.45000000000002,1305.0,0,fail,0.4875,0.5791666666666667,0.28234375,1.1223021582733812,0.478125,0.5104166666666666,0.7618312835693359,0.0,0.0,0.0,0.0,0.0,0.0,0.0,0.0,0.0,0.0,0.0,0.0,0.0
854,can_can_2_20260605031758_0005.jpg,can,can,72.44999999999999,0.74,72.44999999999999,1305.0,0,slip,0.4875,0.5791666666666667,0.28234375,1.1223021582733812,0.478125,0.5104166666666666,0.7618312835693359,30873.27936507937,18608.114285714284,0.09999999999999999,5145.54656084656,0.0,0.0,3101.352380952381,16539.844444444443,0.0,0.0,18721.4,2061.7247354497354,18721.4
855,can_can_2_20260605031758_0005.jpg,can,can,72.45,0.88,72.45,1305.0,0,overforce,0.4875,0.5791666666666667,0.28234375,1.1223021582733812,0.478125,0.5104166666666666,0.7618312835693359,38024.42222222221,20677.763636363634,0.09999999999999999,6337.403703703705,0.0,0.0,3446.2939393939387,20067.844444444443,0.0,0.0,20724.4,2445.9244107744107,20724.4
856,can_can_2_20260605031758_0005.jpg,can,can,72.44999999999999,0.8,72.44999999999999,1305.0,0,overforce,0.4875,0.5791666666666667,0.28234375,1.1223021582733812,0.478125,0.5104166666666666,0.7618312835693359,37799.76045751633,20534.782352941165,0.09999999999999988,6299.960076252721,0.0,0.0,3422.463725490194,19232.844444444443,0.0,0.0,20678.4,2430.6059504357286,20678.4
857,can_can_2_20260605031758_0005.jpg,can,can,72.44999999999999,0.8,72.44999999999999,1305.0,1,success,0.4875,0.5791666666666667,0.28234375,1.1223021582733812,0.478125,0.5104166666666666,0.7618312835693359,46168.53986928103,32068.150326797382,0.16274509803921566,6382.64880174292,874.7385620915029,0.0,5344.691721132902,19575.844444444443,9054.533333333333,0.0,20093.4,3150.519771241831,20093.4
858,can_can_2_20260605031800_0006.jpg,can,can,72.45,0.75,72.45,1305.0,0,slip,0.471875,0.5895833333333333,0.27820963541666666,1.0671378091872792,0.4828125,0.5010416666666667,0.8521699905395508,16941.792063492056,27502.0873015873,0.1,2823.6320105820096,0.0,0.0,4583.681216931219,17071.577777777777,0.0,0.0,16738.044444444444,1851.828306878307,17071.577777777777
859,can_can_2_20260605031800_0006.jpg,can,can,72.45,0.88,72.45,1305.0,0,overforce,0.471875,0.5895833333333333,0.27820963541666666,1.0671378091872792,0.4828125,0.5010416666666667,0.8521699905395508,19599.355555555558,31343.11111111111,0.10000000000000003,3266.5592592592593,0.0,0.0,5223.851851851856,19707.577777777777,0.0,0.0,19061.044444444444,2122.602777777779,19707.577777777777
860,can_can_2_20260605031800_0006.jpg,can,can,72.44999999999999,0.76,72.44999999999999,1305.0,0,slip,0.471875,0.5895833333333333,0.27820963541666666,1.0671378091872792,0.4828125,0.5010416666666667,0.8521699905395508,15063.466666666667,15269.933333333332,0.06666666666666667,2510.577777777778,0.0,0.0,2544.9888888888886,16074.577777777778,0.0,0.0,16204.044444444444,1263.8916666666667,16204.044444444444
861,can_can_2_20260605031800_0006.jpg,can,can,72.44999999999999,0.78,72.44999999999999,1305.0,1,success,0.471875,0.5895833333333333,0.27820963541666666,1.0671378091872792,0.4828125,0.5010416666666667,0.8521699905395508,19005.640277777777,18774.419444444444,0.06666666666666667,3167.606712962963,0.0,0.0,3129.0699074074073,19069.577777777777,0.0,0.0,18842.044444444444,1574.1691550925925,19069.577777777777
862,can_can_2_20260605031801_0007.jpg,can,can,72.45,0.6,72.45,1305.0,0,fail,0.4765625,0.5895833333333333,0.28097330729166664,1.0777385159010602,0.48828125,0.503125,0.8423863053321838,0.0,0.0,0.0,0.0,0.0,0.0,0.0,0.0,0.0,0.0,0.0,0.0,0.0
863,can_can_2_20260605031801_0007.jpg,can,can,72.44999999999999,0.73,72.44999999999999,1305.0,0,slip,0.4765625,0.5895833333333333,0.28097330729166664,1.0777385159010602,0.48828125,0.503125,0.8423863053321838,17986.989542483658,16907.044444444444,0.06666666666666667,2997.8315904139426,0.0,0.0,2817.840740740741,18050.577777777777,0.0,0.0,16982.044444444444,1453.9180827886707,18050.577777777777
864,can_can_2_20260605031801_0007.jpg,can,can,72.45,0.9,72.45,1305.0,0,overforce,0.4765625,0.5895833333333333,0.28097330729166664,1.0777385159010602,0.48828125,0.503125,0.8423863053321838,20775.952777777784,20159.58611111112,0.06666666666666667,3462.658796296297,0.0,0.0,3359.93101851852,20899.577777777777,0.0,0.0,20272.044444444444,1705.6474537037043,20899.577777777777
865,can_can_2_20260605031801_0007.jpg,can,can,72.44999999999999,0.8,72.44999999999999,1305.0,1,success,0.4765625,0.5895833333333333,0.28097330729166664,1.0777385159010602,0.48828125,0.503125,0.8423863053321838,20422.952777777777,19779.794444444444,0.06666666666666667,3403.825462962963,0.0,0.0,3296.6324074074073,20477.577777777777,0.0,0.0,19826.044444444444,1675.1144675925925,20477.577777777777
866,can_can_2_20260605031803_0008.jpg,can,can,72.45,0.75,72.45,1305.0,0,slip,0.471875,0.5895833333333333,0.27820963541666666,1.0671378091872792,0.4875,0.5010416666666667,0.8658422827720642,16651.799999999996,17803.155555555553,0.06666666666666667,2775.2999999999993,0.0,0.0,2967.1925925925925,16822.577777777777,0.0,0.0,17870.044444444444,1435.623148148148,17870.044444444444
867,can_can_2_20260605031803_0008.jpg,can,can,72.45,0.88,72.45,1305.0,0,overforce,0.471875,0.5895833333333333,0.27820963541666666,1.0671378091872792,0.4875,0.5010416666666667,0.8658422827720642,20410.977777777774,20153.31111111111,0.06666666666666667,3401.8296296296294,0.0,0.0,3358.8851851851846,20457.577777777777,0.0,0.0,20188.044444444444,1690.1787037037034,20457.577777777777
868,can_can_2_20260605031803_0008.jpg,can,can,72.44999999999999,0.8,72.44999999999999,1305.0,1,success,0.471875,0.5895833333333333,0.27820963541666666,1.0671378091872792,0.4875,0.5010416666666667,0.8658422827720642,19794.167521367533,19817.01880341882,0.06666666666666671,3299.027920227922,0.0,0.0,3302.83646723647,19864.577777777777,0.0,0.0,19930.044444444444,1650.466096866098,19930.044444444444
869,can_can_2_20260605031805_0009.jpg,can,can,72.44999999999999,0.74,72.44999999999999,1305.0,0,slip,0.4703125,0.5916666666666667,0.27826822916666666,1.0598591549295775,0.48359375,0.50625,0.8690283894538879,0.0,8744.356944444444,0.03333333333333333,0.0,0.0,0.0,1457.392824074074,0.0,0.0,0.0,9419.044444444444,364.3482060185185,9419.044444444444
870,can_can_2_20260605031805_0009.jpg,can,can,72.45,0.88,72.45,1305.0,0,overforce,0.4703125,0.5916666666666667,0.27826822916666666,1.0598591549295775,0.48359375,0.50625,0.8690283894538879,20853.688888888897,20377.451851851867,0.06666666666666667,3475.6148148148163,0.0,0.0,3396.2419753086447,21037.577777777777,0.0,0.0,20538.044444444444,1717.9641975308652,21037.577777777777
871,can_can_2_20260605031805_0009.jpg,can,can,72.44999999999999,0.8,72.44999999999999,1305.0,1,success,0.4703125,0.5916666666666667,0.27826822916666666,1.0598591549295775,0.48359375,0.50625,0.8690283894538879,20627.395959595953,19862.771717171716,0.06666666666666667,3437.899326599326,0.0,0.0,3310.461952861953,20680.577777777777,0.0,0.0,19909.044444444444,1687.0903198653195,20680.577777777777
872,can_can_2_20260605031807_0010.jpg,can,can,72.44999999999999,0.73,72.44999999999999,1305.0,0,slip,0.4640625,0.5833333333333334,0.270703125,1.0607142857142857,0.48515625,0.5083333333333333,0.7041246891021729,15125.95777777778,11411.199999999997,0.07666666666666666,2520.992962962963,0.0,0.0,1901.866666666666,14178.577777777778,0.0,0.0,11834.4,1105.7149074074073,14178.577777777778
873,can_can_2_20260605031807_0010.jpg,can,can,72.45,0.88,72.45,1305.0,0,overforce,0.4640625,0.5833333333333334,0.270703125,1.0607142857142857,0.48515625,0.5083333333333333,0.7041246891021729,37174.57606837605,19972.399999999998,0.1,6195.76267806268,0.0,0.0,3328.7333333333327,19598.577777777777,0.0,0.0,20079.4,2381.124002849003,20079.4
874,can_can_2_20260605031807_0010.jpg,can,can,72.495,1.0,72.495,1305.5,0,fail,0.4640625,0.5833333333333334,0.270703125,1.0607142857142857,0.48515625,0.5083333333333333,0.7041246891021729,37518.61587301587,40707.9238095238,0.19999999999999998,0.0,4168.735097001764,4523.102645502646,0.0,0.0,18183.4,17239.222222222223,0.0,2172.9594356261023,18183.4
875,can_can_2_20260605031807_0010.jpg,can,can,72.44999999999999,0.8,72.44999999999999,1305.0,1,success,0.4640625,0.5833333333333334,0.270703125,1.0607142857142857,0.48515625,0.5083333333333333,0.7041246891021729,15438.06666666667,17133.956725146203,0.07543859649122808,2573.0111111111114,0.0,0.0,2855.659454191034,13742.066666666668,0.0,0.0,17707.37777777778,1357.1676413255364,17707.37777777778
876,can_can_2_20260605031808_0011.jpg,can,can,72.45,0.75,72.45,1305.0,0,slip,0.465625,0.5833333333333334,0.2716145833333333,1.0642857142857143,0.4859375,0.5083333333333333,0.66447913646698,30972.022222222226,22304.04444444444,0.11666666666666665,5162.003703703703,0.0,0.0,3717.3407407407403,17689.577777777777,0.0,0.0,18265.044444444444,2219.8361111111108,18265.044444444444
877,can_can_2_20260605031808_0011.jpg,can,can,72.45,0.92,72.45,1305.0,0,overforce,0.465625,0.5833333333333334,0.2716145833333333,1.0642857142857143,0.4859375,0.5083333333333333,0.66447913646698,38329.3313131313,38149.26262626262,0.13333333333333333,6388.221885521886,0.0,0.0,6358.210437710441,20151.577777777777,0.0,0.0,19915.044444444444,3186.6080808080815,20151.577777777777
878,can_can_2_20260605031808_0011.jpg,can,can,72.44999999999999,0.8,72.44999999999999,1305.0,1,success,0.465625,0.5833333333333334,0.2716145833333333,1.0642857142857143,0.4859375,0.5083333333333333,0.66447913646698,37347.354040404025,36999.4671717172,0.13333333333333344,6224.559006734005,0.0,0.0,6166.577861952855,19037.577777777777,0.0,0.0,19265.4,3097.7842171717148,19265.4
879,can_can_2_20260605031810_0012.jpg,can,can,72.44999999999999,0.73,72.44999999999999,1305.0,0,slip,0.46875,0.5854166666666667,0.2744140625,1.0676156583629892,0.490625,0.5135416666666667,0.5918108820915222,29295.27936507936,28122.730158730155,0.13333333333333333,4882.546560846562,0.0,0.0,4687.121693121695,16663.844444444443,0.0,0.0,16009.4,2392.4170634920642,16663.844444444443
880,can_can_2_20260605031810_0012.jpg,can,can,72.45,0.88,72.45,1305.0,0,overforce,0.46875,0.5854166666666667,0.2744140625,1.0676156583629892,0.490625,0.5135416666666667,0.5918108820915222,38847.42222222221,38745.64444444445,0.13333333333333333,6474.570370370372,0.0,0.0,6457.607407407412,20026.577777777777,0.0,0.0,19545.044444444444,3233.044444444446,20026.577777777777
881,can_can_2_20260605031810_0012.jpg,can,can,72.44999999999999,0.8,72.44999999999999,1305.0,1,success,0.46875,0.5854166666666667,0.2744140625,1.0676156583629892,0.490625,0.5135416666666667,0.5918108820915222,37920.52222222221,37224.44444444445,0.13333333333333333,6320.087037037038,0.0,0.0,6204.074074074078,19618.577777777777,0.0,0.0,18975.044444444444,3131.040277777779,19618.577777777777
882,can_can_2_20260605031811_0013.jpg,can,can,72.45,0.75,72.45,1305.0,1,success,0.4578125,0.5875,0.26896484375,1.0390070921985815,0.48203125,0.5104166666666666,0.5624185800552368,31743.527485380102,32536.707602339207,0.1333333333333334,5290.587914230019,0.0,0.0,5422.784600389864,18102.844444444443,0.0,0.0,17946.044444444444,2678.3431286549708,18102.844444444443
883,can_can_2_20260605031813_0014.jpg,can,can,72.45,0.75,72.45,1305.0,0,slip,0.4578125,0.58125,0.266103515625,1.050179211469534,0.48828125,0.509375,0.5422889590263367,16900.77435897436,14310.736752136752,0.07179487179487179,2816.795726495726,0.0,0.0,2385.122792022792,16039.844444444445,0.0,0.0,15423.044444444444,1300.4796296296295,16039.844444444445
884,can_can_2_20260605031813_0014.jpg,can,can,72.44999999999999,0.8,72.44999999999999,1305.0,1,success,0.4578125,0.58125,0.266103515625,1.050179211469534,0.48828125,0.509375,0.5422889590263367,25945.092929292932,37994.00808080809,0.16666666666666669,4324.182154882155,0.0,0.0,6332.334680134681,16022.844444444445,0.0,0.0,17831.4,2664.129208754209,17831.4
885,can_can_2_20260605031814_0015.jpg,can,can,72.44999999999999,0.74,72.44999999999999,1305.0,0,slip,0.4640625,0.5770833333333333,0.267802734375,1.0722021660649819,0.48828125,0.5114583333333333,0.4298129677772522,15251.066666666668,24612.33333333333,0.09999999999999999,2541.8444444444444,0.0,0.0,4102.055555555555,15739.844444444445,0.0,0.0,14798.4,1660.975,15739.844444444445
886,can_can_2_20260605031814_0015.jpg,can,can,72.45,0.92,72.45,1305.0,0,overforce,0.4640625,0.5770833333333333,0.267802734375,1.0722021660649819,0.48828125,0.5114583333333333,0.4298129677772522,33184.49444444445,35258.1,0.13333333333333333,5530.749074074074,0.0,0.0,5876.349999999999,18563.844444444443,0.0,0.0,18492.4,2851.7747685185186,18563.844444444443
887,can_can_2_20260605031814_0015.jpg,can,can,72.44999999999999,0.76,72.44999999999999,1305.0,1,success,0.4640625,0.5770833333333333,0.267802734375,1.0722021660649819,0.48828125,0.5114583333333333,0.4298129677772522,16489.487301587298,16586.828571428567,0.06666666666666667,2748.2478835978827,0.0,0.0,2764.471428571428,16727.844444444443,0.0,0.0,16692.4,1378.1798280423277,16727.844444444443
888,can_can_2_20260605031816_0016.jpg,can,can,72.44999999999999,0.73,72.44999999999999,1305.0,0,slip,0.4796875,0.60625,0.290810546875,1.0549828178694158,0.51015625,0.515625,0.5624350905418396,3831.629166666667,3062.6430555555557,0.022916666666666665,638.6048611111112,0.0,0.0,510.4405092592593,12033.844444444445,0.0,0.0,11126.4,287.2613425925926,12033.844444444445
889,can_can_2_20260605031816_0016.jpg,can,can,72.45,0.92,72.45,1305.0,0,overforce,0.4796875,0.60625,0.290810546875,1.0549828178694158,0.51015625,0.515625,0.5624350905418396,38452.88055555554,38314.6527777778,0.13333333333333333,6408.813425925926,0.0,0.0,6385.775462962969,19996.577777777777,0.0,0.0,19574.4,3198.6472222222237,19996.577777777777
890,can_can_2_20260605031816_0016.jpg,can,can,72.44999999999999,0.76,72.44999999999999,1305.0,0,slip,0.4796875,0.60625,0.290810546875,1.0549828178694158,0.51015625,0.515625,0.5624350905418396,25219.991919191918,17758.490909090906,0.0909090909090909,4203.331986531985,0.0,0.0,2959.748484848484,16974.844444444443,0.0,0.0,18677.4,1790.7701178451175,18677.4
891,can_can_2_20260605031816_0016.jpg,can,can,72.44999999999999,0.78,72.44999999999999,1305.0,0,slip,0.4796875,0.60625,0.290810546875,1.0549828178694158,0.51015625,0.515625,0.5624350905418396,21661.27777777778,22409.44166666667,0.11666666666666665,3610.212962962962,0.0,0.0,3734.906944444445,15880.844444444445,0.0,0.0,17510.4,1836.2799768518516,17510.4
892,can_can_2_20260605031816_0016.jpg,can,can,72.44999999999999,0.8,72.44999999999999,1305.0,1,success,0.4796875,0.60625,0.290810546875,1.0549828178694158,0.51015625,0.515625,0.5624350905418396,36525.8111111111,36715.00000000001,0.13333333333333333,6087.635185185186,0.0,0.0,6119.166666666671,19068.577777777777,0.0,0.0,19458.4,3051.700462962964,19458.4
893,can_can_2_20260605031817_0017.jpg,can,can,72.44999999999999,0.73,72.44999999999999,1305.0,0,slip,0.4640625,0.5875,0.27263671875,1.053191489361702,0.49296875,0.50625,0.7433421015739441,23093.225000000006,20553.744444444445,0.11249999999999999,3848.870833333333,0.0,0.0,3425.6240740740736,15258.577777777778,0.0,0.0,15421.044444444444,1818.6237268518516,15421.044444444444
894,can_can_2_20260605031817_0017.jpg,can,can,72.45,0.92,72.45,1305.0,0,overforce,0.4640625,0.5875,0.27263671875,1.053191489361702,0.49296875,0.50625,0.7433421015739441,47570.81269841268,46179.27460317461,0.2,5984.737037037039,1295.8211640211637,1013.0763668430334,6176.93121693122,19141.844444444443,11900.533333333333,9861.044444444444,19531.4,3617.641446208114,19531.4
895,can_can_2_20260605031817_0017.jpg,can,can,72.44999999999999,0.8,72.44999999999999,1305.0,1,success,0.4640625,0.5875,0.27263671875,1.053191489361702,0.49296875,0.50625,0.7433421015739441,36696.53760683759,36552.55982905985,0.13333333333333333,6116.089601139601,0.0,0.0,6092.093304843311,18937.577777777777,0.0,0.0,19051.4,3052.0457264957276,19051.4
896,can_can_2_20260605031821_0018.jpg,can,can,72.44999999999999,0.76,72.44999999999999,1305.0,0,slip,0.453125,0.5895833333333333,0.26715494791666666,1.0247349823321554,0.5234375,0.5010416666666667,0.7433570623397827,24858.046913580245,25129.08395061728,0.10370370370370369,4143.00781893004,0.0,0.0,4188.180658436214,18232.577777777777,0.0,0.0,18836.4,2082.7971193415633,18836.4
897,can_can_2_20260605031821_0018.jpg,can,can,72.44999999999999,0.78,72.44999999999999,1305.0,0,slip,0.453125,0.5895833333333333,0.26715494791666666,1.0247349823321554,0.5234375,0.5010416666666667,0.7433570623397827,32156.101851851843,34091.444444444445,0.13055555555555556,5359.350308641977,0.0,0.0,5681.90740740741,19104.577777777777,0.0,0.0,18569.4,2760.3144290123464,19104.577777777777
898,can_can_2_20260605031821_0018.jpg,can,can,72.44999999999999,0.8,72.44999999999999,1305.0,1,success,0.453125,0.5895833333333333,0.26715494791666666,1.0247349823321554,0.5234375,0.5010416666666667,0.7433570623397827,36408.622222222206,41259.14141414143,0.17272727272727273,6068.103703703704,0.0,0.0,6876.523569023569,18014.844444444443,0.0,0.0,17038.4,3236.1568181818184,18014.844444444443
899,can_can_2_20260605031829_0019.jpg,can,can,72.44999999999999,0.76,72.44999999999999,1305.0,0,slip,0.4546875,0.6,0.2728125,1.0104166666666667,0.48359375,0.51875,0.377414733171463,22506.374999999996,23143.994444444445,0.09999999999999999,3751.0624999999995,0.0,0.0,3857.3324074074076,17211.577777777777,0.0,0.0,17247.4,1902.0987268518518,17247.4
900,can_can_2_20260605031829_0019.jpg,can,can,72.44999999999999,0.78,72.44999999999999,1305.0,0,slip,0.4546875,0.6,0.2728125,1.0104166666666667,0.48359375,0.51875,0.377414733171463,36062.255555555545,23114.66111111111,0.10833333333333334,6010.375925925928,0.0,0.0,3852.443518518518,19847.844444444443,0.0,0.0,20503.4,2465.7048611111113,20503.4
901,can_can_2_20260605031829_0019.jpg,can,can,72.44999999999999,0.8,72.44999999999999,1305.0,1,success,0.4546875,0.6,0.2728125,1.0104166666666667,0.48359375,0.51875,0.377414733171463,38279.722222222204,32378.344444444443,0.13333333333333333,6379.953703703704,0.0,0.0,5396.390740740741,20255.844444444443,0.0,0.0,20773.4,2944.0861111111117,20773.4
902,can_can_2_20260605031833_0020.jpg,can,can,72.44999999999999,0.73,72.44999999999999,1305.0,0,slip,0.509375,0.6666666666666666,0.33958333333333335,1.01875,0.4953125,0.5458333333333333,0.4509136378765106,3058.5633333333335,0.0,0.009999999999999998,509.7605555555556,0.0,0.0,0.0,11511.577777777778,0.0,0.0,0.0,127.4401388888889,11511.577777777778
903,can_can_2_20260605031833_0020.jpg,can,can,72.45,0.75,72.45,1305.0,0,slip,0.509375,0.6666666666666666,0.33958333333333335,1.01875,0.4953125,0.5458333333333333,0.4509136378765106,21922.41481481481,22062.777777777777,0.09259259259259259,3653.735802469135,0.0,0.0,3677.1296296296296,18088.577777777777,0.0,0.0,16285.044444444444,1832.716358024691,18088.577777777777
904,can_can_2_20260605031833_0020.jpg,can,can,72.45,0.9,72.45,1305.0,0,overforce,0.509375,0.6666666666666666,0.33958333333333335,1.01875,0.4953125,0.5458333333333333,0.4509136378765106,62737.0888888889,65648.5888888889,0.26666666666666666,10456.18148148148,0.0,0.0,10941.431481481484,17708.577777777777,0.0,0.0,17201.044444444444,5349.403240740741,17708.577777777777
905,can_can_2_20260605031833_0020.jpg,can,can,72.44999999999999,0.8,72.44999999999999,1305.0,1,success,0.509375,0.6666666666666666,0.33958333333333335,1.01875,0.4953125,0.5458333333333333,0.4509136378765106,24061.840277777774,26171.283333333333,0.12083333333333332,4010.306712962964,0.0,0.0,4361.8805555555555,17822.844444444443,0.0,0.0,18484.4,2093.0468171296297,18484.4
906,can_can_2_20260605031834_0021.jpg,can,can,72.44999999999999,0.76,72.44999999999999,1305.0,0,slip,0.503125,0.6666666666666666,0.33541666666666664,1.00625,0.496875,0.5416666666666666,0.5384541153907776,22915.27936507937,16746.187301587302,0.08571428571428572,3819.2132275132276,0.0,0.0,2791.031216931217,17538.844444444443,0.0,0.0,17221.044444444444,1652.5611111111111,17538.844444444443
907,can_can_2_20260605031834_0021.jpg,can,can,72.44999999999999,0.82,72.44999999999999,1305.0,1,success,0.503125,0.6666666666666666,0.33541666666666664,1.00625,0.496875,0.5416666666666666,0.5384541153907776,36311.35972222221,36987.631944444445,0.13333333333333333,6051.893287037038,0.0,0.0,6164.6053240740775,19636.844444444443,0.0,0.0,19473.4,3054.124652777779,19636.844444444443
908,can_can_2_20260605031836_0022.jpg,can,can,72.45,0.75,72.45,1305.0,0,slip,0.4640625,0.5979166666666667,0.277470703125,1.0348432055749128,0.49296875,0.5072916666666667,0.6918041110038757,18419.809259259255,18718.399999999998,0.06944444444444443,3069.9682098765425,0.0,0.0,3119.7333333333327,17947.844444444443,0.0,0.0,18917.4,1547.4253858024688,18917.4
909,can_can_2_20260605031836_0022.jpg,can,can,72.495,1.0,72.495,1305.5,0,fail,0.4640625,0.5979166666666667,0.277470703125,1.0348432055749128,0.49296875,0.5072916666666667,0.6918041110038757,38467.35694444446,38617.94166666666,0.19374999999999998,0.0,4274.15077160494,4290.882407407409,0.0,0.0,18209.4,17113.222222222223,0.0,2141.2582947530873,18209.4
910,can_can_2_20260605031836_0022.jpg,can,can,72.45,0.9,72.45,1305.0,0,overforce,0.4640625,0.5979166666666667,0.277470703125,1.0348432055749128,0.49296875,0.5072916666666667,0.6918041110038757,33956.947474747474,28998.53939393939,0.1606060606060606,5659.491245791243,0.0,0.0,4833.089898989899,17768.066666666666,0.0,0.0,19577.866666666665,2623.1452861952857,19577.866666666665
911,can_can_2_20260605031836_0022.jpg,can,can,72.44999999999999,0.76,72.44999999999999,1305.0,1,success,0.4640625,0.5979166666666667,0.277470703125,1.0348432055749128,0.49296875,0.5072916666666667,0.6918041110038757,15349.753535353533,16556.581818181814,0.06666666666666667,2558.2922558922555,0.0,0.0,2759.4303030303026,15837.844444444445,0.0,0.0,16668.4,1329.4306397306395,16668.4
912,can_can_2_20260605031837_0023.jpg,can,can,72.44999999999999,0.73,72.44999999999999,1305.0,0,slip,0.5,0.5958333333333333,0.29791666666666666,1.118881118881119,0.515625,0.5104166666666666,0.7644756436347961,10604.253801169587,19251.116959064326,0.0736842105263158,1767.3756335282646,0.0,0.0,3208.519493177389,15087.844444444445,0.0,0.0,13677.4,1243.9737816764134,15087.844444444445
913,can_can_2_20260605031837_0023.jpg,can,can,72.45,0.9,72.45,1305.0,0,overforce,0.5,0.5958333333333333,0.29791666666666666,1.118881118881119,0.515625,0.5104166666666666,0.7644756436347961,50609.73333333333,52570.333333333336,0.19999999999999998,5820.348148148148,1743.071604938271,1783.1851851851852,6086.944444444444,18942.844444444443,15756.533333333333,16289.0,19709.4,3858.3873456790125,19709.4
914,can_can_2_20260605031837_0023.jpg,can,can,72.44999999999999,0.8,72.44999999999999,1305.0,1,success,0.5,0.5958333333333333,0.29791666666666666,1.118881118881119,0.515625,0.5104166666666666,0.7644756436347961,32281.48104575163,33746.444444444445,0.13333333333333333,5380.246840958608,0.0,0.0,5624.4074074074115,18456.844444444443,0.0,0.0,19716.4,2751.163562091505,19716.4
915,can_can_2_20260605031839_0024.jpg,can,can,72.45,0.75,72.45,1305.0,0,slip,0.484375,0.59375,0.28759765625,1.087719298245614,0.5203125,0.5072916666666667,0.8265274167060852,17985.76944444444,29213.618333333357,0.09916666666666672,2997.62824074074,0.0,0.0,4868.936388888891,18218.844444444443,0.0,0.0,18998.4,1966.6411574074077,18998.4
916,can_can_2_20260605031839_0024.jpg,can,can,72.45,0.88,72.45,1305.0,0,overforce,0.484375,0.59375,0.28759765625,1.087719298245614,0.5203125,0.5072916666666667,0.8265274167060852,32317.8,37069.027777777774,0.1361111111111111,5272.195370370371,76.06975308641975,0.0,6178.171296296298,19449.844444444443,8215.533333333333,0.0,20041.4,2881.609104938272,20041.4
917,can_can_2_20260605031839_0024.jpg,can,can,72.44999999999999,0.76,72.44999999999999,1305.0,1,success,0.484375,0.59375,0.28759765625,1.087719298245614,0.5203125,0.5072916666666667,0.8265274167060852,30613.85079365079,32575.5873015873,0.13333333333333333,5102.308465608467,0.0,0.0,5429.264550264554,18033.844444444443,0.0,0.0,18126.4,2632.893253968255,18126.4
918,can_can_2_20260605031840_0025.jpg,can,can,72.45,0.75,72.45,1305.0,0,slip,0.490625,0.5895833333333333,0.28926432291666665,1.1095406360424027,0.521875,0.509375,0.810278058052063,32108.722222222226,32339.544444444444,0.13333333333333333,5351.4537037037035,0.0,0.0,5389.924074074075,17675.844444444443,0.0,0.0,17977.4,2685.344444444445,17977.4
919,can_can_2_20260605031840_0025.jpg,can,can,72.45,0.9,72.45,1305.0,0,overforce,0.490625,0.5895833333333333,0.28926432291666665,1.1095406360424027,0.521875,0.509375,0.810278058052063,72372.73333333332,82019.35555555558,0.3333333333333333,9526.348148148149,1690.5160493827154,2099.617283950617,10520.46666666667,16751.844444444443,15308.533333333333,19000.0,17158.4,5959.237037037038,19000.0
920,can_can_2_20260605031840_0025.jpg,can,can,72.44999999999999,0.8,72.44999999999999,1305.0,1,success,0.490625,0.5895833333333333,0.28926432291666665,1.1095406360424027,0.521875,0.509375,0.810278058052063,24544.54888888889,31286.8,0.13,4090.7581481481466,0.0,0.0,5214.466666666666,18180.844444444443,0.0,0.0,19128.4,2326.3062037037034,19128.4
921,can_can_2_20260605031842_0026.jpg,can,can,72.44999999999999,0.76,72.44999999999999,1305.0,0,slip,0.5140625,0.6125,0.31486328125,1.119047619047619,0.51328125,0.51875,0.773979902267456,17415.389898989895,29041.80808080808,0.09999999999999999,2902.5649831649826,0.0,0.0,4840.301346801347,17612.844444444443,0.0,0.0,17082.4,1935.7165824915824,17612.844444444443
922,can_can_2_20260605031842_0026.jpg,can,can,72.44999999999999,0.78,72.44999999999999,1305.0,0,slip,0.5140625,0.6125,0.31486328125,1.119047619047619,0.51328125,0.51875,0.773979902267456,20204.68641975308,33626.0,0.10370370370370369,3367.4477366255137,0.0,0.0,5604.333333333333,19335.844444444443,0.0,0.0,19817.4,2242.9452674897116,19817.4
923,can_can_2_20260605031842_0026.jpg,can,can,72.44999999999999,0.8,72.44999999999999,1305.0,1,success,0.5140625,0.6125,0.31486328125,1.119047619047619,0.51328125,0.51875,0.773979902267456,41846.95321637425,58099.20467836259,0.20526315789473693,4110.6576998050705,1909.2230019493172,2450.137102014295,6007.995126705658,19466.844444444443,17285.533333333333,18060.0,19771.4,3619.5032326185847,19771.4
924,can_can_2_20260605031843_0027.jpg,can,can,72.45,0.6,72.45,1305.0,0,slip,0.50625,0.5916666666666667,0.29953125,1.1408450704225352,0.515625,0.5125,0.7773917317390442,12290.488888888889,25636.044444444444,0.09999999999999999,0.0,1365.60987654321,2848.4493827160495,0.0,0.0,14524.933333333334,15135.133333333333,0.0,1053.5148148148148,15135.133333333333
925,can_can_2_20260605031843_0027.jpg,can,can,72.44999999999999,0.65,72.44999999999999,1305.0,0,slip,0.50625,0.5916666666666667,0.29953125,1.1408450704225352,0.515625,0.5125,0.7773917317390442,14300.424242424244,23123.022222222222,0.09393939393939393,0.0,1588.936026936027,2569.2246913580243,0.0,0.0,14531.933333333334,17249.133333333335,0.0,1039.540179573513,17249.133333333335
926,can_can_2_20260605031843_0027.jpg,can,can,72.45,0.88,72.45,1305.0,0,overforce,0.50625,0.5916666666666667,0.29953125,1.1408450704225352,0.515625,0.5125,0.7773917317390442,198403.87500000003,210720.68611111114,1.0,12518.52638888889,13699.190740740743,14067.483333333334,14018.889351851853,15196.577777777778,16188.4,16524.0,15743.4,13576.022453703705,16524.0
927,can_can_2_20260605031843_0027.jpg,can,can,72.44999999999999,0.76,72.44999999999999,1305.0,1,success,0.50625,0.5916666666666667,0.29953125,1.1408450704225352,0.515625,0.5125,0.7773917317390442,85051.32361111109,126230.12500000001,0.6312499999999999,1677.1796296296297,8332.027314814819,9941.813271604928,6125.634259259258,10176.577777777778,13723.4,15053.91111111111,13823.4,6519.16361882716,15053.91111111111
928,can_can_2_20260605031845_0028.jpg,can,can,72.45,0.6,72.45,1305.0,0,slip,0.5078125,0.5895833333333333,0.2993977864583333,1.1484098939929328,0.51484375,0.5135416666666667,0.7600451707839966,20245.37777777778,29191.824999999997,0.1625,0.0,2249.4864197530865,3243.5361111111106,0.0,0.0,13998.933333333334,11479.4,0.0,1373.2556327160491,13998.933333333334
929,can_can_2_20260605031845_0028.jpg,can,can,72.45,0.88,72.45,1305.0,0,overforce,0.5078125,0.5895833333333333,0.2993977864583333,1.1484098939929328,0.51484375,0.5135416666666667,0.7600451707839966,203123.44444444447,211254.20000000004,1.0,12923.977777777774,13953.286419753089,13942.98024691358,14294.562962962962,15286.577777777778,16030.4,16465.0,16716.4,13778.70185185185,16716.4
930,can_can_2_20260605031845_0028.jpg,can,can,72.44999999999999,0.78,72.44999999999999,1305.0,1,success,0.5078125,0.5895833333333333,0.2993977864583333,1.1484098939929328,0.51484375,0.5135416666666667,0.7600451707839966,119933.41851851852,159153.8074074074,0.8250000000000001,3866.989197530863,10747.942592592595,12020.483333333328,8494.909567901237,12203.577777777778,14045.022222222222,14625.4,14652.4,8782.581172839506,14652.4
931,can_can_2_20260605031847_0029.jpg,can,can,72.45,0.6,72.45,1305.0,0,slip,0.5234375,0.6145833333333334,0.3216959635416667,1.1355932203389831,0.50703125,0.5260416666666666,0.6845752596855164,10341.274074074076,29714.777777777777,0.1111111111111111,0.0,1149.030452674897,3301.641975308642,0.0,0.0,13792.933333333334,17212.133333333335,0.0,1112.6681069958847,17212.133333333335
932,can_can_2_20260605031847_0029.jpg,can,can,72.45,0.92,72.45,1305.0,0,overforce,0.5234375,0.6145833333333334,0.3216959635416667,1.1355932203389831,0.50703125,0.5260416666666666,0.6845752596855164,186425.9285714286,190605.52539682545,1.0,12001.100793650787,12713.258201058208,12627.153968253957,12826.856613756609,15381.577777777778,14109.022222222222,14183.0,14538.377777777778,12542.09239417989,15381.577777777778
933,can_can_2_20260605031847_0029.jpg,can,can,72.44999999999999,0.8,72.44999999999999,1305.0,1,success,0.5234375,0.6145833333333334,0.3216959635416667,1.1355932203389831,0.50703125,0.5260416666666666,0.6845752596855164,116361.42142857144,140550.6563492064,0.7238095238095237,4470.353306878307,9948.811287477953,11408.13262786595,6312.910449735455,13759.577777777778,14928.022222222222,15631.91111111111,15857.4,8035.051917989416,15857.4
934,can_can_2_20260605031848_0030.jpg,can,can,72.44999999999999,0.65,72.44999999999999,1305.0,0,slip,0.5125,0.6208333333333333,0.31817708333333333,1.1006711409395973,0.50625,0.525,0.6979144215583801,14803.711111111113,17232.355555555558,0.06666666666666667,0.0,1644.8567901234571,1914.7061728395063,0.0,0.0,15520.933333333334,17454.133333333335,0.0,889.8907407407409,17454.133333333335
935,can_can_2_20260605031848_0030.jpg,can,can,72.45000000000002,0.7,72.45000000000002,1305.0,0,slip,0.5125,0.6208333333333333,0.31817708333333333,1.1006711409395973,0.50625,0.525,0.6979144215583801,22185.351515151524,38310.86868686869,0.15757575757575762,0.0,2465.0390572390584,3625.623793490461,946.709090909091,0.0,15921.933333333334,18069.133333333335,10072.4,1759.3429854096526,18069.133333333335
936,can_can_2_20260605031848_0030.jpg,can,can,72.44999999999999,0.78,72.44999999999999,1305.0,1,success,0.5125,0.6208333333333333,0.31817708333333333,1.1006711409395973,0.50625,0.525,0.6979144215583801,138352.78803418807,162242.80769230772,0.8705128205128205,6467.504131054128,11060.862583095914,11084.495251661903,10413.72507122507,13211.577777777778,16058.4,17029.133333333335,15563.4,9756.646759259253,17029.133333333335
937,can_can_2_20260605031850_0031.jpg,can,can,72.44999999999999,0.65,72.44999999999999,1305.0,0,slip,0.4875,0.6,0.2925,1.0833333333333333,0.509375,0.5104166666666666,0.6914819478988647,18441.819047619047,36360.038095238095,0.14285714285714285,0.0,2049.0910052910053,4040.0042328042323,0.0,0.0,15376.933333333334,15803.133333333333,0.0,1522.2738095238094,15803.133333333333
938,can_can_2_20260605031850_0031.jpg,can,can,72.45,0.9,72.45,1305.0,0,overforce,0.4875,0.6,0.2925,1.0833333333333333,0.509375,0.5104166666666666,0.6914819478988647,205639.0666666667,212682.4444444445,1.0,13094.411111111105,14119.177777777784,14048.162962962946,14374.829629629628,15516.577777777778,16615.4,16078.0,16601.4,13909.145370370366,16615.4
939,can_can_2_20260605031850_0031.jpg,can,can,72.44999999999999,0.8,72.44999999999999,1305.0,1,success,0.4875,0.6,0.2925,1.0833333333333333,0.509375,0.5104166666666666,0.6914819478988647,98508.63015873017,122427.53015873015,0.5999999999999999,3906.748941798942,8340.90405643739,10201.359788359785,5102.548677248679,13229.577777777778,15269.533333333333,15490.133333333333,16155.4,6887.8903659612,16155.4
940,can_can_2_20260605031851_0032.jpg,can,can,72.45000000000002,0.7,72.45000000000002,1305.0,0,slip,0.4640625,0.6083333333333333,0.2823046875,1.0171232876712328,0.49296875,0.5145833333333333,0.6189666986465454,16531.04615384615,22560.90256410256,0.11282051282051285,0.0,1836.7829059829055,2506.766951566952,0.0,0.0,13625.533333333333,14345.133333333333,0.0,1085.8874643874642,14345.133333333333
941,can_can_2_20260605031851_0032.jpg,can,can,72.44999999999999,0.78,72.44999999999999,1305.0,1,success,0.4640625,0.6083333333333333,0.2823046875,1.0171232876712328,0.49296875,0.5145833333333333,0.6189666986465454,47795.84444444447,62647.98755555554,0.2839999999999999,1707.4029629629624,4172.380740740743,4593.572839506174,3550.9720000000034,10871.577777777778,16615.933333333334,16723.133333333335,15421.4,3506.082135802471,16723.133333333335
942,can_can_2_20260605031853_0033.jpg,can,can,72.45,0.6,72.45,1305.0,0,slip,0.4765625,0.6083333333333333,0.2899088541666667,1.0445205479452055,0.50703125,0.51875,0.3274614214897156,13628.361904761905,17291.561904761904,0.06666666666666667,0.0,1514.262433862434,1921.284656084656,0.0,0.0,14154.933333333334,17619.133333333335,0.0,858.8867724867725,17619.133333333335
943,can_can_2_20260605031853_0033.jpg,can,can,72.44999999999999,0.8,72.44999999999999,1305.0,1,success,0.4765625,0.6083333333333333,0.2899088541666667,1.0445205479452055,0.50703125,0.51875,0.3274614214897156,104680.50505050506,138558.303030303,0.6818181818181818,3487.6636363636353,9306.058136924805,11384.733333333332,6015.950505050508,12657.577777777778,14826.022222222222,14965.91111111111,15821.4,7548.60140291807,15821.4
944,can_can_2_20260605031858_0034.jpg,can,can,72.44999999999999,0.76,72.44999999999999,1305.0,1,success,0.4609375,0.5895833333333333,0.27176106770833336,1.0424028268551238,0.49296875,0.5052083333333334,0.8369522094726562,111086.94197530865,141080.93456790116,0.7351851851851849,3847.5458847736645,9777.962962962967,10095.032784636476,8370.939917695478,11647.577777777778,16049.4,15433.133333333333,14730.4,8022.870387517147,16049.4
945,can_can_2_20260605031900_0035.jpg,can,can,72.44999999999999,0.78,72.44999999999999,1305.0,1,success,0.4578125,0.5895833333333333,0.26991861979166665,1.0353356890459364,0.49765625,0.509375,0.7768568992614746,73151.53650793651,97185.43492063494,0.4261904761904763,4188.225132275133,5335.798412698415,7291.427513227517,5260.43121693122,14085.577777777778,17261.933333333334,19380.133333333335,16776.4,5518.970568783072,19380.133333333335
946,can_can_2_20260605031901_0036.jpg,can,can,72.44999999999999,0.76,72.44999999999999,1305.0,1,success,0.4609375,0.5895833333333333,0.27176106770833336,1.0424028268551238,0.48984375,0.5052083333333334,0.8282449841499329,25639.180952380957,42095.82857142857,0.17380952380952383,0.0,2848.797883597884,3057.5783068783076,2429.6039682539677,0.0,16747.933333333334,18181.133333333335,13594.4,2083.9950396825398,18181.133333333335
947,can_can_2_20260605031903_0037.jpg,can,can,72.44999999999999,0.78,72.44999999999999,1305.0,1,success,0.48125,0.5791666666666667,0.27872395833333335,1.1079136690647482,0.4875,0.5020833333333333,0.43412044644355774,72126.39191919193,81342.80202020201,0.36363636363636365,4979.782491582491,4694.188552188553,5294.8579124579155,5614.846801346803,16223.577777777778,18564.933333333334,20330.133333333335,17932.4,5145.918939393941,20330.133333333335
948,can_can_2_20260605031905_0038.jpg,can,can,72.44999999999999,0.8,72.44999999999999,1305.0,1,success,0.475,0.5875,0.2790625,1.0780141843971631,0.484375,0.5083333333333333,0.7577821612358093,121572.8051282051,152952.42051282054,0.758974358974359,5644.001994301995,9745.421462488133,9529.566001899331,11197.721082621081,12238.577777777778,15267.4,15825.0,14878.4,9029.177635327635,15825.0
949,can_can_2_20260605031907_0039.jpg,can,can,72.44999999999999,0.8,72.44999999999999,1305.0,1,success,0.471875,0.575,0.271328125,1.0942028985507246,0.478125,0.5020833333333333,0.675597608089447,87073.25714285715,104430.48730158732,0.4404761904761906,4628.1417989418005,6589.378483245152,7922.684303350975,5521.054761904765,15185.577777777778,16256.0,17581.911111111112,17133.4,6165.3148368606735,17581.911111111112
950,can_can_2_20260605031915_0040.jpg,can,can,72.44999999999999,0.78,72.44999999999999,1305.0,1,success,0.4765625,0.5854166666666667,0.27898763020833334,1.085409252669039,0.47265625,0.503125,0.6819450855255127,53671.21633986931,47385.3111111111,0.29215686274509806,2430.219063180828,4343.322440087148,3898.6499636891754,2049.5769063180815,14853.577777777778,14278.533333333333,14779.044444444444,12912.866666666667,3180.442093318808,14853.577777777778
951,can_can_2_20260605031916_0041.jpg,can,can,72.44999999999999,0.8,72.44999999999999,1305.0,1,success,0.4765625,0.5854166666666667,0.27898763020833334,1.085409252669039,0.47734375,0.503125,0.6586193442344666,126695.90476190473,144861.2952380952,0.7071428571428571,8080.211375661374,8690.515167548507,9027.437918871254,10602.39232804233,14690.577777777778,16983.0,18028.911111111112,14170.4,9100.139197530865,18028.911111111112
952,can_can_2_20260605031918_0042.jpg,can,can,72.44999999999999,0.8,72.44999999999999,1305.0,1,success,0.4828125,0.58125,0.280634765625,1.10752688172043,0.48515625,0.503125,0.7577754855155945,73912.88888888888,71509.04074074075,0.39365079365079386,4620.826807760142,5131.992004703121,4314.133686067011,5446.972927689598,16222.577777777778,15551.4,19111.044444444444,17807.37777777778,4878.481356554968,19111.044444444444
953,can_can_2_20260605031919_0043.jpg,can,can,72.44999999999999,0.76,72.44999999999999,1305.0,1,success,0.4796875,0.5875,0.28181640625,1.0886524822695036,0.49765625,0.50625,0.8309516906738281,29700.422222222223,24375.309090909086,0.15454545454545457,1527.7693602693605,2281.5340067340057,741.6565656565657,2950.066666666666,10357.577777777778,12974.533333333333,8289.0,17810.4,1875.2566498316496,17810.4
954,can_can_2_20260605031921_0044.jpg,can,can,72.44999999999999,0.78,72.44999999999999,1305.0,1,success,0.4828125,0.5854166666666667,0.282646484375,1.099644128113879,0.52578125,0.5052083333333334,0.7748359441757202,50003.09145299143,34040.17521367523,0.16666666666666663,5406.660113960114,1951.4589743589752,0.0,5673.362535612541,16606.844444444443,17590.4,0.0,19128.4,3257.870405982908,19128.4
955,can_can_2_20260605031922_0045.jpg,can,can,72.44999999999999,0.78,72.44999999999999,1305.0,1,success,0.4875,0.5895833333333333,0.287421875,1.1024734982332156,0.490625,0.503125,0.8347898721694946,50416.50643274854,31534.128654970762,0.1666666666666666,5476.965107212476,1950.5239766081872,0.0,5255.688109161798,17520.577777777777,17608.4,0.0,19371.4,3170.794298245615,19371.4
956,can_can_2_20260605031924_0046.jpg,can,can,72.44999999999999,0.8,72.44999999999999,1305.0,1,success,0.4703125,0.59375,0.279248046875,1.056140350877193,0.45078125,0.49895833333333334,0.7645390033721924,35147.10643274853,27773.86081871345,0.1298245614035088,5857.851072124757,0.0,0.0,4628.976803118911,19478.577777777777,0.0,0.0,20067.4,2621.706968810917,20067.4
957,can_can_2_20260605031925_0047.jpg,can,can,72.44999999999999,0.8,72.44999999999999,1305.0,1,success,0.465625,0.6020833333333333,0.2803450520833333,1.0311418685121108,0.4609375,0.5072916666666667,0.8351880311965942,28570.797932816524,30027.304909560753,0.13255813953488382,4761.799655469422,0.0,0.0,5004.55081826012,19731.577777777777,0.0,0.0,19768.4,2441.587618432385,19768.4
958,can_can_2_20260605031927_0048.jpg,can,can,72.44999999999999,0.76,72.44999999999999,1305.0,1,success,0.484375,0.5833333333333334,0.2825520833333333,1.1071428571428572,0.4671875,0.5083333333333333,0.3711317181587219,19246.314619883044,19332.728654970764,0.06666666666666667,3207.7191033138406,0.0,0.0,3222.121442495127,19304.577777777777,0.0,0.0,19380.044444444444,1607.4601364522418,19380.044444444444
959,can_can_2_20260605031929_0049.jpg,can,can,72.44999999999999,0.8,72.44999999999999,1305.0,1,success,0.475,0.5791666666666667,0.27510416666666665,1.0935251798561152,0.521875,0.5020833333333333,0.5341240167617798,20921.55087719298,26480.244444444437,0.13157894736842102,3486.9251461988306,0.0,0.0,4413.374074074073,11761.066666666668,0.0,0.0,15144.377777777778,1975.074805068226,15144.377777777778
960,can_can_3_20260605032004_0000.jpg,can,can,72.45000000000002,0.7,72.45000000000002,1305.0,0,fail,0.48125,0.5958333333333333,0.28674479166666667,1.0769230769230769,0.5015625,0.5104166666666666,0.5436199903488159,0.0,0.0,0.0,0.0,0.0,0.0,0.0,0.0,0.0,0.0,0.0,0.0,0.0
961,can_can_3_20260605032004_0000.jpg,can,can,72.44999999999999,0.74,72.44999999999999,1305.0,0,slip,0.48125,0.5958333333333333,0.28674479166666667,1.0769230769230769,0.5015625,0.5104166666666666,0.5436199903488159,14731.969444444445,24679.188888888886,0.09583333333333333,2455.328240740741,0.0,0.0,4113.198148148148,15342.844444444445,0.0,0.0,16722.4,1642.1315972222224,16722.4
962,can_can_3_20260605032004_0000.jpg,can,can,72.45,0.75,72.45,1305.0,0,slip,0.48125,0.5958333333333333,0.28674479166666667,1.0769230769230769,0.5015625,0.5104166666666666,0.5436199903488159,16396.094444444443,21575.498148148145,0.07777777777777777,2732.682407407407,0.0,0.0,3595.916358024691,16798.844444444443,0.0,0.0,18056.4,1582.1496913580245,18056.4
963,can_can_3_20260605032004_0000.jpg,can,can,72.44999999999999,0.76,72.44999999999999,1305.0,0,slip,0.48125,0.5958333333333333,0.28674479166666667,1.0769230769230769,0.5015625,0.5104166666666666,0.5436199903488159,18385.344444444443,27643.43333333333,0.09166666666666666,3064.224074074074,0.0,0.0,4607.238888888888,18532.844444444443,0.0,0.0,18920.4,1917.8657407407404,18920.4
964,can_can_3_20260605032004_0000.jpg,can,can,72.45,0.88,72.45,1305.0,1,success,0.48125,0.5958333333333333,0.28674479166666667,1.0769230769230769,0.5015625,0.5104166666666666,0.5436199903488159,56243.4938271605,62639.31111111107,0.2644444444444447,9373.915637860091,0.0,0.0,10439.885185185178,18657.844444444443,0.0,0.0,18851.4,4953.450205761317,18851.4
965,can_can_3_20260605032005_0001.jpg,can,can,72.44999999999999,0.76,72.44999999999999,1305.0,0,slip,0.48125,0.5958333333333333,0.28674479166666667,1.0769230769230769,0.496875,0.5104166666666666,0.599606454372406,7523.182716049383,1872.6395061728394,0.03333333333333333,1253.8637860082306,0.0,0.0,312.1065843621399,11363.844444444445,0.0,0.0,8435.377777777778,391.49259259259264,11363.844444444445
966,can_can_3_20260605032005_0001.jpg,can,can,72.45,0.9,72.45,1305.0,0,overforce,0.48125,0.5958333333333333,0.28674479166666667,1.0769230769230769,0.496875,0.5104166666666666,0.599606454372406,37546.065079365064,37524.30158730159,0.13333333333333333,6257.677513227515,0.0,0.0,6254.0502645502675,19337.844444444443,0.0,0.0,18976.4,3127.9319444444454,19337.844444444443
967,can_can_3_20260605032005_0001.jpg,can,can,72.45,0.95,72.45,1305.0,0,overforce,0.48125,0.5958333333333333,0.28674479166666667,1.0769230769230769,0.496875,0.5104166666666666,0.599606454372406,61350.65138888892,65969.62638888891,0.26666666666666666,10225.108564814811,0.0,0.0,10994.937731481485,17424.844444444443,0.0,0.0,17119.044444444444,5305.011574074074,17424.844444444443
968,can_can_3_20260605032005_0001.jpg,can,can,72.44999999999999,0.8,72.44999999999999,1305.0,1,success,0.48125,0.5958333333333333,0.28674479166666667,1.0769230769230769,0.496875,0.5104166666666666,0.599606454372406,47230.683888888925,30899.24166666668,0.1900000000000001,7871.780648148149,0.0,0.0,5149.873611111113,17400.844444444443,0.0,0.0,18248.4,3255.413564814816,18248.4
969,can_can_3_20260605032007_0002.jpg,can,can,72.44999999999999,0.74,72.44999999999999,1305.0,0,slip,0.484375,0.5854166666666667,0.2835611979166667,1.103202846975089,0.509375,0.509375,0.7509870529174805,16936.797530864198,23495.318518518514,0.09259259259259259,2822.7995884773663,0.0,0.0,3915.886419753085,16352.844444444445,0.0,0.0,16507.4,1684.671502057613,16507.4
970,can_can_3_20260605032007_0002.jpg,can,can,72.45,0.77,72.45,1305.0,0,slip,0.484375,0.5854166666666667,0.2835611979166667,1.103202846975089,0.509375,0.509375,0.7509870529174805,25597.89111111111,25105.92222222222,0.10333333333333332,4266.3151851851835,0.0,0.0,4184.32037037037,18861.844444444443,0.0,0.0,19182.4,2112.658888888888,19182.4
971,can_can_3_20260605032007_0002.jpg,can,can,72.45,0.95,72.45,1305.0,0,overforce,0.484375,0.5854166666666667,0.2835611979166667,1.103202846975089,0.509375,0.509375,0.7509870529174805,56033.660317460315,60222.11746031745,0.26666666666666666,9338.943386243387,0.0,0.0,10037.01957671958,16089.844444444445,0.0,0.0,16935.866666666665,4843.990740740742,16935.866666666665
972,can_can_3_20260605032007_0002.jpg,can,can,72.44999999999999,0.83,72.44999999999999,1305.0,1,success,0.484375,0.5854166666666667,0.2835611979166667,1.103202846975089,0.509375,0.509375,0.7509870529174805,38137.35555555554,38575.84444444445,0.13333333333333333,6356.225925925928,0.0,0.0,6429.307407407412,19745.844444444443,0.0,0.0,19462.4,3196.383333333335,19745.844444444443
973,can_can_3_20260605032009_0003.jpg,can,can,72.44999999999999,0.74,72.44999999999999,1305.0,0,slip,0.4765625,0.5895833333333333,0.28097330729166664,1.0777385159010602,0.51953125,0.5072916666666667,0.8753089904785156,11289.607407407408,13649.816666666664,0.06388888888888888,1881.6012345679014,0.0,0.0,2274.969444444444,12701.844444444445,0.0,0.0,14031.4,1039.1426697530865,14031.4
974,can_can_3_20260605032009_0003.jpg,can,can,72.45,0.89,72.45,1305.0,0,fail,0.4765625,0.5895833333333333,0.28097330729166664,1.0777385159010602,0.51953125,0.5072916666666667,0.8753089904785156,49420.88444444445,48850.89111111112,0.23000000000000007,8236.814074074071,0.0,0.0,8141.815185185183,18520.844444444443,0.0,0.0,19162.4,4094.6573148148136,19162.4
975,can_can_3_20260605032009_0003.jpg,can,can,72.45,0.9,72.45,1305.0,0,overforce,0.4765625,0.5895833333333333,0.28097330729166664,1.0777385159010602,0.51953125,0.5072916666666667,0.8753089904785156,58523.96388888889,58376.06388888888,0.26666666666666666,9753.993981481482,0.0,0.0,9729.343981481485,16171.844444444445,0.0,0.0,17912.4,4870.834490740742,17912.4
976,can_can_3_20260605032009_0003.jpg,can,can,72.45,0.77,72.45,1305.0,0,slip,0.4765625,0.5895833333333333,0.28097330729166664,1.0777385159010602,0.51953125,0.5072916666666667,0.8753089904785156,23935.815384615384,19373.941880341878,0.08974358974358974,3989.302564102564,0.0,0.0,3228.9903133903126,18115.844444444443,0.0,0.0,18821.4,1804.5732193732192,18821.4
977,can_can_3_20260605032009_0003.jpg,can,can,72.45,0.95,72.45,1305.0,0,overforce,0.4765625,0.5895833333333333,0.28097330729166664,1.0777385159010602,0.51953125,0.5072916666666667,0.8753089904785156,45655.62888888889,62714.38888888889,0.24666666666666667,7609.271481481482,0.0,0.0,10452.398148148151,17670.844444444443,0.0,0.0,17700.4,4515.417407407408,17700.4
978,can_can_3_20260605032009_0003.jpg,can,can,72.44999999999999,0.83,72.44999999999999,1305.0,1,success,0.4765625,0.5895833333333333,0.28097330729166664,1.0777385159010602,0.51953125,0.5072916666666667,0.8753089904785156,30138.598611111112,45288.21805555556,0.17500000000000004,5023.099768518518,0.0,0.0,7548.036342592593,16534.844444444443,0.0,0.0,17592.866666666665,3142.7840277777777,17592.866666666665
979,can_can_3_20260605032010_0004.jpg,can,can,72.45,0.9,72.45,1305.0,0,overforce,0.478125,0.5916666666666667,0.282890625,1.0774647887323943,0.5140625,0.50625,0.8574856519699097,48338.705555555534,37481.88194444445,0.16666666666666663,6139.528703703705,1277.9481481481478,0.0,6246.9803240740775,18974.844444444443,11621.533333333333,0.0,19806.4,3416.1142939814827,19806.4
980,can_can_3_20260605032010_0004.jpg,can,can,72.44999999999999,0.74,72.44999999999999,1305.0,0,slip,0.478125,0.5916666666666667,0.282890625,1.0774647887323943,0.5140625,0.50625,0.8574856519699097,17133.89696969697,22212.06464646464,0.0909090909090909,2855.6494949494945,0.0,0.0,3702.0107744107736,16852.844444444443,0.0,0.0,16974.4,1639.415067340067,16974.4
981,can_can_3_20260605032010_0004.jpg,can,can,72.44999999999999,0.8,72.44999999999999,1305.0,1,success,0.478125,0.5916666666666667,0.282890625,1.0774647887323943,0.5140625,0.50625,0.8574856519699097,19092.369444444415,32582.35277777782,0.09999999999999978,3182.061574074069,0.0,0.0,5430.392129629628,19206.844444444443,0.0,0.0,19751.4,2153.1134259259243,19751.4
982,can_can_3_20260605032012_0005.jpg,can,can,72.44999999999999,0.76,72.44999999999999,1305.0,0,slip,0.4859375,0.5833333333333334,0.28346354166666665,1.1107142857142858,0.52109375,0.5104166666666666,0.8221330046653748,12197.026262626263,11636.581818181816,0.06666666666666667,2032.8377104377105,0.0,0.0,1939.4303030303024,12725.844444444445,0.0,0.0,11947.4,993.0670033670033,12725.844444444445
983,can_can_3_20260605032012_0005.jpg,can,can,72.45,0.94,72.45,1305.0,0,overforce,0.4859375,0.5833333333333334,0.28346354166666665,1.1107142857142858,0.52109375,0.5104166666666666,0.8221330046653748,32998.592929292914,63916.55252525252,0.20000000000000007,5499.765488215486,0.0,0.0,10652.758754208753,18158.844444444443,0.0,0.0,17668.4,4038.1310606060597,18158.844444444443
984,can_can_3_20260605032012_0005.jpg,can,can,72.44999999999999,0.83,72.44999999999999,1305.0,1,success,0.4859375,0.5833333333333334,0.28346354166666665,1.1107142857142858,0.52109375,0.5104166666666666,0.8221330046653748,19225.903267973856,41947.61307189542,0.13137254901960782,3204.317211328976,0.0,0.0,6991.268845315906,19313.844444444443,0.0,0.0,19522.4,2548.8965141612207,19522.4
985,can_can_3_20260605032013_0006.jpg,can,can,72.44999999999999,0.76,72.44999999999999,1305.0,0,slip,0.471875,0.59375,0.28017578125,1.0596491228070175,0.521875,0.5072916666666667,0.7882313132286072,17217.935353535348,18144.854545454542,0.06666666666666667,2869.6558922558916,0.0,0.0,3024.1424242424237,17599.844444444443,0.0,0.0,18303.4,1473.4495791245788,18303.4
986,can_can_3_20260605032013_0006.jpg,can,can,72.44999999999999,0.91,72.44999999999999,1305.0,0,overforce,0.471875,0.59375,0.28017578125,1.0596491228070175,0.521875,0.5072916666666667,0.7882313132286072,35245.02222222222,35791.64444444444,0.13333333333333333,5874.17037037037,0.0,0.0,5965.274074074074,19525.844444444443,0.0,0.0,19990.4,2959.861111111111,19990.4
987,can_can_3_20260605032013_0006.jpg,can,can,72.44999999999999,0.8,72.44999999999999,1305.0,1,success,0.471875,0.59375,0.28017578125,1.0596491228070175,0.521875,0.5072916666666667,0.7882313132286072,32329.01045751633,19892.870588235295,0.10000000000000002,5388.168409586059,0.0,0.0,3315.4784313725495,19478.844444444443,0.0,0.0,19995.4,2175.911710239652,19995.4
988,can_can_3_20260605032015_0007.jpg,can,can,72.44999999999999,0.76,72.44999999999999,1305.0,0,slip,0.4640625,0.5958333333333333,0.27650390625,1.0384615384615385,0.49921875,0.50625,0.8596935868263245,18335.24444444444,18741.399999999998,0.06666666666666667,3055.8740740740736,0.0,0.0,3123.566666666666,18469.844444444443,0.0,0.0,18807.4,1544.860185185185,18807.4
989,can_can_3_20260605032015_0007.jpg,can,can,72.45,0.93,72.45,1305.0,0,overforce,0.4640625,0.5958333333333333,0.27650390625,1.0384615384615385,0.49921875,0.50625,0.8596935868263245,33698.177777777775,57131.08888888887,0.19999999999999998,5616.362962962962,0.0,0.0,9521.848148148152,17468.577777777777,0.0,0.0,17054.866666666665,3784.552777777779,17468.577777777777
990,can_can_3_20260605032015_0007.jpg,can,can,72.44999999999999,0.83,72.44999999999999,1305.0,0,slip,0.4640625,0.5958333333333333,0.27650390625,1.0384615384615385,0.49921875,0.50625,0.8596935868263245,30037.844444444443,47573.45555555558,0.19444444444444445,5006.307407407407,0.0,0.0,7928.909259259262,16572.6,0.0,0.0,17017.37777777778,3233.8041666666672,17017.37777777778
991,can_can_3_20260605032015_0007.jpg,can,can,72.44999999999999,0.76,72.44999999999999,1305.0,0,slip,0.4640625,0.5958333333333333,0.27650390625,1.0384615384615385,0.49921875,0.50625,0.8596935868263245,0.0,1466.9757575757576,0.006060606060606061,0.0,0.0,0.0,244.4959595959596,0.0,0.0,0.0,8102.866666666667,61.1239898989899,8102.866666666667
992,can_can_3_20260605032015_0007.jpg,can,can,72.45,0.95,72.45,1305.0,0,overforce,0.4640625,0.5958333333333333,0.27650390625,1.0384615384615385,0.49921875,0.50625,0.8596935868263245,29686.355555555558,55198.79999999999,0.19999999999999998,4947.725925925926,0.0,0.0,9199.800000000001,15993.844444444445,0.0,0.0,18835.866666666665,3536.881481481482,18835.866666666665
993,can_can_3_20260605032015_0007.jpg,can,can,72.44999999999999,0.8,72.44999999999999,1305.0,1,success,0.4640625,0.5958333333333333,0.27650390625,1.0384615384615385,0.49921875,0.50625,0.8596935868263245,19297.88547008547,30105.42051282051,0.1205128205128205,3216.314245014245,0.0,0.0,5017.570085470084,14382.844444444445,0.0,0.0,17270.866666666665,2058.471082621082,17270.866666666665
994,can_can_3_20260605032016_0008.jpg,can,can,72.45,0.77,72.45,1305.0,0,slip,0.4765625,0.5916666666666667,0.28196614583333335,1.073943661971831,0.51953125,0.5104166666666666,0.8542707562446594,0.0,14083.977777777778,0.03333333333333333,0.0,0.0,0.0,2347.32962962963,0.0,0.0,0.0,14204.866666666667,586.8324074074075,14204.866666666667
995,can_can_3_20260605032016_0008.jpg,can,can,72.45,0.95,72.45,1305.0,1,success,0.4765625,0.5916666666666667,0.28196614583333335,1.073943661971831,0.51953125,0.5104166666666666,0.8542707562446594,32169.777777777777,33628.35555555554,0.13333333333333333,5361.629629629628,0.0,0.0,5604.725925925925,17429.6,0.0,0.0,19285.866666666665,2741.5888888888885,19285.866666666665
996,can_can_3_20260605032018_0009.jpg,can,can,72.44999999999999,0.74,72.44999999999999,1305.0,0,slip,0.4671875,0.5958333333333333,0.2783658854166667,1.0454545454545454,0.51484375,0.50625,0.800947368144989,4842.318518518519,2037.3271604938273,0.02407407407407407,807.0530864197533,0.0,0.0,339.5545267489712,12102.844444444445,0.0,0.0,11818.4,286.65190329218115,12102.844444444445
997,can_can_3_20260605032018_0009.jpg,can,can,72.45,0.9,72.45,1305.0,0,overforce,0.4671875,0.5958333333333333,0.2783658854166667,1.0454545454545454,0.51484375,0.50625,0.800947368144989,36987.10972222221,20078.8375,0.10000000000000002,6164.518287037038,0.0,0.0,3346.472916666667,19128.844444444443,0.0,0.0,20164.4,2377.747800925926,20164.4
998,can_can_3_20260605032018_0009.jpg,can,can,72.44999999999999,0.83,72.44999999999999,1305.0,1,success,0.4671875,0.5958333333333333,0.2783658854166667,1.0454545454545454,0.51484375,0.50625,0.800947368144989,19538.208080808075,19934.672727272726,0.06666666666666667,3256.3680134680126,0.0,0.0,3322.445454545454,19592.844444444443,0.0,0.0,20001.4,1644.7033670033666,20001.4
999,can_can_3_20260605032019_0010.jpg,can,can,72.45,0.75,72.45,1305.0,0,slip,0.4671875,0.5916666666666667,0.27641927083333334,1.0528169014084507,0.51171875,0.50625,0.6746401190757751,1891.7068783068785,960.7502645502645,0.009523809523809523,315.28447971781304,0.0,0.0,160.12504409171075,11262.844444444445,0.0,0.0,10208.377777777778,118.85238095238094,11262.844444444445
1000,can_can_3_20260605032019_0010.jpg,can,can,72.45,0.77,72.45,1305.0,0,slip,0.4671875,0.5916666666666667,0.27641927083333334,1.0528169014084507,0.51171875,0.50625,0.6746401190757751,18232.44444444444,19353.699999999997,0.06666666666666667,3038.74074074074,0.0,0.0,3225.6166666666663,18502.844444444443,0.0,0.0,19447.4,1566.0893518518515,19447.4
1001,can_can_3_20260605032019_0010.jpg,can,can,72.45,0.89,72.45,1305.0,0,overforce,0.4671875,0.5916666666666667,0.27641927083333334,1.0528169014084507,0.51171875,0.50625,0.6746401190757751,29572.00202020202,56688.96161616161,0.19999999999999998,4928.667003367003,0.0,0.0,9448.160269360273,18932.844444444443,0.0,0.0,19259.4,3594.206818181819,19259.4
1002,can_can_3_20260605032019_0010.jpg,can,can,72.44999999999999,0.83,72.44999999999999,1305.0,1,success,0.4671875,0.5916666666666667,0.27641927083333334,1.0528169014084507,0.51171875,0.50625,0.6746401190757751,42000.476767676766,34929.26666666666,0.17575757575757575,7000.079461279461,0.0,0.0,5821.544444444445,17005.844444444443,0.0,0.0,18739.4,3205.4059764309764,18739.4
1003,can_can_3_20260605032021_0011.jpg,can,can,72.44999999999999,0.78,72.44999999999999,1305.0,0,slip,0.4765625,0.59375,0.282958984375,1.0701754385964912,0.51484375,0.509375,0.8845258951187134,19152.813333333335,28805.933333333334,0.11777777777777776,3192.1355555555556,0.0,0.0,4800.988888888888,14944.844444444445,0.0,0.0,15664.4,1998.281111111111,15664.4
1004,can_can_3_20260605032021_0011.jpg,can,can,72.45,0.94,72.45,1305.0,0,overforce,0.4765625,0.59375,0.282958984375,1.0701754385964912,0.51484375,0.509375,0.8845258951187134,49409.588888888895,54599.26031746032,0.26666666666666666,8234.931481481479,0.0,0.0,9099.876719576723,16719.6,0.0,0.0,17037.866666666665,4333.70205026455,17037.866666666665
1005,can_can_3_20260605032021_0011.jpg,can,can,72.45,0.77,72.45,1305.0,0,slip,0.4765625,0.59375,0.282958984375,1.0701754385964912,0.51484375,0.509375,0.8845258951187134,18957.27936507937,17322.295238095237,0.12857142857142856,3159.5465608465615,0.0,0.0,2887.049206349206,10456.577777777778,0.0,0.0,10338.4,1511.648941798942,10456.577777777778
1006,can_can_3_20260605032021_0011.jpg,can,can,72.45,0.84,72.45,1305.0,1,success,0.4765625,0.59375,0.282958984375,1.0701754385964912,0.51484375,0.509375,0.8845258951187134,33448.83888888888,34191.444444444445,0.13333333333333333,5574.8064814814825,0.0,0.0,5698.574074074077,18196.577777777777,0.0,0.0,18040.4,2818.34513888889,18196.577777777777
1007,can_can_3_20260605032023_0012.jpg,can,can,72.45,0.77,72.45,1305.0,0,slip,0.478125,0.5916666666666667,0.282890625,1.0774647887323943,0.5140625,0.5104166666666666,0.8799411058425903,25358.604040404047,22983.53535353535,0.13333333333333333,4226.434006734006,0.0,0.0,3830.589225589225,13259.844444444445,0.0,0.0,14043.4,2014.2558080808078,14043.4
1008,can_can_3_20260605032023_0012.jpg,can,can,72.45,0.92,72.45,1305.0,0,overforce,0.478125,0.5916666666666667,0.282890625,1.0774647887323943,0.5140625,0.5104166666666666,0.8799411058425903,25249.37222222222,32677.43194444444,0.12291666666666665,4208.228703703703,0.0,0.0,5446.238657407406,19715.6,0.0,0.0,17487.37777777778,2413.6168402777776,19715.6
1009,can_can_3_20260605032023_0012.jpg,can,can,72.44999999999999,0.81,72.44999999999999,1305.0,1,success,0.478125,0.5916666666666667,0.282890625,1.0774647887323943,0.5140625,0.5104166666666666,0.8799411058425903,18264.21111111111,17434.54444444445,0.06666666666666667,3044.035185185185,0.0,0.0,2905.757407407408,18344.6,0.0,0.0,17468.37777777778,1487.4481481481484,18344.6
1010,can_can_3_20260605032024_0013.jpg,can,can,72.44999999999999,0.81,72.44999999999999,1305.0,0,slip,0.4703125,0.5916666666666667,0.27826822916666666,1.0598591549295775,0.50859375,0.5083333333333333,0.8703984618186951,12309.900000000003,25519.09346405228,0.09607843137254908,2051.6499999999996,0.0,0.0,4253.182244008714,14866.6,0.0,0.0,18543.866666666665,1576.2080610021785,18543.866666666665
1011,can_can_3_20260605032024_0013.jpg,can,can,72.44999999999999,0.83,72.44999999999999,1305.0,1,success,0.4703125,0.5916666666666667,0.27826822916666666,1.0598591549295775,0.50859375,0.5083333333333333,0.8703984618186951,30911.466666666667,34860.044444444444,0.13333333333333333,5151.9111111111115,0.0,0.0,5810.007407407406,17423.844444444443,0.0,0.0,17650.4,2740.4796296296295,17650.4
1012,can_can_3_20260605032026_0014.jpg,can,can,72.45,0.9,72.45,1305.0,0,overforce,0.4671875,0.59375,0.277392578125,1.0491228070175438,0.50859375,0.5072916666666667,0.857542872428894,36340.70707070707,36898.08484848485,0.1424242424242424,6056.784511784513,0.0,0.0,6149.680808080808,18136.844444444443,0.0,0.0,18874.4,3051.6163299663303,18874.4
1013,can_can_3_20260605032026_0014.jpg,can,can,72.44999999999999,0.78,72.44999999999999,1305.0,0,slip,0.4671875,0.59375,0.277392578125,1.0491228070175438,0.50859375,0.5072916666666667,0.857542872428894,21102.863888888885,22294.41111111111,0.08333333333333333,3517.1439814814808,0.0,0.0,3715.735185185185,18943.844444444443,0.0,0.0,19499.4,1808.2197916666664,19499.4
1014,can_can_3_20260605032026_0014.jpg,can,can,72.45,0.84,72.45,1305.0,1,success,0.4671875,0.59375,0.277392578125,1.0491228070175438,0.50859375,0.5072916666666667,0.857542872428894,57479.588888888895,58771.04603174604,0.26666666666666666,9579.931481481479,0.0,0.0,9795.174338624343,17586.844444444443,0.0,0.0,18503.4,4843.776455026456,18503.4
1015,can_can_3_20260605032027_0015.jpg,can,can,72.44999999999999,0.76,72.44999999999999,1305.0,0,slip,0.4765625,0.59375,0.282958984375,1.0701754385964912,0.51171875,0.509375,0.8652949929237366,13784.594444444441,16241.649999999996,0.06666666666666667,2297.432407407407,0.0,0.0,2706.941666666666,14387.844444444445,0.0,0.0,16293.4,1251.0935185185183,16293.4
1016,can_can_3_20260605032027_0015.jpg,can,can,72.45,0.88,72.45,1305.0,0,overforce,0.4765625,0.59375,0.282958984375,1.0701754385964912,0.51171875,0.509375,0.8652949929237366,32911.911111111105,59451.077777777784,0.20000000000000007,5485.3185185185175,0.0,0.0,9908.512962962966,18408.844444444443,0.0,0.0,19018.4,3848.457870370371,19018.4
1017,can_can_3_20260605032027_0015.jpg,can,can,72.45,0.84,72.45,1305.0,1,success,0.4765625,0.59375,0.282958984375,1.0701754385964912,0.51171875,0.509375,0.8652949929237366,31927.491111111074,62038.808888888845,0.19999999999999993,5321.248518518512,0.0,0.0,10339.801481481474,17743.844444444443,0.0,0.0,18302.4,3915.2624999999966,18302.4
1018,can_can_3_20260605032029_0016.jpg,can,can,72.44999999999999,0.78,72.44999999999999,1305.0,0,slip,0.4734375,0.5958333333333333,0.28208984375,1.0594405594405594,0.51328125,0.50625,0.8698206543922424,19556.594444444443,30740.019444444442,0.09583333333333333,3259.432407407407,0.0,0.0,5123.336574074073,19702.844444444443,0.0,0.0,18716.044444444444,2095.69224537037,19702.844444444443
1019,can_can_3_20260605032029_0016.jpg,can,can,72.45,0.77,72.45,1305.0,0,slip,0.4734375,0.5958333333333333,0.28208984375,1.0594405594405594,0.51328125,0.50625,0.8698206543922424,18102.415873015874,21307.26984126984,0.07619047619047618,3017.069312169312,0.0,0.0,3551.21164021164,18432.844444444443,0.0,0.0,19088.4,1642.070238095238,19088.4
1020,can_can_3_20260605032029_0016.jpg,can,can,72.45,0.79,72.45,1305.0,0,slip,0.4734375,0.5958333333333333,0.28208984375,1.0594405594405594,0.51328125,0.50625,0.8698206543922424,26285.705555555556,20182.024999999998,0.0875,4380.950925925926,0.0,0.0,3363.670833333333,19654.844444444443,0.0,0.0,20360.4,1936.1554398148146,20360.4
1021,can_can_3_20260605032029_0016.jpg,can,can,72.45,0.95,72.45,1305.0,0,overforce,0.4734375,0.5958333333333333,0.28208984375,1.0594405594405594,0.51328125,0.50625,0.8698206543922424,59481.3888888889,54290.988888888874,0.26666666666666666,9913.564814814814,0.0,0.0,9048.49814814815,17930.844444444443,0.0,0.0,18859.4,4740.5157407407405,18859.4
1022,can_can_3_20260605032029_0016.jpg,can,can,72.44999999999999,0.83,72.44999999999999,1305.0,1,success,0.4734375,0.5958333333333333,0.28208984375,1.0594405594405594,0.51328125,0.50625,0.8698206543922424,53029.88055555556,46459.40555555556,0.23333333333333334,8838.313425925926,0.0,0.0,7743.234259259259,19203.844444444443,0.0,0.0,19639.4,4145.386921296296,19639.4
1023,can_can_3_20260605032030_0017.jpg,can,can,72.45,0.77,72.45,1305.0,0,slip,0.4796875,0.5916666666666667,0.28381510416666667,1.0809859154929577,0.51796875,0.5083333333333333,0.882786750793457,32206.32222222221,19783.400000000012,0.10000000000000005,5367.72037037037,0.0,0.0,3297.2333333333354,19520.844444444443,0.0,0.0,20008.4,2166.238425925926,20008.4
1024,can_can_3_20260605032030_0017.jpg,can,can,72.45,0.89,72.45,1305.0,0,overforce,0.4796875,0.5916666666666667,0.28381510416666667,1.0809859154929577,0.51796875,0.5083333333333333,0.882786750793457,37077.17222222221,20329.649999999998,0.09999999999999999,6179.528703703705,0.0,0.0,3388.2749999999996,19915.844444444443,0.0,0.0,20374.4,2391.950925925926,20374.4
1025,can_can_3_20260605032030_0017.jpg,can,can,72.45,0.77,72.45,1305.0,0,slip,0.4796875,0.5916666666666667,0.28381510416666667,1.0809859154929577,0.51796875,0.5083333333333333,0.882786750793457,25053.888888888887,19754.257142857143,0.08571428571428572,4175.648148148148,0.0,0.0,3292.37619047619,18575.844444444443,0.0,0.0,19943.4,1867.0060846560846,19943.4
1026,can_can_3_20260605032030_0017.jpg,can,can,72.44999999999999,0.82,72.44999999999999,1305.0,1,success,0.4796875,0.5916666666666667,0.28381510416666667,1.0809859154929577,0.51796875,0.5083333333333333,0.882786750793457,37746.85811965811,20354.75897435899,0.10000000000000006,6291.143019943019,0.0,0.0,3392.4598290598315,19267.844444444443,0.0,0.0,20437.4,2420.900712250713,20437.4
1027,can_can_3_20260605032032_0018.jpg,can,can,72.45,0.77,72.45,1305.0,0,slip,0.4765625,0.5958333333333333,0.28395182291666665,1.0664335664335665,0.51796875,0.5083333333333333,0.8810092210769653,54255.86388888889,36424.694444444445,0.19166666666666665,5551.487037037036,2327.4379629629625,0.0,6070.782407407408,19104.844444444443,13485.533333333333,0.0,19846.4,3487.426851851852,19846.4
1028,can_can_3_20260605032032_0018.jpg,can,can,72.44999999999999,0.8,72.44999999999999,1305.0,1,success,0.4765625,0.5958333333333333,0.28395182291666665,1.0664335664335665,0.51796875,0.5083333333333333,0.8810092210769653,50265.17777777776,38388.16666666668,0.16666666666666663,6054.496296296297,1548.6888888888882,0.0,6398.027777777783,19887.844444444443,14154.533333333333,0.0,20316.4,3500.303240740742,20316.4
1029,can_can_3_20260605032033_0019.jpg,can,can,72.44999999999999,0.76,72.44999999999999,1305.0,0,slip,0.4640625,0.5958333333333333,0.27650390625,1.0384615384615385,0.52734375,0.5083333333333333,0.8779215812683105,33226.28888888888,19848.936296296295,0.10222222222222224,5537.714814814817,0.0,0.0,3308.1560493827155,19290.844444444443,0.0,0.0,19345.4,2211.467716049383,19345.4
1030,can_can_3_20260605032033_0019.jpg,can,can,72.45,0.88,72.45,1305.0,0,slip,0.4640625,0.5958333333333333,0.27650390625,1.0384615384615385,0.52734375,0.5083333333333333,0.8779215812683105,64258.401010101006,31091.67171717173,0.20000000000000007,6199.26734006734,3006.9774410774417,0.0,5181.945286195291,20034.844444444443,15705.533333333333,0.0,20887.4,3597.0475168350185,20887.4
1031,can_can_3_20260605032033_0019.jpg,can,can,72.45,0.88,72.45,1305.0,0,overforce,0.4640625,0.5958333333333333,0.27650390625,1.0384615384615385,0.52734375,0.5083333333333333,0.8779215812683105,62097.13333333333,31385.88888888889,0.19999999999999998,6176.644444444444,2781.918518518518,0.0,5230.981481481482,19839.844444444443,13274.533333333333,0.0,20614.4,3547.386111111111,20614.4
1032,can_can_3_20260605032033_0019.jpg,can,can,72.45,0.94,72.45,1305.0,0,overforce,0.4640625,0.5958333333333333,0.27650390625,1.0384615384615385,0.52734375,0.5083333333333333,0.8779215812683105,63127.35555555555,34405.01587301587,0.19999999999999998,6220.49894179894,2867.1513227513224,0.0,5734.1693121693115,19637.844444444443,16912.4,0.0,20665.4,3705.4548941798935,20665.4
1033,can_can_3_20260605032033_0019.jpg,can,can,72.44999999999999,0.8,72.44999999999999,1305.0,1,success,0.4640625,0.5958333333333333,0.27650390625,1.0384615384615385,0.52734375,0.5083333333333333,0.8779215812683105,35579.27936507937,20384.68571428571,0.09999999999999999,5929.879894179893,0.0,0.0,3397.447619047619,19884.844444444443,0.0,0.0,20438.4,2331.831878306878,20438.4
1034,can_can_3_20260605032035_0020.jpg,can,can,72.45,0.77,72.45,1305.0,0,slip,0.46875,0.5916666666666667,0.27734375,1.056338028169014,0.53125,0.5083333333333333,0.8617973327636719,33389.58888888889,31181.44444444444,0.13333333333333333,5564.931481481481,0.0,0.0,5196.907407407407,18113.577777777777,0.0,0.0,18965.4,2690.459722222222,18965.4
1035,can_can_3_20260605032035_0020.jpg,can,can,72.45,0.88,72.45,1305.0,0,overforce,0.46875,0.5916666666666667,0.27734375,1.056338028169014,0.53125,0.5083333333333333,0.8617973327636719,38051.49914529913,33697.982905982906,0.13333333333333333,6341.916524216526,0.0,0.0,5616.330484330487,19583.844444444443,0.0,0.0,20213.4,2989.561752136753,20213.4
1036,can_can_3_20260605032035_0020.jpg,can,can,72.45,0.84,72.45,1305.0,1,success,0.46875,0.5916666666666667,0.27734375,1.056338028169014,0.53125,0.5083333333333333,0.8617973327636719,35648.74907407409,24608.054629629623,0.13750000000000004,5941.45817901234,0.0,0.0,4101.342438271606,17003.066666666666,0.0,0.0,19547.866666666665,2510.7001543209863,19547.866666666665
1037,can_can_3_20260605032037_0021.jpg,can,can,72.44999999999999,0.76,72.44999999999999,1305.0,0,slip,0.475,0.5895833333333333,0.2800520833333333,1.0742049469964665,0.5109375,0.509375,0.8323267698287964,7205.614444444445,12392.411111111109,0.056666666666666664,1200.9357407407408,0.0,0.0,2065.4018518518515,14701.844444444445,0.0,0.0,17439.4,816.584398148148,17439.4
1038,can_can_3_20260605032037_0021.jpg,can,can,72.44999999999999,0.91,72.44999999999999,1305.0,0,overforce,0.475,0.5895833333333333,0.2800520833333333,1.0742049469964665,0.5109375,0.509375,0.8323267698287964,65115.022222222215,55958.11111111111,0.23333333333333334,6172.996296296296,3119.6716049382703,2156.7901234567903,6091.166666666667,19009.844444444443,17397.533333333333,19554.0,20126.4,4385.156172839506,20126.4
1039,can_can_3_20260605032037_0021.jpg,can,can,72.45,0.77,72.45,1305.0,0,slip,0.475,0.5895833333333333,0.2800520833333333,1.0742049469964665,0.5109375,0.509375,0.8323267698287964,47582.15555555555,47688.74444444444,0.19999999999999998,5413.153703703703,1678.1370370370364,1452.8111111111111,5768.907407407408,18371.844444444443,15206.533333333333,13138.0,18919.4,3578.252314814815,18919.4
1040,can_can_3_20260605032037_0021.jpg,can,can,72.44999999999999,0.83,72.44999999999999,1305.0,1,success,0.475,0.5895833333333333,0.2800520833333333,1.0742049469964665,0.5109375,0.509375,0.8323267698287964,53411.797660818695,36888.02339181287,0.1666666666666666,6232.903703703704,1779.375048732943,0.0,6148.003898635482,19591.844444444443,16209.533333333333,0.0,20316.4,3540.070662768032,20316.4
1041,can_can_3_20260605032038_0022.jpg,can,can,72.45,0.77,72.45,1305.0,0,slip,0.465625,0.5979166666666667,0.27840494791666665,1.038327526132404,0.5265625,0.503125,0.805560290813446,24220.17555555555,24888.917777777773,0.09333333333333332,4036.6959259259247,0.0,0.0,4148.152962962962,19475.844444444443,0.0,0.0,19705.4,2046.2122222222217,19705.4
1042,can_can_3_20260605032038_0022.jpg,can,can,72.45,0.95,72.45,1305.0,0,overforce,0.465625,0.5979166666666667,0.27840494791666665,1.038327526132404,0.5265625,0.503125,0.805560290813446,33990.211111111115,35056.26666666667,0.13333333333333333,5665.035185185186,0.0,0.0,5842.711111111112,19517.844444444443,0.0,0.0,19768.4,2876.936574074074,19768.4
1043,can_can_3_20260605032038_0022.jpg,can,can,72.44999999999999,0.8,72.44999999999999,1305.0,1,success,0.465625,0.5979166666666667,0.27840494791666665,1.038327526132404,0.5265625,0.503125,0.805560290813446,19703.92777777777,20013.73333333333,0.06666666666666667,3283.9879629629622,0.0,0.0,3335.622222222222,19762.844444444443,0.0,0.0,20036.4,1654.902546296296,20036.4
1044,can_can_3_20260605032044_0023.jpg,can,can,72.45,0.77,72.45,1305.0,0,slip,0.471875,0.5916666666666667,0.2791927083333333,1.0633802816901408,0.5078125,0.50625,0.8515011668205261,17948.701587301588,27284.158730158728,0.09999999999999999,2991.4502645502644,0.0,0.0,4547.359788359788,18362.844444444443,0.0,0.0,17888.044444444444,1884.702513227513,18362.844444444443
1045,can_can_3_20260605032044_0023.jpg,can,can,72.45,0.9,72.45,1305.0,0,overforce,0.471875,0.5916666666666667,0.2791927083333333,1.0633802816901408,0.5078125,0.50625,0.8515011668205261,43867.31666666667,43803.811111111114,0.19722222222222222,7311.219444444445,0.0,0.0,7300.635185185183,18750.844444444443,0.0,0.0,18841.4,3652.963657407407,18841.4
1046,can_can_3_20260605032044_0023.jpg,can,can,72.44999999999999,0.8,72.44999999999999,1305.0,1,success,0.471875,0.5916666666666667,0.2791927083333333,1.0633802816901408,0.5078125,0.50625,0.8515011668205261,36559.17222222221,29381.52500000001,0.13333333333333333,6093.195370370372,0.0,1104.9375,3239.5145833333336,18844.844444444443,0.0,10144.0,19493.4,2609.4118634259266,19493.4
1047,can_can_3_20260605032045_0024.jpg,can,can,72.45,0.77,72.45,1305.0,0,slip,0.4640625,0.59375,0.275537109375,1.0421052631578946,0.50390625,0.5052083333333334,0.8347699046134949,35452.32222222221,19430.199999999997,0.09999999999999999,5908.720370370371,0.0,0.0,3238.3666666666663,18261.844444444443,0.0,0.0,19507.4,2286.7717592592594,19507.4
1048,can_can_3_20260605032045_0024.jpg,can,can,72.45,0.94,72.45,1305.0,0,overforce,0.4640625,0.59375,0.275537109375,1.0421052631578946,0.50390625,0.5052083333333334,0.8347699046134949,60772.8888888889,63128.88888888889,0.26666666666666666,10128.814814814814,0.0,0.0,10521.481481481485,18477.577777777777,0.0,0.0,18893.4,5162.574074074075,18893.4
1049,can_can_3_20260605032045_0024.jpg,can,can,72.45,0.84,72.45,1305.0,1,success,0.4640625,0.59375,0.275537109375,1.0421052631578946,0.50390625,0.5052083333333334,0.8347699046134949,38728.255555555545,28857.830864197527,0.13148148148148145,6454.70925925926,0.0,0.0,4809.638477366259,20167.577777777777,0.0,0.0,20541.4,2816.08693415638,20541.4
1050,can_can_3_20260605032047_0025.jpg,can,can,72.44999999999999,0.78,72.44999999999999,1305.0,0,slip,0.471875,0.5916666666666667,0.2791927083333333,1.0633802816901408,0.5015625,0.5083333333333333,0.798882007598877,27733.830555555553,30381.55833333333,0.11249999999999999,4622.305092592592,0.0,0.0,5063.593055555555,19396.844444444443,0.0,0.0,19661.4,2421.4745370370365,19661.4
1051,can_can_3_20260605032047_0025.jpg,can,can,72.44999999999999,0.8,72.44999999999999,1305.0,0,slip,0.471875,0.5916666666666667,0.2791927083333333,1.0633802816901408,0.5015625,0.5083333333333333,0.798882007598877,30669.77777777777,32989.77037037037,0.11944444444444445,5111.6296296296305,0.0,0.0,5498.295061728397,19541.844444444443,0.0,0.0,19445.4,2652.481172839507,19541.844444444443
1052,can_can_3_20260605032047_0025.jpg,can,can,72.44999999999999,0.83,72.44999999999999,1305.0,1,success,0.471875,0.5916666666666667,0.2791927083333333,1.0633802816901408,0.5015625,0.5083333333333333,0.798882007598877,50233.83055555554,50360.319444444445,0.19999999999999998,6209.570370370369,1441.823148148148,1389.0277777777778,6309.844907407409,18952.577777777777,13152.533333333333,13374.0,19608.4,3837.566550925926,19608.4
1053,can_can_3_20260605032049_0026.jpg,can,can,72.45,0.6,72.45,1305.0,0,slip,0.4796875,0.5875,0.28181640625,1.0886524822695036,0.48046875,0.5083333333333333,0.8183554410934448,14323.68888888889,25566.027160493824,0.11851851851851852,0.0,1591.520987654321,2840.669684499314,0.0,0.0,14138.933333333334,13478.133333333333,0.0,1108.0476680384088,14138.933333333334
1054,can_can_3_20260605032049_0026.jpg,can,can,72.44999999999999,0.63,72.44999999999999,1305.0,0,slip,0.4796875,0.5875,0.28181640625,1.0886524822695036,0.48046875,0.5083333333333333,0.8183554410934448,14311.877777777783,16961.244444444448,0.06666666666666667,0.0,1590.2086419753093,1884.5827160493832,0.0,0.0,15003.933333333334,17527.133333333335,0.0,868.6978395061731,17527.133333333335
1055,can_can_3_20260605032049_0026.jpg,can,can,72.45000000000002,0.7,72.45000000000002,1305.0,0,slip,0.4796875,0.5875,0.28181640625,1.0886524822695036,0.48046875,0.5083333333333333,0.8183554410934448,15640.995833333342,19303.620833333338,0.07083333333333333,0.0,1737.8884259259269,2031.1814814814816,170.49791666666667,0.0,16609.933333333334,18701.133333333335,8206.4,984.8919560185187,18701.133333333335
1056,can_can_3_20260605032049_0026.jpg,can,can,72.45,0.88,72.45,1305.0,0,overforce,0.4796875,0.5875,0.28181640625,1.0886524822695036,0.48046875,0.5083333333333333,0.8183554410934448,197481.7,204842.81111111114,1.0,12698.988888888884,13476.418518518522,13951.144444444439,13213.751851851852,16643.577777777777,16404.4,16694.133333333335,17399.4,13335.075925925925,17399.4
1057,can_can_3_20260605032049_0026.jpg,can,can,72.45,0.77,72.45,1305.0,1,success,0.4796875,0.5875,0.28181640625,1.0886524822695036,0.48046875,0.5083333333333333,0.8183554410934448,123724.19444444445,139085.5333333333,0.6638888888888889,7591.552777777779,8686.097530864201,9473.667901234565,8970.420370370375,15730.577777777778,16999.933333333334,18023.133333333335,16989.4,8680.43464506173,18023.133333333335
1058,can_can_3_20260605032050_0027.jpg,can,can,72.45,0.6,72.45,1305.0,0,slip,0.4828125,0.5895833333333333,0.284658203125,1.0918727915194346,0.51796875,0.509375,0.6560112833976746,23988.20833333334,32920.777777777774,0.1625,0.0,2665.3564814814804,3657.8641975308637,0.0,0.0,14360.933333333334,14461.133333333333,0.0,1580.805169753086,14461.133333333333
1059,can_can_3_20260605032050_0027.jpg,can,can,72.45,0.88,72.45,1305.0,0,overforce,0.4828125,0.5895833333333333,0.284658203125,1.0918727915194346,0.51796875,0.509375,0.6560112833976746,200250.87500000003,206220.06111111114,1.0,12853.359722222222,13681.190740740743,13968.622222222222,13417.076851851853,16303.577777777778,16892.022222222222,16207.4,16952.4,13480.06238425926,16952.4
1060,can_can_3_20260605032050_0027.jpg,can,can,72.45,0.77,72.45,1305.0,1,success,0.4828125,0.5895833333333333,0.284658203125,1.0918727915194346,0.51796875,0.509375,0.6560112833976746,87261.57777777774,101616.37654320987,0.4555555555555557,5618.801851851854,5949.862962962969,6095.803429355278,7792.3576131687305,16814.577777777777,18713.933333333334,20494.133333333335,18179.4,6364.206464334708,20494.133333333335
1061,can_can_3_20260605032052_0028.jpg,can,can,72.44999999999999,0.63,72.44999999999999,1305.0,0,slip,0.48125,0.5916666666666667,0.2847395833333333,1.0845070422535212,0.5171875,0.5083333333333333,0.7355033159255981,24504.619047619053,33563.73333333333,0.15238095238095237,0.0,2722.735449735449,3729.3037037037034,0.0,0.0,16044.933333333334,18055.133333333335,0.0,1613.0097883597882,18055.133333333335
1062,can_can_3_20260605032052_0028.jpg,can,can,72.45,0.9,72.45,1305.0,0,overforce,0.48125,0.5916666666666667,0.2847395833333333,1.0845070422535212,0.5171875,0.5083333333333333,0.7355033159255981,193451.99616858238,208364.57547892726,0.9609195402298851,12363.532694763735,13252.311111111101,14461.950702426559,13034.503192848017,16654.577777777777,17319.022222222222,17553.4,17118.4,13278.074425287352,17553.4
1063,can_can_3_20260605032052_0028.jpg,can,can,72.45,0.77,72.45,1305.0,1,success,0.48125,0.5916666666666667,0.2847395833333333,1.0845070422535212,0.5171875,0.5083333333333333,0.7355033159255981,56665.69629629631,92575.27777777777,0.3972222222222222,3297.878086419752,4097.603086419755,7033.3796296296305,4879.143518518521,12536.577777777778,17687.933333333334,19006.133333333335,15398.4,4827.001080246915,19006.133333333335
1064,can_can_3_20260605032054_0029.jpg,can,can,72.44999999999999,0.8,72.44999999999999,1305.0,1,success,0.5015625,0.5875,0.29466796875,1.1382978723404256,0.52421875,0.5125,0.42436566948890686,65817.53888888888,121104.5319444444,0.49583333333333335,3902.414120370371,4711.450462962965,8353.5936728395,7653.698148148152,13146.577777777778,16613.933333333334,17196.133333333335,13191.377777777778,6155.289101080248,17196.133333333335
1065,can_can_3_20260605032055_0030.jpg,can,can,72.44999999999999,0.76,72.44999999999999,1305.0,0,slip,0.4890625,0.5958333333333333,0.2913997395833333,1.0944055944055944,0.51484375,0.5166666666666667,0.5233539342880249,25021.109523809526,25046.847619047614,0.13333333333333333,0.0,2780.1232804232814,2782.9830687830695,0.0,0.0,13498.533333333333,14702.133333333333,0.0,1390.7765873015878,14702.133333333333
1066,can_can_3_20260605032055_0030.jpg,can,can,72.44999999999999,0.63,72.44999999999999,1305.0,0,slip,0.4890625,0.5958333333333333,0.2913997395833333,1.0944055944055944,0.51484375,0.5166666666666667,0.5233539342880249,15904.424242424237,15076.951515151513,0.08484848484848484,0.0,1767.1582491582485,1675.2168350168347,0.0,0.0,13712.533333333333,13533.133333333333,0.0,860.5937710437709,13712.533333333333
1067,can_can_3_20260605032055_0030.jpg,can,can,72.44999999999999,0.8,72.44999999999999,1305.0,1,success,0.4890625,0.5958333333333333,0.2913997395833333,1.0944055944055944,0.51484375,0.5166666666666667,0.5233539342880249,165937.75555555554,178277.0905982906,0.8333333333333334,10130.30028490028,11683.994871794876,12395.738081671407,11119.241310541312,16115.577777777778,17164.4,18277.133333333335,17072.4,11332.31863722697,18277.133333333335
1068,can_can_3_20260605032057_0031.jpg,can,can,72.44999999999999,0.76,72.44999999999999,1305.0,0,slip,0.49375,0.5666666666666667,0.27979166666666666,1.161764705882353,0.5109375,0.5104166666666666,0.7452842593193054,26723.56666666667,36324.79333333333,0.16333333333333336,0.0,2969.2851851851856,3050.759259259259,1477.993333333333,0.0,16145.933333333334,17285.133333333335,11760.4,1874.5094444444444,17285.133333333335
1069,can_can_3_20260605032057_0031.jpg,can,can,72.45,0.6,72.45,1305.0,0,slip,0.49375,0.5666666666666667,0.27979166666666666,1.161764705882353,0.5109375,0.5104166666666666,0.7452842593193054,15886.933333333334,16292.133333333333,0.06666666666666667,0.0,1765.2148148148149,1810.237037037037,0.0,0.0,16544.933333333334,16908.133333333335,0.0,893.8629629629629,16908.133333333335
1070,can_can_3_20260605032057_0031.jpg,can,can,72.44999999999999,0.83,72.44999999999999,1305.0,1,success,0.49375,0.5666666666666667,0.27979166666666666,1.161764705882353,0.5109375,0.5104166666666666,0.7452842593193054,74087.81196581197,35713.67521367521,0.23333333333333336,5497.339601139603,4567.0860398860395,0.0,5952.279202279205,18053.844444444443,14200.533333333333,0.0,18284.4,4004.176210826212,18284.4
1071,can_can_3_20260605032058_0032.jpg,can,can,72.44999999999999,0.8,72.44999999999999,1305.0,1,success,0.4875,0.56875,0.277265625,1.1428571428571428,0.4859375,0.503125,0.3503652513027191,41936.098412698404,44851.3015873016,0.2,4528.082275132276,1640.8449735449728,1540.6507936507937,5164.240740740744,15881.844444444445,14810.533333333333,13940.0,16846.044444444444,3218.4546957671964,16846.044444444444
1072,can_can_3_20260605032100_0033.jpg,can,can,72.45,0.77,72.45,1305.0,1,success,0.471875,0.5916666666666667,0.2791927083333333,1.0633802816901408,0.4578125,0.5083333333333333,0.5426618456840515,43004.206349206346,44228.30158730159,0.21428571428571433,3942.0502645502643,2150.21164021164,1223.984126984127,5535.407407407407,14352.577777777778,14706.533333333333,11940.0,17583.4,3212.9133597883597,17583.4
1073,can_can_3_20260605032101_0034.jpg,can,can,72.44999999999999,0.83,72.44999999999999,1305.0,1,success,0.46875,0.5791666666666667,0.271484375,1.079136690647482,0.475,0.5041666666666667,0.43334677815437317,53293.5111111111,59064.37777777777,0.26666666666666666,4490.762962962963,2927.65925925926,3271.6592592592606,4936.574074074077,16830.6,16125.533333333333,17732.0,16271.133333333333,3906.66388888889,17732.0
1074,can_can_3_20260605032111_0035.jpg,can,can,72.45,0.77,72.45,1305.0,1,success,0.4953125,0.56875,0.281708984375,1.1611721611721613,0.49765625,0.5072916666666667,0.6824999451637268,43529.85740740741,51701.06111111111,0.25555555555555554,3172.1623456790126,2721.8759259259264,3085.042592592593,3989.27962962963,14058.6,16253.533333333333,17102.0,15446.133333333333,3242.09012345679,17102.0
1075,can_can_3_20260605032113_0036.jpg,can,can,72.45,0.77,72.45,1305.0,1,success,0.4859375,0.5770833333333333,0.2804264322916667,1.1227436823104693,0.50390625,0.515625,0.8136659860610962,52167.511111111155,39400.781818181786,0.23333333333333336,2340.7538720538737,4235.887542087544,2900.77239057239,2215.638383838386,14319.31111111111,14712.4,17355.0,13448.133333333333,2923.2630471380485,17355.0
1076,can_can_3_20260605032114_0037.jpg,can,can,72.44999999999999,0.8,72.44999999999999,1305.0,1,success,0.496875,0.58125,0.28880859375,1.1397849462365592,0.5015625,0.5135416666666667,0.7891498804092407,35862.68888888888,41924.35555555555,0.20000000000000004,3391.5703703703703,1723.6962962962957,1736.8148148148148,4382.17037037037,10720.844444444445,15573.533333333333,15662.0,15855.044444444444,2808.562962962963,15855.044444444444
1077,can_can_3_20260605032116_0038.jpg,can,can,72.44999999999999,0.82,72.44999999999999,1305.0,1,success,0.5109375,0.58125,0.296982421875,1.1720430107526882,0.51484375,0.5197916666666667,0.6248980164527893,53267.29281045751,38495.03267973857,0.16666666666666663,5909.070370370371,1979.2078431372547,0.0,6415.8387799564325,18080.844444444443,17853.4,0.0,19728.4,3576.0292483660146,19728.4
1078,can_can_3_20260605032117_0039.jpg,can,can,72.44999999999999,0.83,72.44999999999999,1305.0,1,success,0.4765625,0.5895833333333333,0.28097330729166664,1.0777385159010602,0.48359375,0.5177083333333333,0.8097786903381348,53896.23888888888,34209.944444444445,0.16666666666666666,6075.737037037038,1937.9796296296292,0.0,5701.65740740741,18534.577777777777,17464.4,0.0,20421.4,3428.843518518519,20421.4
1079,can_can_3_20260605032119_0040.jpg,can,can,72.45,0.88,72.45,1305.0,0,overforce,0.4765625,0.5833333333333334,0.2779947916666667,1.0892857142857142,0.48828125,0.5145833333333333,0.8465208411216736,60631.088888888895,36035.177777777775,0.20000000000000004,5511.337037037039,3062.562962962963,0.0,6005.862962962967,19991.844444444443,15596.533333333333,0.0,20463.4,3644.940740740742,20463.4
1080,can_can_3_20260605032119_0040.jpg,can,can,72.44999999999999,0.85,72.44999999999999,1305.0,1,success,0.4765625,0.5833333333333334,0.2779947916666667,1.0892857142857142,0.48828125,0.5145833333333333,0.8465208411216736,50271.5111111111,56823.20000000001,0.23333333333333334,5740.348148148148,1758.8246913580242,1393.0864197530864,7380.903703703702,17504.577777777777,15874.533333333333,12816.0,19138.4,4068.29074074074,19138.4
1081,can_can_3_20260605032120_0041.jpg,can,can,72.44999999999999,0.82,72.44999999999999,1305.0,1,success,0.4765625,0.5875,0.27998046875,1.0815602836879432,0.49921875,0.5145833333333333,0.7130957841873169,38679.104761904746,62189.107936507935,0.26190476190476186,3846.3333333333317,1733.4560846560842,1855.8783068783068,7581.033862433866,12606.6,15683.533333333333,16773.0,15488.377777777778,3754.175396825397,16773.0
1082,can_can_3_20260605032122_0042.jpg,can,can,72.44999999999999,0.8,72.44999999999999,1305.0,1,success,0.490625,0.5833333333333334,0.28619791666666666,1.1214285714285714,0.503125,0.5145833333333333,0.8108974695205688,107366.38555555555,137970.17666666664,0.6283333333333333,5020.412037037038,8582.657037037043,10974.898148148133,6532.682222222225,16617.577777777777,17698.933333333334,18910.133333333335,18091.4,7777.66236111111,18910.133333333335
1083,can_can_3_20260605032123_0043.jpg,can,can,72.44999999999999,0.83,72.44999999999999,1305.0,1,success,0.4703125,0.5916666666666667,0.27826822916666666,1.0598591549295775,0.52734375,0.5083333333333333,0.5924777388572693,40880.90877192981,41086.251461988286,0.17543859649122806,3992.7380116959052,1880.497855750487,1942.8245614035088,3933.471734892789,18949.6,17149.533333333333,17620.0,18571.37777777778,2937.3830409356724,18949.6
1084,can_can_3_20260605032125_0044.jpg,can,can,72.44999999999999,0.8,72.44999999999999,1305.0,1,success,0.475,0.5791666666666667,0.27510416666666665,1.0935251798561152,0.5359375,0.5041666666666667,0.4324969947338104,35983.993650793636,31433.730158730155,0.13333333333333333,5997.332275132278,0.0,0.0,5238.95502645503,18787.844444444443,0.0,0.0,19607.4,2809.071825396827,19607.4
1085,can_can_3_20260605032132_0045.jpg,can,can,72.44999999999999,0.83,72.44999999999999,1305.0,1,success,0.5,0.5916666666666667,0.29583333333333334,1.1267605633802817,0.5,0.5145833333333333,0.5414595603942871,28391.190476190477,18665.15238095237,0.10000000000000002,4731.865079365077,0.0,0.0,3110.858730158729,16432.6,0.0,0.0,18755.866666666665,1960.6809523809516,18755.866666666665
1086,can_can_3_20260605032133_0046.jpg,can,can,72.44999999999999,0.81,72.44999999999999,1305.0,1,success,0.4765625,0.5854166666666667,0.27898763020833334,1.085409252669039,0.52265625,0.5135416666666667,0.7771767377853394,25300.60784313726,30886.244444444434,0.13333333333333333,4216.767973856207,0.0,0.0,5147.707407407407,15346.6,0.0,0.0,16944.866666666665,2341.118845315904,16944.866666666665
1087,can_can_3_20260605032135_0047.jpg,can,can,72.44999999999999,0.83,72.44999999999999,1305.0,1,success,0.490625,0.5875,0.2882421875,1.1134751773049645,0.528125,0.5145833333333333,0.6780315637588501,28272.31666666667,33198.644444444435,0.13333333333333333,4712.052777777775,0.0,0.0,5533.107407407407,17731.6,0.0,0.0,17996.866666666665,2561.2900462962953,17996.866666666665
1088,can_can_3_20260605032136_0048.jpg,can,can,72.44999999999999,0.83,72.44999999999999,1305.0,1,success,0.49375,0.5895833333333333,0.2911067708333333,1.11660777385159,0.51875,0.5135416666666667,0.5168459415435791,94051.47581699344,92690.42875816995,0.46470588235294125,8321.228976034856,4902.6779956427035,5069.2813362382,7844.482788671026,15073.577777777778,16123.933333333334,17092.133333333335,15149.377777777778,6534.4177741466965,17092.133333333335
1089,can_can_3_20260605032138_0049.jpg,can,can,72.44999999999999,0.85,72.44999999999999,1305.0,1,success,0.5015625,0.575,0.2883984375,1.1630434782608696,0.52578125,0.5125,0.4910213053226471,51474.605555555536,62454.988888888874,0.23333333333333334,6061.145370370371,1678.6370370370364,2937.577160493828,6002.799074074079,18743.844444444443,15417.533333333333,18247.0,18589.044444444444,4170.039660493829,18743.844444444443
1090,ball_ball_1_20260605030811_0000.jpg,ball,ball,72.45,0.68,72.45,1305.0,0,slip,0.465625,0.6,0.279375,1.0347222222222223,0.5125,0.5041666666666667,0.6021010279655457,0.0,0.0,0.0,0.0,0.0,0.0,0.0,0.0,0.0,0.0,0.0,0.0,0.0
1091,ball_ball_1_20260605030811_0000.jpg,ball,ball,72.45,0.72,72.45,1305.0,1,success,0.465625,0.6,0.279375,1.0347222222222223,0.5125,0.5041666666666667,0.6021010279655457,13814.083760683769,16250.473504273474,0.0666666666666666,2302.3472934472948,0.0,0.0,2708.4122507122456,15144.288888888888,0.0,0.0,17087.2,1252.689886039885,17087.2
