attempt_id,image,object_class,object_instance,target_force,grip_ratio,success,label,duration,final_servo_angle,final_servo_pulse,notes
0,ball_ball_1_20260605030811_0000.jpg,ball,ball,72.45,0.6,0,slip,6.216984033584595,72.45,1305.0,
1,ball_ball_1_20260605030811_0000.jpg,ball,ball,72.45,0.68,0,slip,6.025770664215088,72.45,1305.0,
2,ball_ball_1_20260605030811_0000.jpg,ball,ball,72.45,0.72,0,slip,7.033093214035034,72.45,1305.0,
3,ball_ball_1_20260605030811_0000.jpg,ball,ball,72.44999999999999,0.73,0,slip,6.628534317016602,72.44999999999999,1305.0,
4,ball_ball_1_20260605030811_0000.jpg,ball,ball,72.44999999999999,0.74,0,slip,11.240517616271973,72.44999999999999,1305.0,
5,ball_ball_1_20260605030811_0000.jpg,ball,ball,72.44999999999999,0.78,0,fail,17.444114685058594,72.44999999999999,1305.0,
6,ball_ball_1_20260605030811_0000.jpg,ball,ball,72.45,0.79,0,overforce,9.846276044845581,72.45,1305.0,
7,ball_ball_1_20260605030811_0000.jpg,ball,ball,72.44999999999999,0.8,0,overforce,7.813891649246216,72.44999999999999,1305.0,
8,ball_ball_1_20260605030811_0000.jpg,ball,ball,72.45,0.75,1,success,12.762601137161255,72.45,1305.0,
9,ball_ball_1_20260605030813_0001.jpg,ball,ball,72.45,0.72,0,slip,6.346389293670654,72.45,1305.0,
10,ball_ball_1_20260605030813_0001.jpg,ball,ball,72.44999999999999,0.76,1,success,11.595638036727905,72.44999999999999,1305.0,
11,ball_ball_1_20260605030814_0002.jpg,ball,ball,72.44999999999999,0.73,0,slip,7.753028869628906,72.44999999999999,1305.0,
12,ball_ball_1_20260605030814_0002.jpg,ball,ball,72.45,0.79,0,overforce,8.161126613616943,72.45,1305.0,
13,ball_ball_1_20260605030814_0002.jpg,ball,ball,72.44999999999999,0.76,1,success,9.233729600906372,72.44999999999999,1305.0,
14,ball_ball_1_20260605030816_0003.jpg,ball,ball,72.44999999999999,0.74,0,slip,6.428146600723267,72.44999999999999,1305.0,
15,ball_ball_1_20260605030816_0003.jpg,ball,ball,72.44999999999999,0.8,0,overforce,9.969429969787598,72.44999999999999,1305.0,
16,ball_ball_1_20260605030816_0003.jpg,ball,ball,72.45,0.77,1,success,7.503420114517212,72.45,1305.0,
17,ball_ball_1_20260605030819_0004.jpg,ball,ball,72.44999999999999,0.74,0,slip,9.34164810180664,72.44999999999999,1305.0,
18,ball_ball_1_20260605030819_0004.jpg,ball,ball,72.45,0.79,0,overforce,6.138583660125732,72.45,1305.0,
19,ball_ball_1_20260605030819_0004.jpg,ball,ball,72.45,0.75,0,slip,6.968573808670044,72.45,1305.0,
20,ball_ball_1_20260605030819_0004.jpg,ball,ball,72.44999999999999,0.76,1,success,7.2329652309417725,72.44999999999999,1305.0,
21,ball_ball_1_20260605030820_0005.jpg,ball,ball,72.45,0.68,0,fail,4.762766361236572,72.45,1305.0,
22,ball_ball_1_20260605030820_0005.jpg,ball,ball,72.45,0.72,0,slip,4.962385654449463,72.45,1305.0,
23,ball_ball_1_20260605030820_0005.jpg,ball,ball,72.44999999999999,0.8,0,overforce,9.624267339706421,72.44999999999999,1305.0,
24,ball_ball_1_20260605030820_0005.jpg,ball,ball,72.45,0.77,1,success,11.423451900482178,72.45,1305.0,
25,ball_ball_1_20260605030822_0006.jpg,ball,ball,72.44999999999999,0.74,0,slip,7.142009973526001,72.44999999999999,1305.0,
26,ball_ball_1_20260605030822_0006.jpg,ball,ball,72.44999999999999,0.78,0,overforce,7.947616100311279,72.44999999999999,1305.0,
27,ball_ball_1_20260605030822_0006.jpg,ball,ball,72.44999999999999,0.76,1,success,9.436790943145752,72.44999999999999,1305.0,
28,ball_ball_1_20260605030823_0007.jpg,ball,ball,72.44999999999999,0.73,0,slip,7.502330541610718,72.44999999999999,1305.0,
29,ball_ball_1_20260605030823_0007.jpg,ball,ball,72.44999999999999,0.8,0,overforce,7.368287086486816,72.44999999999999,1305.0,
30,ball_ball_1_20260605030823_0007.jpg,ball,ball,72.44999999999999,0.76,1,success,8.045104026794434,72.44999999999999,1305.0,
31,ball_ball_1_20260605030825_0008.jpg,ball,ball,72.44999999999999,0.74,0,slip,8.879089593887329,72.44999999999999,1305.0,
32,ball_ball_1_20260605030825_0008.jpg,ball,ball,72.44999999999999,0.78,0,overforce,7.500684976577759,72.44999999999999,1305.0,
33,ball_ball_1_20260605030825_0008.jpg,ball,ball,72.45,0.77,1,success,9.169182300567627,72.45,1305.0,
34,ball_ball_1_20260605030827_0009.jpg,ball,ball,72.45,0.72,0,slip,5.359915256500244,72.45,1305.0,
35,ball_ball_1_20260605030827_0009.jpg,ball,ball,72.45,0.75,1,success,9.680637121200562,72.45,1305.0,
36,ball_ball_1_20260605030828_0010.jpg,ball,ball,72.44999999999999,0.74,0,slip,6.812226057052612,72.44999999999999,1305.0,
37,ball_ball_1_20260605030828_0010.jpg,ball,ball,72.44999999999999,0.78,0,overforce,6.909375429153442,72.44999999999999,1305.0,
38,ball_ball_1_20260605030828_0010.jpg,ball,ball,72.45,0.77,1,success,9.456293106079102,72.45,1305.0,
39,ball_ball_1_20260605030830_0011.jpg,ball,ball,72.44999999999999,0.74,0,slip,6.429595232009888,72.44999999999999,1305.0,
40,ball_ball_1_20260605030830_0011.jpg,ball,ball,72.44999999999999,0.8,0,overforce,9.2912757396698,72.44999999999999,1305.0,
41,ball_ball_1_20260605030830_0011.jpg,ball,ball,72.44999999999999,0.76,1,success,9.828385829925537,72.44999999999999,1305.0,
42,ball_ball_1_20260605030831_0012.jpg,ball,ball,72.44999999999999,0.74,0,slip,7.9608659744262695,72.44999999999999,1305.0,
43,ball_ball_1_20260605030831_0012.jpg,ball,ball,72.45,0.79,0,overforce,7.70811653137207,72.45,1305.0,
44,ball_ball_1_20260605030831_0012.jpg,ball,ball,72.45,0.75,1,success,8.089958906173706,72.45,1305.0,
45,ball_ball_1_20260605030833_0013.jpg,ball,ball,72.45,0.72,0,slip,6.360417127609253,72.45,1305.0,
46,ball_ball_1_20260605030833_0013.jpg,ball,ball,72.45,0.79,0,overforce,8.021444320678711,72.45,1305.0,
47,ball_ball_1_20260605030833_0013.jpg,ball,ball,72.45,0.77,1,success,10.307399272918701,72.45,1305.0,
48,ball_ball_1_20260605030834_0014.jpg,ball,ball,72.44999999999999,0.73,0,slip,6.016834735870361,72.44999999999999,1305.0,
49,ball_ball_1_20260605030834_0014.jpg,ball,ball,72.44999999999999,0.78,0,overforce,7.162129878997803,72.44999999999999,1305.0,
50,ball_ball_1_20260605030834_0014.jpg,ball,ball,72.44999999999999,0.76,0,overforce,8.41978406906128,72.44999999999999,1305.0,
51,ball_ball_1_20260605030834_0014.jpg,ball,ball,72.44999999999999,0.76,1,success,7.495864152908325,72.44999999999999,1305.0,
52,ball_ball_1_20260605030836_0015.jpg,ball,ball,72.44999999999999,0.74,0,slip,6.390221118927002,72.44999999999999,1305.0,
53,ball_ball_1_20260605030836_0015.jpg,ball,ball,72.44999999999999,0.8,0,overforce,6.773999929428101,72.44999999999999,1305.0,
54,ball_ball_1_20260605030836_0015.jpg,ball,ball,72.44999999999999,0.76,1,success,7.594858169555664,72.44999999999999,1305.0,
55,ball_ball_1_20260605030837_0016.jpg,ball,ball,72.45,0.77,1,success,8.676415920257568,72.45,1305.0,
56,ball_ball_1_20260605030839_0017.jpg,ball,ball,72.44999999999999,0.74,0,slip,5.939029932022095,72.44999999999999,1305.0,
57,ball_ball_1_20260605030839_0017.jpg,ball,ball,72.44999999999999,0.78,0,overforce,7.792402029037476,72.44999999999999,1305.0,
58,ball_ball_1_20260605030839_0017.jpg,ball,ball,72.45,0.75,1,success,7.644982576370239,72.45,1305.0,
59,ball_ball_1_20260605030841_0018.jpg,ball,ball,72.44999999999999,0.78,0,overforce,7.690928936004639,72.44999999999999,1305.0,
60,ball_ball_1_20260605030841_0018.jpg,ball,ball,72.44999999999999,0.73,0,slip,6.16662335395813,72.44999999999999,1305.0,
61,ball_ball_1_20260605030841_0018.jpg,ball,ball,72.45,0.77,1,success,6.370299816131592,72.45,1305.0,
62,ball_ball_1_20260605030843_0019.jpg,ball,ball,72.44999999999999,0.74,0,slip,8.774805068969727,72.44999999999999,1305.0,
63,ball_ball_1_20260605030843_0019.jpg,ball,ball,72.45,0.79,0,overforce,7.816241979598999,72.45,1305.0,
64,ball_ball_1_20260605030843_0019.jpg,ball,ball,72.45,0.77,1,success,7.303801536560059,72.45,1305.0,
65,ball_ball_1_20260605030846_0020.jpg,ball,ball,72.44999999999999,0.74,0,slip,5.967867612838745,72.44999999999999,1305.0,
66,ball_ball_1_20260605030846_0020.jpg,ball,ball,72.44999999999999,0.8,0,overforce,6.617636680603027,72.44999999999999,1305.0,
67,ball_ball_1_20260605030846_0020.jpg,ball,ball,72.45,0.75,1,success,6.716438055038452,72.45,1305.0,
68,ball_ball_1_20260605030848_0021.jpg,ball,ball,72.44999999999999,0.74,1,success,12.051661968231201,72.44999999999999,1305.0,
69,ball_ball_1_20260605030850_0022.jpg,ball,ball,72.44999999999999,0.73,0,slip,6.412741184234619,72.44999999999999,1305.0,
70,ball_ball_1_20260605030850_0022.jpg,ball,ball,72.45,0.79,0,overforce,5.166459083557129,72.45,1305.0,
71,ball_ball_1_20260605030850_0022.jpg,ball,ball,72.45,0.75,1,success,7.353933572769165,72.45,1305.0,
72,ball_ball_1_20260605030851_0023.jpg,ball,ball,72.45,0.68,0,slip,7.014202117919922,72.45,1305.0,
73,ball_ball_1_20260605030851_0023.jpg,ball,ball,72.44999999999999,0.8,0,overforce,8.720579624176025,72.44999999999999,1305.0,
74,ball_ball_1_20260605030851_0023.jpg,ball,ball,72.45,0.75,1,success,7.3061463832855225,72.45,1305.0,
75,ball_ball_1_20260605030854_0024.jpg,ball,ball,72.45,0.72,1,success,18.670886754989624,72.45,1305.0,
76,ball_ball_1_20260605030857_0025.jpg,ball,ball,72.45,0.6,0,slip,6.911189079284668,72.45,1305.0,
77,ball_ball_1_20260605030857_0025.jpg,ball,ball,72.44999999999999,0.78,0,overforce,6.327008008956909,72.44999999999999,1305.0,
78,ball_ball_1_20260605030857_0025.jpg,ball,ball,72.45,0.75,1,success,9.829925060272217,72.45,1305.0,
79,ball_ball_1_20260605030908_0026.jpg,ball,ball,72.45,0.6,0,slip,4.757715940475464,72.45,1305.0,
80,ball_ball_1_20260605030908_0026.jpg,ball,ball,72.45,0.79,0,overforce,5.7521796226501465,72.45,1305.0,
81,ball_ball_1_20260605030908_0026.jpg,ball,ball,72.44999999999999,0.76,1,success,8.543599128723145,72.44999999999999,1305.0,
82,ball_ball_1_20260605030910_0027.jpg,ball,ball,72.45,0.68,0,slip,5.539472579956055,72.45,1305.0,
83,ball_ball_1_20260605030910_0027.jpg,ball,ball,72.45,0.79,0,overforce,7.3191893100738525,72.45,1305.0,
84,ball_ball_1_20260605030910_0027.jpg,ball,ball,72.45,0.77,1,success,7.796751976013184,72.45,1305.0,
85,ball_ball_1_20260605030911_0028.jpg,ball,ball,72.45,0.6,0,slip,5.792159080505371,72.45,1305.0,
86,ball_ball_1_20260605030911_0028.jpg,ball,ball,72.44999999999999,0.78,0,overforce,6.773160457611084,72.44999999999999,1305.0,
87,ball_ball_1_20260605030911_0028.jpg,ball,ball,72.45,0.68,0,slip,4.753459930419922,72.45,1305.0,
88,ball_ball_1_20260605030911_0028.jpg,ball,ball,72.44999999999999,0.78,0,overforce,6.74621057510376,72.44999999999999,1305.0,
89,ball_ball_1_20260605030911_0028.jpg,ball,ball,72.44999999999999,0.76,1,success,8.296411991119385,72.44999999999999,1305.0,
90,ball_ball_1_20260605030913_0029.jpg,ball,ball,72.45,0.68,0,slip,5.7313737869262695,72.45,1305.0,
91,ball_ball_1_20260605030913_0029.jpg,ball,ball,72.45,0.79,0,overforce,6.74461817741394,72.45,1305.0,
92,ball_ball_1_20260605030913_0029.jpg,ball,ball,72.45,0.75,1,success,7.199853181838989,72.45,1305.0,
93,ball_ball_1_20260605030915_0030.jpg,ball,ball,72.45,0.6,0,slip,4.765245676040649,72.45,1305.0,
94,ball_ball_1_20260605030915_0030.jpg,ball,ball,72.44999999999999,0.78,0,overforce,9.0593101978302,72.44999999999999,1305.0,
95,ball_ball_1_20260605030915_0030.jpg,ball,ball,72.45,0.75,1,success,6.97586727142334,72.45,1305.0,
96,ball_ball_1_20260605030916_0031.jpg,ball,ball,72.45,0.6,0,slip,4.792795658111572,72.45,1305.0,
97,ball_ball_1_20260605030916_0031.jpg,ball,ball,72.45,0.79,0,overforce,4.4066784381866455,72.45,1305.0,
98,ball_ball_1_20260605030916_0031.jpg,ball,ball,72.45,0.75,1,success,4.578600883483887,72.45,1305.0,
99,ball_ball_1_20260605030918_0032.jpg,ball,ball,72.45,0.75,1,success,6.849762678146362,72.45,1305.0,
100,ball_ball_1_20260605030919_0033.jpg,ball,ball,72.45,0.75,1,success,7.370978832244873,72.45,1305.0,
101,ball_ball_1_20260605030921_0034.jpg,ball,ball,72.45,0.75,1,success,7.577312231063843,72.45,1305.0,
102,ball_ball_1_20260605030922_0035.jpg,ball,ball,72.45,0.75,1,success,7.575988292694092,72.45,1305.0,
103,ball_ball_1_20260605030924_0036.jpg,ball,ball,72.44999999999999,0.76,1,success,6.359020948410034,72.44999999999999,1305.0,
104,ball_ball_1_20260605030925_0037.jpg,ball,ball,72.45,0.77,1,success,7.942329406738281,72.45,1305.0,
105,ball_ball_1_20260605030927_0038.jpg,ball,ball,72.44999999999999,0.76,1,success,5.563506603240967,72.44999999999999,1305.0,
106,ball_ball_1_20260605030928_0039.jpg,ball,ball,72.45,0.75,1,success,6.723119258880615,72.45,1305.0,
107,ball_ball_1_20260605030930_0040.jpg,ball,ball,72.44999999999999,0.76,1,success,5.776124000549316,72.44999999999999,1305.0,
108,ball_ball_1_20260605030931_0041.jpg,ball,ball,72.45,0.77,1,success,10.120221376419067,72.45,1305.0,
109,ball_ball_1_20260605030933_0042.jpg,ball,ball,72.44999999999999,0.76,1,success,8.717634439468384,72.44999999999999,1305.0,
110,ball_ball_1_20260605030934_0043.jpg,ball,ball,72.45,0.77,1,success,6.731698274612427,72.45,1305.0,
111,ball_ball_1_20260605030936_0044.jpg,ball,ball,72.45,0.75,1,success,7.4557812213897705,72.45,1305.0,
112,ball_ball_1_20260605030938_0045.jpg,ball,ball,72.44999999999999,0.76,1,success,7.022122859954834,72.44999999999999,1305.0,
113,ball_ball_1_20260605030939_0046.jpg,ball,ball,72.44999999999999,0.76,1,success,6.998334884643555,72.44999999999999,1305.0,
114,ball_ball_1_20260605030941_0047.jpg,ball,ball,72.45,0.75,1,success,7.18007230758667,72.45,1305.0,
115,ball_ball_1_20260605030942_0048.jpg,ball,ball,72.44999999999999,0.76,1,success,6.147827386856079,72.44999999999999,1305.0,
116,ball_ball_1_20260605030944_0049.jpg,ball,ball,72.45,0.77,1,success,15.448266506195068,72.45,1305.0,
117,ball_ball_2_20260605031017_0000.jpg,ball,ball,72.45000000000002,0.7,0,fail,4.5578367710113525,72.45000000000002,1305.0,
118,ball_ball_2_20260605031017_0000.jpg,ball,ball,72.44999999999999,0.73,0,fail,4.581589937210083,72.44999999999999,1305.0,
119,ball_ball_2_20260605031017_0000.jpg,ball,ball,72.45,0.75,0,slip,6.588366746902466,72.45,1305.0,
120,ball_ball_2_20260605031017_0000.jpg,ball,ball,72.45,0.75,0,slip,19.999151945114136,72.45,1305.0,
121,ball_ball_2_20260605031017_0000.jpg,ball,ball,72.45,0.77,0,slip,6.728363275527954,72.45,1305.0,
122,ball_ball_2_20260605031017_0000.jpg,ball,ball,72.44999999999999,0.85,0,overforce,6.801743268966675,72.44999999999999,1305.0,
123,ball_ball_2_20260605031017_0000.jpg,ball,ball,72.45,0.84,0,overforce,7.262551546096802,72.45,1305.0,
124,ball_ball_2_20260605031017_0000.jpg,ball,ball,72.45,0.84,0,overforce,6.957879543304443,72.45,1305.0,
125,ball_ball_2_20260605031017_0000.jpg,ball,ball,72.44999999999999,0.78,0,slip,7.846746444702148,72.44999999999999,1305.0,
126,ball_ball_2_20260605031017_0000.jpg,ball,ball,72.44999999999999,0.78,1,success,10.125332832336426,72.44999999999999,1305.0,
127,ball_ball_2_20260605031018_0001.jpg,ball,ball,72.45,0.77,0,slip,6.773515462875366,72.45,1305.0,
128,ball_ball_2_20260605031018_0001.jpg,ball,ball,72.44999999999999,0.83,1,success,9.431602954864502,72.44999999999999,1305.0,
129,ball_ball_2_20260605031020_0002.jpg,ball,ball,72.45,0.77,0,slip,5.356003999710083,72.45,1305.0,
130,ball_ball_2_20260605031020_0002.jpg,ball,ball,72.44999999999999,0.85,0,overforce,6.338034152984619,72.44999999999999,1305.0,
131,ball_ball_2_20260605031020_0002.jpg,ball,ball,72.44999999999999,0.8,1,success,8.401666402816772,72.44999999999999,1305.0,
132,ball_ball_2_20260605031021_0003.jpg,ball,ball,72.44999999999999,0.76,0,slip,6.331574440002441,72.44999999999999,1305.0,
133,ball_ball_2_20260605031021_0003.jpg,ball,ball,72.45,0.84,0,overforce,9.186618328094482,72.45,1305.0,
134,ball_ball_2_20260605031021_0003.jpg,ball,ball,72.44999999999999,0.82,1,success,7.424338340759277,72.44999999999999,1305.0,
135,ball_ball_2_20260605031023_0004.jpg,ball,ball,72.45,0.77,0,fail,5.171102285385132,72.45,1305.0,
136,ball_ball_2_20260605031023_0004.jpg,ball,ball,72.45,0.77,0,slip,6.99352502822876,72.45,1305.0,
137,ball_ball_2_20260605031023_0004.jpg,ball,ball,72.45,0.84,0,overforce,5.3504111766815186,72.45,1305.0,
138,ball_ball_2_20260605031023_0004.jpg,ball,ball,72.44999999999999,0.83,1,success,7.231133937835693,72.44999999999999,1305.0,
139,ball_ball_2_20260605031024_0005.jpg,ball,ball,72.44999999999999,0.76,0,slip,4.950052976608276,72.44999999999999,1305.0,
140,ball_ball_2_20260605031024_0005.jpg,ball,ball,72.45,0.84,0,overforce,5.018166780471802,72.45,1305.0,
141,ball_ball_2_20260605031024_0005.jpg,ball,ball,72.44999999999999,0.81,1,success,7.22745680809021,72.44999999999999,1305.0,
142,ball_ball_2_20260605031026_0006.jpg,ball,ball,72.44999999999999,0.78,0,slip,6.042855501174927,72.44999999999999,1305.0,
143,ball_ball_2_20260605031026_0006.jpg,ball,ball,72.44999999999999,0.85,0,overforce,6.729737043380737,72.44999999999999,1305.0,
144,ball_ball_2_20260605031026_0006.jpg,ball,ball,72.44999999999999,0.8,1,success,6.378698348999023,72.44999999999999,1305.0,
145,ball_ball_2_20260605031027_0007.jpg,ball,ball,72.45,0.77,0,slip,5.971527576446533,72.45,1305.0,
146,ball_ball_2_20260605031027_0007.jpg,ball,ball,72.44999999999999,0.83,1,success,6.023628234863281,72.44999999999999,1305.0,
147,ball_ball_2_20260605031029_0008.jpg,ball,ball,72.44999999999999,0.76,0,slip,5.349717855453491,72.44999999999999,1305.0,
148,ball_ball_2_20260605031029_0008.jpg,ball,ball,72.45,0.84,0,overforce,5.230907201766968,72.45,1305.0,
149,ball_ball_2_20260605031029_0008.jpg,ball,ball,72.44999999999999,0.82,1,success,6.566549301147461,72.44999999999999,1305.0,
150,ball_ball_2_20260605031031_0009.jpg,ball,ball,72.44999999999999,0.82,1,success,7.573244333267212,72.44999999999999,1305.0,
151,ball_ball_2_20260605031032_0010.jpg,ball,ball,72.44999999999999,0.78,0,slip,5.145689487457275,72.44999999999999,1305.0,
152,ball_ball_2_20260605031032_0010.jpg,ball,ball,72.44999999999999,0.85,0,overforce,5.537791013717651,72.44999999999999,1305.0,
153,ball_ball_2_20260605031032_0010.jpg,ball,ball,72.44999999999999,0.78,1,success,6.5654826164245605,72.44999999999999,1305.0,
154,ball_ball_2_20260605031034_0011.jpg,ball,ball,72.45,0.77,0,slip,6.135262966156006,72.45,1305.0,
155,ball_ball_2_20260605031034_0011.jpg,ball,ball,72.45,0.84,0,overforce,5.5932066440582275,72.45,1305.0,
156,ball_ball_2_20260605031034_0011.jpg,ball,ball,72.45,0.77,1,success,5.630695819854736,72.45,1305.0,
157,ball_ball_2_20260605031035_0012.jpg,ball,ball,72.45,0.77,0,slip,5.3447265625,72.45,1305.0,
158,ball_ball_2_20260605031035_0012.jpg,ball,ball,72.44999999999999,0.85,0,overforce,6.138022422790527,72.44999999999999,1305.0,
159,ball_ball_2_20260605031035_0012.jpg,ball,ball,72.44999999999999,0.81,1,success,6.792815685272217,72.44999999999999,1305.0,
160,ball_ball_2_20260605031037_0013.jpg,ball,ball,72.44999999999999,0.76,0,slip,7.9711644649505615,72.44999999999999,1305.0,
161,ball_ball_2_20260605031037_0013.jpg,ball,ball,72.44999999999999,0.85,0,overforce,6.448054313659668,72.44999999999999,1305.0,
162,ball_ball_2_20260605031037_0013.jpg,ball,ball,72.44999999999999,0.82,1,success,7.8327553272247314,72.44999999999999,1305.0,
163,ball_ball_2_20260605031038_0014.jpg,ball,ball,72.45,0.75,0,slip,6.529134750366211,72.45,1305.0,
164,ball_ball_2_20260605031038_0014.jpg,ball,ball,72.45,0.75,0,slip,4.603860855102539,72.45,1305.0,
165,ball_ball_2_20260605031038_0014.jpg,ball,ball,72.45,0.84,0,overforce,4.814049482345581,72.45,1305.0,
166,ball_ball_2_20260605031038_0014.jpg,ball,ball,72.44999999999999,0.78,1,success,6.422377109527588,72.44999999999999,1305.0,
167,ball_ball_2_20260605031040_0015.jpg,ball,ball,72.44999999999999,0.76,0,slip,5.55379843711853,72.44999999999999,1305.0,
168,ball_ball_2_20260605031040_0015.jpg,ball,ball,72.45,0.84,0,overforce,6.239030361175537,72.45,1305.0,
169,ball_ball_2_20260605031040_0015.jpg,ball,ball,72.44999999999999,0.78,1,success,14.483804702758789,72.44999999999999,1305.0,
170,ball_ball_2_20260605031041_0016.jpg,ball,ball,72.44999999999999,0.78,0,slip,7.182344198226929,72.44999999999999,1305.0,
171,ball_ball_2_20260605031041_0016.jpg,ball,ball,72.45,0.84,0,overforce,8.43933367729187,72.45,1305.0,
172,ball_ball_2_20260605031041_0016.jpg,ball,ball,72.45,0.84,0,overforce,6.17938232421875,72.45,1305.0,
173,ball_ball_2_20260605031041_0016.jpg,ball,ball,72.44999999999999,0.8,1,success,5.769829988479614,72.44999999999999,1305.0,
174,ball_ball_2_20260605031043_0017.jpg,ball,ball,72.45,0.77,0,slip,5.151383876800537,72.45,1305.0,
175,ball_ball_2_20260605031043_0017.jpg,ball,ball,72.44999999999999,0.63,0,fail,3.790595531463623,72.44999999999999,1305.0,
176,ball_ball_2_20260605031043_0017.jpg,ball,ball,72.44999999999999,0.83,0,overforce,6.192753553390503,72.44999999999999,1305.0,
177,ball_ball_2_20260605031043_0017.jpg,ball,ball,72.44999999999999,0.83,1,success,7.527372598648071,72.44999999999999,1305.0,
178,ball_ball_2_20260605031045_0018.jpg,ball,ball,72.45,0.77,0,slip,4.813831806182861,72.45,1305.0,
179,ball_ball_2_20260605031045_0018.jpg,ball,ball,72.44999999999999,0.85,0,overforce,5.622047424316406,72.44999999999999,1305.0,
180,ball_ball_2_20260605031045_0018.jpg,ball,ball,72.45,0.77,1,success,6.827561140060425,72.45,1305.0,
181,ball_ball_2_20260605031046_0019.jpg,ball,ball,72.44999999999999,0.76,0,slip,5.139733076095581,72.44999999999999,1305.0,
182,ball_ball_2_20260605031046_0019.jpg,ball,ball,72.45,0.64,0,fail,3.388618230819702,72.45,1305.0,
183,ball_ball_2_20260605031046_0019.jpg,ball,ball,72.45,0.84,0,overforce,8.899108648300171,72.45,1305.0,
184,ball_ball_2_20260605031046_0019.jpg,ball,ball,72.44999999999999,0.82,1,success,6.736864328384399,72.44999999999999,1305.0,
185,ball_ball_2_20260605031048_0020.jpg,ball,ball,72.45,0.75,0,slip,5.755781412124634,72.45,1305.0,
186,ball_ball_2_20260605031048_0020.jpg,ball,ball,72.44999999999999,0.83,0,overforce,5.953901529312134,72.44999999999999,1305.0,
187,ball_ball_2_20260605031048_0020.jpg,ball,ball,72.44999999999999,0.8,1,success,6.333279609680176,72.44999999999999,1305.0,
188,ball_ball_2_20260605031049_0021.jpg,ball,ball,72.44999999999999,0.85,0,overforce,6.025061845779419,72.44999999999999,1305.0,
189,ball_ball_2_20260605031049_0021.jpg,ball,ball,72.44999999999999,0.76,0,slip,4.951888799667358,72.44999999999999,1305.0,
190,ball_ball_2_20260605031049_0021.jpg,ball,ball,72.44999999999999,0.81,1,success,5.751766204833984,72.44999999999999,1305.0,
191,ball_ball_2_20260605031051_0022.jpg,ball,ball,72.44999999999999,0.8,1,success,5.958828687667847,72.44999999999999,1305.0,
192,ball_ball_2_20260605031052_0023.jpg,ball,ball,72.44999999999999,0.74,0,slip,9.787667512893677,72.44999999999999,1305.0,
193,ball_ball_2_20260605031052_0023.jpg,ball,ball,72.44999999999999,0.82,1,success,9.05971622467041,72.44999999999999,1305.0,
194,ball_ball_2_20260605031055_0024.jpg,ball,ball,72.45,0.77,0,slip,5.363510608673096,72.45,1305.0,
195,ball_ball_2_20260605031055_0024.jpg,ball,ball,72.45,0.84,0,overforce,6.003729343414307,72.45,1305.0,
196,ball_ball_2_20260605031055_0024.jpg,ball,ball,72.44999999999999,0.83,1,success,6.409242153167725,72.44999999999999,1305.0,
197,ball_ball_2_20260605031100_0025.jpg,ball,ball,72.45,0.75,0,slip,6.583977937698364,72.45,1305.0,
198,ball_ball_2_20260605031100_0025.jpg,ball,ball,72.44999999999999,0.85,0,overforce,5.785218715667725,72.44999999999999,1305.0,
199,ball_ball_2_20260605031100_0025.jpg,ball,ball,72.44999999999999,0.83,1,success,6.656278133392334,72.44999999999999,1305.0,
200,ball_ball_2_20260605031102_0026.jpg,ball,ball,72.44999999999999,0.8,1,success,6.219000339508057,72.44999999999999,1305.0,
201,ball_ball_2_20260605031104_0027.jpg,ball,ball,72.44999999999999,0.81,1,success,6.426194190979004,72.44999999999999,1305.0,
202,ball_ball_2_20260605031105_0028.jpg,ball,ball,72.44999999999999,0.81,1,success,8.30526089668274,72.44999999999999,1305.0,
203,ball_ball_2_20260605031107_0029.jpg,ball,ball,72.44999999999999,0.81,1,success,7.170970916748047,72.44999999999999,1305.0,
204,ball_ball_2_20260605031109_0030.jpg,ball,ball,72.44999999999999,0.82,1,success,6.332871913909912,72.44999999999999,1305.0,
205,ball_ball_2_20260605031110_0031.jpg,ball,ball,72.44999999999999,0.83,1,success,6.169238090515137,72.44999999999999,1305.0,
206,ball_ball_2_20260605031112_0032.jpg,ball,ball,72.45,0.77,1,success,7.060647964477539,72.45,1305.0,
207,ball_ball_2_20260605031113_0033.jpg,ball,ball,72.44999999999999,0.78,0,slip,5.201380491256714,72.44999999999999,1305.0,
208,ball_ball_2_20260605031113_0033.jpg,ball,ball,72.44999999999999,0.78,1,success,5.948283433914185,72.44999999999999,1305.0,
209,ball_ball_2_20260605031115_0034.jpg,ball,ball,72.44999999999999,0.82,1,success,7.437851428985596,72.44999999999999,1305.0,
210,ball_ball_2_20260605031116_0035.jpg,ball,ball,72.44999999999999,0.83,1,success,8.093818664550781,72.44999999999999,1305.0,
211,ball_ball_2_20260605031118_0036.jpg,ball,ball,72.44999999999999,0.82,1,success,7.240074157714844,72.44999999999999,1305.0,
212,ball_ball_2_20260605031119_0037.jpg,ball,ball,72.44999999999999,0.82,1,success,6.027384519577026,72.44999999999999,1305.0,
213,ball_ball_2_20260605031121_0038.jpg,ball,ball,72.44999999999999,0.81,1,success,7.837115049362183,72.44999999999999,1305.0,
214,ball_ball_2_20260605031123_0039.jpg,ball,ball,72.44999999999999,0.81,1,success,6.140795946121216,72.44999999999999,1305.0,
215,ball_ball_2_20260605031126_0040.jpg,ball,ball,72.44999999999999,0.8,1,success,10.60447096824646,72.44999999999999,1305.0,
216,ball_ball_2_20260605031128_0041.jpg,ball,ball,72.44999999999999,0.78,1,success,5.345866441726685,72.44999999999999,1305.0,
217,ball_ball_2_20260605031130_0042.jpg,ball,ball,72.44999999999999,0.82,1,success,7.116363286972046,72.44999999999999,1305.0,
218,ball_ball_2_20260605031131_0043.jpg,ball,ball,72.45,0.79,0,slip,5.224973201751709,72.45,1305.0,
219,ball_ball_2_20260605031131_0043.jpg,ball,ball,72.45,0.79,1,success,5.744314670562744,72.45,1305.0,
220,ball_ball_2_20260605031133_0044.jpg,ball,ball,72.45,0.72,0,slip,4.402155637741089,72.45,1305.0,
221,ball_ball_2_20260605031133_0044.jpg,ball,ball,72.44999999999999,0.85,0,overforce,5.99418044090271,72.44999999999999,1305.0,
222,ball_ball_2_20260605031133_0044.jpg,ball,ball,72.44999999999999,0.78,1,success,5.82430100440979,72.44999999999999,1305.0,
223,ball_ball_2_20260605031134_0045.jpg,ball,ball,72.45,0.79,1,success,6.242973327636719,72.45,1305.0,
224,ball_ball_2_20260605031138_0046.jpg,ball,ball,72.44999999999999,0.8,1,success,6.22035813331604,72.44999999999999,1305.0,
225,ball_ball_2_20260605031140_0047.jpg,ball,ball,72.44999999999999,0.81,1,success,6.027185678482056,72.44999999999999,1305.0,
226,ball_ball_2_20260605031141_0048.jpg,ball,ball,72.44999999999999,0.83,1,success,11.077037572860718,72.44999999999999,1305.0,
227,ball_ball_2_20260605031143_0049.jpg,ball,ball,72.44999999999999,0.82,1,success,5.943737506866455,72.44999999999999,1305.0,
228,ball_ball_3_20260605031233_0000.jpg,ball,ball,72.44999999999999,0.8,0,slip,8.205358505249023,72.44999999999999,1305.0,
229,ball_ball_3_20260605031233_0000.jpg,ball,ball,72.44999999999999,0.81,0,slip,5.363490104675293,72.44999999999999,1305.0,
230,ball_ball_3_20260605031233_0000.jpg,ball,ball,72.44999999999999,0.82,0,slip,5.789304733276367,72.44999999999999,1305.0,
231,ball_ball_3_20260605031233_0000.jpg,ball,ball,72.44999999999999,0.83,0,slip,5.9404237270355225,72.44999999999999,1305.0,
232,ball_ball_3_20260605031233_0000.jpg,ball,ball,72.45,0.9,0,overforce,6.986393928527832,72.45,1305.0,
233,ball_ball_3_20260605031233_0000.jpg,ball,ball,72.44999999999999,0.91,0,overforce,5.151355981826782,72.44999999999999,1305.0,
234,ball_ball_3_20260605031233_0000.jpg,ball,ball,72.45,0.92,0,overforce,5.605139493942261,72.45,1305.0,
235,ball_ball_3_20260605031233_0000.jpg,ball,ball,72.45,0.84,1,success,5.733035564422607,72.45,1305.0,
236,ball_ball_3_20260605031234_0001.jpg,ball,ball,72.44999999999999,0.8,0,slip,4.631855010986328,72.44999999999999,1305.0,
237,ball_ball_3_20260605031234_0001.jpg,ball,ball,72.45,0.92,0,overforce,4.973835229873657,72.45,1305.0,
238,ball_ball_3_20260605031234_0001.jpg,ball,ball,72.45,0.86,1,success,6.740869522094727,72.45,1305.0,
239,ball_ball_3_20260605031236_0002.jpg,ball,ball,72.44999999999999,0.83,0,slip,4.964119911193848,72.44999999999999,1305.0,
240,ball_ball_3_20260605031236_0002.jpg,ball,ball,72.45,0.92,0,overforce,5.979977369308472,72.45,1305.0,
241,ball_ball_3_20260605031236_0002.jpg,ball,ball,72.45,0.88,1,success,5.943253040313721,72.45,1305.0,
242,ball_ball_3_20260605031238_0003.jpg,ball,ball,72.44999999999999,0.82,0,slip,5.569011926651001,72.44999999999999,1305.0,
243,ball_ball_3_20260605031238_0003.jpg,ball,ball,72.45,0.92,0,overforce,5.360276460647583,72.45,1305.0,
244,ball_ball_3_20260605031238_0003.jpg,ball,ball,72.45,0.88,1,success,5.408314943313599,72.45,1305.0,
245,ball_ball_3_20260605031239_0004.jpg,ball,ball,72.44999999999999,0.81,0,slip,4.7791056632995605,72.44999999999999,1305.0,
246,ball_ball_3_20260605031239_0004.jpg,ball,ball,72.45,0.86,1,success,5.823482513427734,72.45,1305.0,
247,ball_ball_3_20260605031241_0005.jpg,ball,ball,72.44999999999999,0.81,0,slip,5.553528547286987,72.44999999999999,1305.0,
248,ball_ball_3_20260605031241_0005.jpg,ball,ball,72.44999999999999,0.91,0,overforce,5.748697996139526,72.44999999999999,1305.0,
249,ball_ball_3_20260605031241_0005.jpg,ball,ball,72.45,0.88,1,success,9.992534637451172,72.45,1305.0,
250,ball_ball_3_20260605031242_0006.jpg,ball,ball,72.44999999999999,0.8,0,slip,6.138552904129028,72.44999999999999,1305.0,
251,ball_ball_3_20260605031242_0006.jpg,ball,ball,72.45,0.9,0,overforce,6.228651523590088,72.45,1305.0,
252,ball_ball_3_20260605031242_0006.jpg,ball,ball,72.45,0.54,0,fail,6.023234844207764,72.45,1305.0,
253,ball_ball_3_20260605031242_0006.jpg,ball,ball,72.45,0.84,1,success,18.309959173202515,72.45,1305.0,
254,ball_ball_3_20260605031244_0007.jpg,ball,ball,72.44999999999999,0.81,0,slip,4.769500017166138,72.44999999999999,1305.0,
255,ball_ball_3_20260605031244_0007.jpg,ball,ball,72.45,0.9,0,overforce,6.80376935005188,72.45,1305.0,
256,ball_ball_3_20260605031244_0007.jpg,ball,ball,72.45,0.88,1,success,11.40362286567688,72.45,1305.0,
257,ball_ball_3_20260605031245_0008.jpg,ball,ball,72.44999999999999,0.81,0,slip,4.23527455329895,72.44999999999999,1305.0,
258,ball_ball_3_20260605031245_0008.jpg,ball,ball,72.45,0.92,0,overforce,4.771502256393433,72.45,1305.0,
259,ball_ball_3_20260605031245_0008.jpg,ball,ball,72.45,0.88,1,success,6.354535102844238,72.45,1305.0,
260,ball_ball_3_20260605031247_0009.jpg,ball,ball,72.44999999999999,0.82,0,slip,4.560730695724487,72.44999999999999,1305.0,
261,ball_ball_3_20260605031247_0009.jpg,ball,ball,72.44999999999999,0.81,0,slip,4.5724196434021,72.44999999999999,1305.0,
262,ball_ball_3_20260605031247_0009.jpg,ball,ball,72.44999999999999,0.91,0,overforce,5.145089626312256,72.44999999999999,1305.0,
263,ball_ball_3_20260605031247_0009.jpg,ball,ball,72.45,0.84,1,success,5.1935060024261475,72.45,1305.0,
264,ball_ball_3_20260605031248_0010.jpg,ball,ball,72.44999999999999,0.83,0,slip,5.625813722610474,72.44999999999999,1305.0,
265,ball_ball_3_20260605031248_0010.jpg,ball,ball,72.44999999999999,0.91,0,overforce,4.956209421157837,72.44999999999999,1305.0,
266,ball_ball_3_20260605031248_0010.jpg,ball,ball,72.45,0.86,1,success,6.562358856201172,72.45,1305.0,
267,ball_ball_3_20260605031250_0011.jpg,ball,ball,72.44999999999999,0.82,0,slip,4.756017684936523,72.44999999999999,1305.0,
268,ball_ball_3_20260605031250_0011.jpg,ball,ball,72.45,0.9,0,overforce,4.966322898864746,72.45,1305.0,
269,ball_ball_3_20260605031250_0011.jpg,ball,ball,72.45,0.88,1,success,6.3773133754730225,72.45,1305.0,
270,ball_ball_3_20260605031302_0012.jpg,ball,ball,72.44999999999999,0.8,0,slip,4.774909019470215,72.44999999999999,1305.0,
271,ball_ball_3_20260605031302_0012.jpg,ball,ball,72.45,0.9,0,overforce,5.554177522659302,72.45,1305.0,
272,ball_ball_3_20260605031302_0012.jpg,ball,ball,72.44999999999999,0.85,1,success,6.347431898117065,72.44999999999999,1305.0,
273,ball_ball_3_20260605031303_0013.jpg,ball,ball,72.44999999999999,0.83,0,slip,5.365867853164673,72.44999999999999,1305.0,
274,ball_ball_3_20260605031303_0013.jpg,ball,ball,72.45,0.92,0,overforce,5.145369529724121,72.45,1305.0,
275,ball_ball_3_20260605031303_0013.jpg,ball,ball,72.45,0.87,1,success,6.782350301742554,72.45,1305.0,
276,ball_ball_3_20260605031305_0014.jpg,ball,ball,72.44999999999999,0.83,0,slip,4.961443185806274,72.44999999999999,1305.0,
277,ball_ball_3_20260605031305_0014.jpg,ball,ball,72.44999999999999,0.91,0,overforce,5.149796962738037,72.44999999999999,1305.0,
278,ball_ball_3_20260605031305_0014.jpg,ball,ball,72.45,0.88,1,success,6.597292423248291,72.45,1305.0,
279,ball_ball_3_20260605031308_0015.jpg,ball,ball,72.44999999999999,0.81,0,slip,4.954707145690918,72.44999999999999,1305.0,
280,ball_ball_3_20260605031308_0015.jpg,ball,ball,72.45,0.9,0,overforce,4.764373779296875,72.45,1305.0,
281,ball_ball_3_20260605031308_0015.jpg,ball,ball,72.44999999999999,0.85,1,success,6.562986373901367,72.44999999999999,1305.0,
282,ball_ball_3_20260605031311_0016.jpg,ball,ball,72.44999999999999,0.81,0,slip,5.573976993560791,72.44999999999999,1305.0,
283,ball_ball_3_20260605031311_0016.jpg,ball,ball,72.45,0.92,0,overforce,5.972782611846924,72.45,1305.0,
284,ball_ball_3_20260605031311_0016.jpg,ball,ball,72.45,0.86,1,success,5.742591381072998,72.45,1305.0,
285,ball_ball_3_20260605031313_0017.jpg,ball,ball,72.44999999999999,0.83,0,slip,5.354595184326172,72.44999999999999,1305.0,
286,ball_ball_3_20260605031313_0017.jpg,ball,ball,72.44999999999999,0.91,0,overforce,4.970577716827393,72.44999999999999,1305.0,
287,ball_ball_3_20260605031313_0017.jpg,ball,ball,72.45,0.88,1,success,5.996839284896851,72.45,1305.0,
288,ball_ball_3_20260605031314_0018.jpg,ball,ball,72.44999999999999,0.83,0,slip,5.8321380615234375,72.44999999999999,1305.0,
289,ball_ball_3_20260605031314_0018.jpg,ball,ball,72.45,0.89,0,overforce,4.947749614715576,72.45,1305.0,
290,ball_ball_3_20260605031314_0018.jpg,ball,ball,72.44999999999999,0.85,1,success,7.393995761871338,72.44999999999999,1305.0,
291,ball_ball_3_20260605031316_0019.jpg,ball,ball,72.44999999999999,0.81,0,slip,5.959312438964844,72.44999999999999,1305.0,
292,ball_ball_3_20260605031316_0019.jpg,ball,ball,72.45,0.9,0,overforce,5.15373682975769,72.45,1305.0,
293,ball_ball_3_20260605031316_0019.jpg,ball,ball,72.45,0.84,1,success,6.596795082092285,72.45,1305.0,
294,ball_ball_3_20260605031317_0020.jpg,ball,ball,72.44999999999999,0.8,0,slip,4.61747670173645,72.44999999999999,1305.0,
295,ball_ball_3_20260605031317_0020.jpg,ball,ball,72.45,0.9,0,overforce,5.154522657394409,72.45,1305.0,
296,ball_ball_3_20260605031317_0020.jpg,ball,ball,72.45,0.86,1,success,7.707204818725586,72.45,1305.0,
297,ball_ball_3_20260605031319_0021.jpg,ball,ball,72.44999999999999,0.81,0,slip,6.92274022102356,72.44999999999999,1305.0,
298,ball_ball_3_20260605031319_0021.jpg,ball,ball,72.45,0.92,0,overforce,5.606734752655029,72.45,1305.0,
299,ball_ball_3_20260605031319_0021.jpg,ball,ball,72.44999999999999,0.85,1,success,6.225174903869629,72.44999999999999,1305.0,
300,ball_ball_3_20260605031320_0022.jpg,ball,ball,72.44999999999999,0.83,0,slip,5.038971424102783,72.44999999999999,1305.0,
301,ball_ball_3_20260605031320_0022.jpg,ball,ball,72.45,0.9,0,overforce,8.374022006988525,72.45,1305.0,
302,ball_ball_3_20260605031320_0022.jpg,ball,ball,72.45,0.88,1,success,5.34161901473999,72.45,1305.0,
303,ball_ball_3_20260605031322_0023.jpg,ball,ball,72.44999999999999,0.83,0,slip,4.565370559692383,72.44999999999999,1305.0,
304,ball_ball_3_20260605031322_0023.jpg,ball,ball,72.45,0.92,0,overforce,5.966407299041748,72.45,1305.0,
305,ball_ball_3_20260605031322_0023.jpg,ball,ball,72.44999999999999,0.85,1,success,6.160485506057739,72.44999999999999,1305.0,
306,ball_ball_3_20260605031323_0024.jpg,ball,ball,72.44999999999999,0.82,0,slip,4.966203451156616,72.44999999999999,1305.0,
307,ball_ball_3_20260605031323_0024.jpg,ball,ball,72.45,0.9,0,overforce,5.370096206665039,72.45,1305.0,
308,ball_ball_3_20260605031323_0024.jpg,ball,ball,72.45,0.84,1,success,6.0251784324646,72.45,1305.0,
309,ball_ball_3_20260605031325_0025.jpg,ball,ball,72.44999999999999,0.82,0,slip,5.347834348678589,72.44999999999999,1305.0,
310,ball_ball_3_20260605031325_0025.jpg,ball,ball,72.45,0.92,0,overforce,4.813044786453247,72.45,1305.0,
311,ball_ball_3_20260605031325_0025.jpg,ball,ball,72.44999999999999,0.85,1,success,6.627365827560425,72.44999999999999,1305.0,
312,ball_ball_3_20260605031327_0026.jpg,ball,ball,72.44999999999999,0.85,1,success,5.623674154281616,72.44999999999999,1305.0,
313,ball_ball_3_20260605031328_0027.jpg,ball,ball,72.45,0.88,1,success,6.350474119186401,72.45,1305.0,
314,ball_ball_3_20260605031330_0028.jpg,ball,ball,72.45,0.89,1,success,6.140308141708374,72.45,1305.0,
315,ball_ball_3_20260605031331_0029.jpg,ball,ball,72.45,0.89,1,success,6.562668561935425,72.45,1305.0,
316,ball_ball_3_20260605031333_0030.jpg,ball,ball,72.44999999999999,0.83,1,success,4.815136671066284,72.44999999999999,1305.0,
317,ball_ball_3_20260605031334_0031.jpg,ball,ball,72.45,0.84,1,success,5.949518442153931,72.45,1305.0,
318,ball_ball_3_20260605031336_0032.jpg,ball,ball,72.44999999999999,0.85,1,success,6.379837512969971,72.44999999999999,1305.0,
319,ball_ball_3_20260605031337_0033.jpg,ball,ball,72.45,0.86,1,success,5.937988758087158,72.45,1305.0,
320,ball_ball_3_20260605031339_0034.jpg,ball,ball,72.45,0.89,1,success,6.608842372894287,72.45,1305.0,
321,ball_ball_3_20260605031340_0035.jpg,ball,ball,72.45,0.88,1,success,5.195539236068726,72.45,1305.0,
322,ball_ball_3_20260605031342_0036.jpg,ball,ball,72.45,0.88,1,success,7.011760473251343,72.45,1305.0,
323,ball_ball_3_20260605031343_0037.jpg,ball,ball,72.45,0.87,1,success,5.7524025440216064,72.45,1305.0,
324,ball_ball_3_20260605031345_0038.jpg,ball,ball,72.45,0.84,1,success,5.551384210586548,72.45,1305.0,
325,ball_ball_3_20260605031347_0039.jpg,ball,ball,72.44999999999999,0.85,1,success,6.735271453857422,72.44999999999999,1305.0,
326,ball_ball_3_20260605031348_0040.jpg,ball,ball,72.45,0.86,1,success,5.9950971603393555,72.45,1305.0,
327,ball_ball_3_20260605031355_0041.jpg,ball,ball,72.45,0.88,1,success,6.017853260040283,72.45,1305.0,
328,ball_ball_3_20260605031356_0042.jpg,ball,ball,72.45,0.89,1,success,5.840474605560303,72.45,1305.0,
329,ball_ball_3_20260605031358_0043.jpg,ball,ball,72.45,0.88,1,success,5.372496604919434,72.45,1305.0,
330,ball_ball_3_20260605031359_0044.jpg,ball,ball,72.45,0.86,1,success,5.7422709465026855,72.45,1305.0,
331,ball_ball_3_20260605031401_0045.jpg,ball,ball,72.45,0.87,1,success,5.79535174369812,72.45,1305.0,
332,ball_ball_3_20260605031402_0046.jpg,ball,ball,72.45,0.84,1,success,5.972540616989136,72.45,1305.0,
333,ball_ball_3_20260605031404_0047.jpg,ball,ball,72.45,0.87,1,success,5.746732473373413,72.45,1305.0,
334,ball_ball_3_20260605031405_0048.jpg,ball,ball,72.44999999999999,0.85,1,success,5.546590089797974,72.44999999999999,1305.0,
335,ball_ball_3_20260605031407_0049.jpg,ball,ball,72.45,0.84,1,success,7.368440389633179,72.45,1305.0,
336,bottle_bottle_1_20260605032729_0000.jpg,bottle,bottle,72.44999999999999,0.78,0,fail,6.372057676315308,72.44999999999999,1305.0,
337,bottle_bottle_1_20260605032729_0000.jpg,bottle,bottle,72.44999999999999,0.8,0,slip,4.814007043838501,72.44999999999999,1305.0,
338,bottle_bottle_1_20260605032729_0000.jpg,bottle,bottle,72.44999999999999,0.81,0,slip,4.369533061981201,72.44999999999999,1305.0,
339,bottle_bottle_1_20260605032729_0000.jpg,bottle,bottle,72.44999999999999,0.82,0,slip,4.2166101932525635,72.44999999999999,1305.0,
340,bottle_bottle_1_20260605032729_0000.jpg,bottle,bottle,72.44999999999999,0.83,0,slip,5.2196946144104,72.44999999999999,1305.0,
341,bottle_bottle_1_20260605032729_0000.jpg,bottle,bottle,72.45,0.9,0,overforce,5.817920684814453,72.45,1305.0,
342,bottle_bottle_1_20260605032729_0000.jpg,bottle,bottle,72.44999999999999,0.91,0,overforce,4.827316522598267,72.44999999999999,1305.0,
343,bottle_bottle_1_20260605032729_0000.jpg,bottle,bottle,72.45,0.92,0,overforce,5.642914056777954,72.45,1305.0,
344,bottle_bottle_1_20260605032729_0000.jpg,bottle,bottle,72.45,0.84,0,slip,11.788802862167358,72.45,1305.0,
345,bottle_bottle_1_20260605032729_0000.jpg,bottle,bottle,72.44999999999999,0.85,1,success,6.738832950592041,72.44999999999999,1305.0,
346,bottle_bottle_1_20260605032730_0001.jpg,bottle,bottle,72.45,0.84,0,slip,4.957946538925171,72.45,1305.0,
347,bottle_bottle_1_20260605032730_0001.jpg,bottle,bottle,72.44999999999999,0.8,0,slip,8.744598627090454,72.44999999999999,1305.0,
348,bottle_bottle_1_20260605032730_0001.jpg,bottle,bottle,72.45,0.9,0,overforce,4.638046741485596,72.45,1305.0,
349,bottle_bottle_1_20260605032730_0001.jpg,bottle,bottle,72.45,0.88,1,success,6.4295783042907715,72.45,1305.0,
350,bottle_bottle_1_20260605032732_0002.jpg,bottle,bottle,72.44999999999999,0.83,0,slip,5.552010536193848,72.44999999999999,1305.0,
351,bottle_bottle_1_20260605032732_0002.jpg,bottle,bottle,72.45,0.92,0,overforce,6.248029708862305,72.45,1305.0,
352,bottle_bottle_1_20260605032732_0002.jpg,bottle,bottle,72.45,0.86,1,success,5.351686239242554,72.45,1305.0,
353,bottle_bottle_1_20260605032738_0003.jpg,bottle,bottle,72.44999999999999,0.82,0,slip,6.972858905792236,72.44999999999999,1305.0,
354,bottle_bottle_1_20260605032738_0003.jpg,bottle,bottle,72.45,0.9,0,overforce,4.7625908851623535,72.45,1305.0,
355,bottle_bottle_1_20260605032738_0003.jpg,bottle,bottle,72.44999999999999,0.85,0,fail,5.5469441413879395,72.44999999999999,1305.0,
356,bottle_bottle_1_20260605032738_0003.jpg,bottle,bottle,72.44999999999999,0.85,1,success,6.973218679428101,72.44999999999999,1305.0,
357,bottle_bottle_1_20260605032740_0004.jpg,bottle,bottle,72.44999999999999,0.81,0,slip,6.221316576004028,72.44999999999999,1305.0,
358,bottle_bottle_1_20260605032740_0004.jpg,bottle,bottle,72.44999999999999,0.91,0,overforce,4.604759216308594,72.44999999999999,1305.0,
359,bottle_bottle_1_20260605032740_0004.jpg,bottle,bottle,72.44999999999999,0.85,1,success,5.548467636108398,72.44999999999999,1305.0,
360,bottle_bottle_1_20260605032742_0005.jpg,bottle,bottle,72.44999999999999,0.83,0,slip,4.96000862121582,72.44999999999999,1305.0,
361,bottle_bottle_1_20260605032742_0005.jpg,bottle,bottle,72.45,0.92,0,overforce,6.778113842010498,72.45,1305.0,
362,bottle_bottle_1_20260605032742_0005.jpg,bottle,bottle,72.44999999999999,0.85,1,success,5.420090198516846,72.44999999999999,1305.0,
363,bottle_bottle_1_20260605032747_0006.jpg,bottle,bottle,72.44999999999999,0.82,0,fail,6.725688219070435,72.44999999999999,1305.0,
364,bottle_bottle_1_20260605032747_0006.jpg,bottle,bottle,72.44999999999999,0.82,0,slip,4.3877036571502686,72.44999999999999,1305.0,
365,bottle_bottle_1_20260605032747_0006.jpg,bottle,bottle,72.45,0.92,0,overforce,4.434647083282471,72.45,1305.0,
366,bottle_bottle_1_20260605032747_0006.jpg,bottle,bottle,72.45,0.88,1,success,6.57633638381958,72.45,1305.0,
367,bottle_bottle_1_20260605032749_0007.jpg,bottle,bottle,72.44999999999999,0.83,0,slip,4.221264600753784,72.44999999999999,1305.0,
368,bottle_bottle_1_20260605032749_0007.jpg,bottle,bottle,72.44999999999999,0.91,0,overforce,4.63568377494812,72.44999999999999,1305.0,
369,bottle_bottle_1_20260605032749_0007.jpg,bottle,bottle,72.45,0.87,1,success,5.744252443313599,72.45,1305.0,
370,bottle_bottle_1_20260605032750_0008.jpg,bottle,bottle,72.44999999999999,0.8,0,slip,4.595160722732544,72.44999999999999,1305.0,
371,bottle_bottle_1_20260605032750_0008.jpg,bottle,bottle,72.45,0.9,0,overforce,5.04083251953125,72.45,1305.0,
372,bottle_bottle_1_20260605032750_0008.jpg,bottle,bottle,72.45,0.84,0,slip,8.37796950340271,72.45,1305.0,
373,bottle_bottle_1_20260605032750_0008.jpg,bottle,bottle,72.45,0.84,1,success,5.553154230117798,72.45,1305.0,
374,bottle_bottle_1_20260605032752_0009.jpg,bottle,bottle,72.44999999999999,0.82,0,slip,4.621453046798706,72.44999999999999,1305.0,
375,bottle_bottle_1_20260605032752_0009.jpg,bottle,bottle,72.44999999999999,0.82,0,slip,4.174936771392822,72.44999999999999,1305.0,
376,bottle_bottle_1_20260605032752_0009.jpg,bottle,bottle,72.45,0.92,0,overforce,6.848749399185181,72.45,1305.0,
377,bottle_bottle_1_20260605032752_0009.jpg,bottle,bottle,72.45,0.88,1,success,5.178678750991821,72.45,1305.0,
378,bottle_bottle_1_20260605032753_0010.jpg,bottle,bottle,72.44999999999999,0.82,0,slip,5.037789821624756,72.44999999999999,1305.0,
379,bottle_bottle_1_20260605032753_0010.jpg,bottle,bottle,72.44999999999999,0.83,1,success,9.405465841293335,72.44999999999999,1305.0,
380,bottle_bottle_1_20260605032755_0011.jpg,bottle,bottle,72.44999999999999,0.81,0,slip,4.166588306427002,72.44999999999999,1305.0,
381,bottle_bottle_1_20260605032755_0011.jpg,bottle,bottle,72.45,0.9,0,overforce,4.767693519592285,72.45,1305.0,
382,bottle_bottle_1_20260605032755_0011.jpg,bottle,bottle,72.45,0.54,0,fail,5.577902317047119,72.45,1305.0,
383,bottle_bottle_1_20260605032755_0011.jpg,bottle,bottle,72.45,0.84,1,success,5.154207229614258,72.45,1305.0,
384,bottle_bottle_1_20260605032756_0012.jpg,bottle,bottle,72.44999999999999,0.83,1,success,7.009931325912476,72.44999999999999,1305.0,
385,bottle_bottle_1_20260605032758_0013.jpg,bottle,bottle,72.44999999999999,0.83,0,slip,4.40081000328064,72.44999999999999,1305.0,
386,bottle_bottle_1_20260605032758_0013.jpg,bottle,bottle,72.44999999999999,0.91,0,overforce,6.444657325744629,72.44999999999999,1305.0,
387,bottle_bottle_1_20260605032758_0013.jpg,bottle,bottle,72.45,0.88,1,success,6.636231422424316,72.45,1305.0,
388,bottle_bottle_1_20260605032800_0014.jpg,bottle,bottle,72.44999999999999,0.82,0,slip,6.027034759521484,72.44999999999999,1305.0,
389,bottle_bottle_1_20260605032800_0014.jpg,bottle,bottle,72.44999999999999,0.91,0,overforce,4.760934829711914,72.44999999999999,1305.0,
390,bottle_bottle_1_20260605032800_0014.jpg,bottle,bottle,72.45,0.84,1,success,5.772665500640869,72.45,1305.0,
391,bottle_bottle_1_20260605032801_0015.jpg,bottle,bottle,72.44999999999999,0.8,0,slip,5.023549318313599,72.44999999999999,1305.0,
392,bottle_bottle_1_20260605032801_0015.jpg,bottle,bottle,72.45,0.89,0,overforce,4.9848902225494385,72.45,1305.0,
393,bottle_bottle_1_20260605032801_0015.jpg,bottle,bottle,72.44999999999999,0.85,1,success,5.55454421043396,72.44999999999999,1305.0,
394,bottle_bottle_1_20260605032803_0016.jpg,bottle,bottle,72.44999999999999,0.8,0,slip,4.766308307647705,72.44999999999999,1305.0,
395,bottle_bottle_1_20260605032803_0016.jpg,bottle,bottle,72.45,0.92,0,overforce,8.258575439453125,72.45,1305.0,
396,bottle_bottle_1_20260605032803_0016.jpg,bottle,bottle,72.45,0.88,1,success,5.644358396530151,72.45,1305.0,
397,bottle_bottle_1_20260605032804_0017.jpg,bottle,bottle,72.44999999999999,0.8,0,slip,4.7638466358184814,72.44999999999999,1305.0,
398,bottle_bottle_1_20260605032804_0017.jpg,bottle,bottle,72.45,0.89,0,overforce,4.561800003051758,72.45,1305.0,
399,bottle_bottle_1_20260605032804_0017.jpg,bottle,bottle,72.45,0.84,1,success,5.951910018920898,72.45,1305.0,
400,bottle_bottle_1_20260605032806_0018.jpg,bottle,bottle,72.44999999999999,0.82,0,slip,5.370680093765259,72.44999999999999,1305.0,
401,bottle_bottle_1_20260605032806_0018.jpg,bottle,bottle,72.45,0.9,0,overforce,6.054750680923462,72.45,1305.0,
402,bottle_bottle_1_20260605032806_0018.jpg,bottle,bottle,72.45,0.86,1,success,7.553132772445679,72.45,1305.0,
403,bottle_bottle_1_20260605032807_0019.jpg,bottle,bottle,72.44999999999999,0.83,0,slip,6.136693954467773,72.44999999999999,1305.0,
404,bottle_bottle_1_20260605032807_0019.jpg,bottle,bottle,72.44999999999999,0.91,0,overforce,5.589510202407837,72.44999999999999,1305.0,
405,bottle_bottle_1_20260605032807_0019.jpg,bottle,bottle,72.45,0.86,1,success,6.539893627166748,72.45,1305.0,
406,bottle_bottle_1_20260605032809_0020.jpg,bottle,bottle,72.44999999999999,0.82,0,slip,5.353937864303589,72.44999999999999,1305.0,
407,bottle_bottle_1_20260605032809_0020.jpg,bottle,bottle,72.44999999999999,0.91,0,overforce,5.620797634124756,72.44999999999999,1305.0,
408,bottle_bottle_1_20260605032809_0020.jpg,bottle,bottle,72.45,0.87,1,success,5.954924583435059,72.45,1305.0,
409,bottle_bottle_1_20260605032811_0021.jpg,bottle,bottle,72.44999999999999,0.83,0,slip,5.745993137359619,72.44999999999999,1305.0,
410,bottle_bottle_1_20260605032811_0021.jpg,bottle,bottle,72.45,0.89,0,overforce,5.950642824172974,72.45,1305.0,
411,bottle_bottle_1_20260605032811_0021.jpg,bottle,bottle,72.44999999999999,0.85,1,success,6.532623529434204,72.44999999999999,1305.0,
412,bottle_bottle_1_20260605032812_0022.jpg,bottle,bottle,72.45,0.84,0,fail,11.143749475479126,72.45,1305.0,
413,bottle_bottle_1_20260605032812_0022.jpg,bottle,bottle,72.45,0.84,0,slip,3.9860992431640625,72.45,1305.0,
414,bottle_bottle_1_20260605032812_0022.jpg,bottle,bottle,72.45,0.89,0,overforce,6.367470979690552,72.45,1305.0,
415,bottle_bottle_1_20260605032812_0022.jpg,bottle,bottle,72.44999999999999,0.85,1,success,4.970519065856934,72.44999999999999,1305.0,
416,bottle_bottle_1_20260605032814_0023.jpg,bottle,bottle,72.44999999999999,0.8,0,slip,5.1401426792144775,72.44999999999999,1305.0,
417,bottle_bottle_1_20260605032814_0023.jpg,bottle,bottle,72.45,0.92,0,overforce,5.834836721420288,72.45,1305.0,
418,bottle_bottle_1_20260605032814_0023.jpg,bottle,bottle,72.45,0.84,1,success,5.424948692321777,72.45,1305.0,
419,bottle_bottle_1_20260605032816_0024.jpg,bottle,bottle,72.44999999999999,0.82,0,slip,6.1423914432525635,72.44999999999999,1305.0,
420,bottle_bottle_1_20260605032816_0024.jpg,bottle,bottle,72.45,0.89,0,overforce,6.1428680419921875,72.45,1305.0,
421,bottle_bottle_1_20260605032816_0024.jpg,bottle,bottle,72.45,0.86,1,success,7.125045299530029,72.45,1305.0,
422,bottle_bottle_1_20260605032823_0025.jpg,bottle,bottle,72.44999999999999,0.85,1,success,5.355227470397949,72.44999999999999,1305.0,
423,bottle_bottle_1_20260605032827_0026.jpg,bottle,bottle,72.44999999999999,0.8,0,slip,5.781496524810791,72.44999999999999,1305.0,
424,bottle_bottle_1_20260605032827_0026.jpg,bottle,bottle,72.45,0.89,0,overforce,5.549421787261963,72.45,1305.0,
425,bottle_bottle_1_20260605032827_0026.jpg,bottle,bottle,72.45,0.86,1,success,6.197954893112183,72.45,1305.0,
426,bottle_bottle_1_20260605032829_0027.jpg,bottle,bottle,72.44999999999999,0.8,0,slip,4.776883125305176,72.44999999999999,1305.0,
427,bottle_bottle_1_20260605032829_0027.jpg,bottle,bottle,72.45,0.9,0,overforce,7.7681989669799805,72.45,1305.0,
428,bottle_bottle_1_20260605032829_0027.jpg,bottle,bottle,72.44999999999999,0.85,0,slip,5.3607423305511475,72.44999999999999,1305.0,
429,bottle_bottle_1_20260605032829_0027.jpg,bottle,bottle,72.44999999999999,0.85,1,success,6.986912965774536,72.44999999999999,1305.0,
430,bottle_bottle_1_20260605032830_0028.jpg,bottle,bottle,72.44999999999999,0.82,0,fail,7.973010778427124,72.44999999999999,1305.0,
431,bottle_bottle_1_20260605032830_0028.jpg,bottle,bottle,72.44999999999999,0.82,0,slip,4.171610116958618,72.44999999999999,1305.0,
432,bottle_bottle_1_20260605032830_0028.jpg,bottle,bottle,72.45,0.89,0,overforce,4.57277512550354,72.45,1305.0,
433,bottle_bottle_1_20260605032830_0028.jpg,bottle,bottle,72.45,0.88,1,success,5.551613092422485,72.45,1305.0,
434,bottle_bottle_1_20260605032832_0029.jpg,bottle,bottle,72.45,0.84,0,slip,5.216416358947754,72.45,1305.0,
435,bottle_bottle_1_20260605032832_0029.jpg,bottle,bottle,72.44999999999999,0.85,1,success,5.846067428588867,72.44999999999999,1305.0,
436,bottle_bottle_1_20260605032833_0030.jpg,bottle,bottle,72.44999999999999,0.83,0,slip,6.3563010692596436,72.44999999999999,1305.0,
437,bottle_bottle_1_20260605032833_0030.jpg,bottle,bottle,72.45,0.92,0,overforce,5.939970016479492,72.45,1305.0,
438,bottle_bottle_1_20260605032833_0030.jpg,bottle,bottle,72.45,0.86,1,success,5.144421100616455,72.45,1305.0,
439,bottle_bottle_1_20260605032835_0031.jpg,bottle,bottle,72.44999999999999,0.78,0,slip,4.414073705673218,72.44999999999999,1305.0,
440,bottle_bottle_1_20260605032835_0031.jpg,bottle,bottle,72.45,0.79,0,slip,4.411482572555542,72.45,1305.0,
441,bottle_bottle_1_20260605032835_0031.jpg,bottle,bottle,72.45,0.89,0,overforce,5.5460450649261475,72.45,1305.0,
442,bottle_bottle_1_20260605032835_0031.jpg,bottle,bottle,72.44999999999999,0.85,1,success,5.392204999923706,72.44999999999999,1305.0,
443,bottle_bottle_1_20260605032836_0032.jpg,bottle,bottle,72.44999999999999,0.78,0,slip,4.564948558807373,72.44999999999999,1305.0,
444,bottle_bottle_1_20260605032836_0032.jpg,bottle,bottle,72.44999999999999,0.8,0,slip,4.175408124923706,72.44999999999999,1305.0,
445,bottle_bottle_1_20260605032836_0032.jpg,bottle,bottle,72.45,0.9,0,overforce,4.815040826797485,72.45,1305.0,
446,bottle_bottle_1_20260605032836_0032.jpg,bottle,bottle,72.45,0.84,1,success,13.943384408950806,72.45,1305.0,
447,bottle_bottle_1_20260605032838_0033.jpg,bottle,bottle,72.45,0.84,1,success,5.141486167907715,72.45,1305.0,
448,bottle_bottle_1_20260605032840_0034.jpg,bottle,bottle,72.44999999999999,0.85,1,success,6.338968276977539,72.44999999999999,1305.0,
449,bottle_bottle_1_20260605032841_0035.jpg,bottle,bottle,72.45,0.86,1,success,5.774785041809082,72.45,1305.0,
450,bottle_bottle_1_20260605032843_0036.jpg,bottle,bottle,72.45,0.87,1,success,5.834344148635864,72.45,1305.0,
451,bottle_bottle_1_20260605032844_0037.jpg,bottle,bottle,72.45,0.89,1,success,5.343333959579468,72.45,1305.0,
452,bottle_bottle_1_20260605032846_0038.jpg,bottle,bottle,72.45,0.88,1,success,5.188750743865967,72.45,1305.0,
453,bottle_bottle_1_20260605032848_0039.jpg,bottle,bottle,72.45,0.89,1,success,5.149362802505493,72.45,1305.0,
454,bottle_bottle_1_20260605032849_0040.jpg,bottle,bottle,72.45,0.88,1,success,5.74441933631897,72.45,1305.0,
455,bottle_bottle_1_20260605032851_0041.jpg,bottle,bottle,72.45,0.84,1,success,6.015729904174805,72.45,1305.0,
456,bottle_bottle_1_20260605032852_0042.jpg,bottle,bottle,72.44999999999999,0.85,1,success,5.575259685516357,72.44999999999999,1305.0,
457,bottle_bottle_1_20260605032854_0043.jpg,bottle,bottle,72.44999999999999,0.85,1,success,5.9364142417907715,72.44999999999999,1305.0,
458,bottle_bottle_1_20260605032855_0044.jpg,bottle,bottle,72.45,0.86,1,success,6.816600561141968,72.45,1305.0,
459,bottle_bottle_1_20260605032857_0045.jpg,bottle,bottle,72.45,0.88,1,success,6.609283447265625,72.45,1305.0,
460,bottle_bottle_1_20260605032859_0046.jpg,bottle,bottle,72.44999999999999,0.83,1,success,7.319900751113892,72.44999999999999,1305.0,
461,bottle_bottle_1_20260605032900_0047.jpg,bottle,bottle,72.44999999999999,0.83,1,success,13.210762023925781,72.44999999999999,1305.0,
462,bottle_bottle_1_20260605032902_0048.jpg,bottle,bottle,72.45,0.88,1,success,5.758184194564819,72.45,1305.0,
463,bottle_bottle_1_20260605032903_0049.jpg,bottle,bottle,72.45,0.88,1,success,7.2510905265808105,72.45,1305.0,
464,bottle_bottle_2_20260605032946_0000.jpg,bottle,bottle,72.44999999999999,0.76,0,fail,5.15866756439209,72.44999999999999,1305.0,
465,bottle_bottle_2_20260605032946_0000.jpg,bottle,bottle,72.44999999999999,0.78,0,slip,6.424015522003174,72.44999999999999,1305.0,
466,bottle_bottle_2_20260605032946_0000.jpg,bottle,bottle,72.45,0.79,0,slip,5.016524314880371,72.45,1305.0,
467,bottle_bottle_2_20260605032946_0000.jpg,bottle,bottle,72.44999999999999,0.8,0,slip,5.83367657661438,72.44999999999999,1305.0,
468,bottle_bottle_2_20260605032946_0000.jpg,bottle,bottle,72.44999999999999,0.81,0,slip,6.038529396057129,72.44999999999999,1305.0,
469,bottle_bottle_2_20260605032946_0000.jpg,bottle,bottle,72.45,0.9,0,overforce,4.774808168411255,72.45,1305.0,
470,bottle_bottle_2_20260605032946_0000.jpg,bottle,bottle,72.45,0.89,0,overforce,4.573310852050781,72.45,1305.0,
471,bottle_bottle_2_20260605032946_0000.jpg,bottle,bottle,72.44999999999999,0.91,0,overforce,4.571593761444092,72.44999999999999,1305.0,
472,bottle_bottle_2_20260605032946_0000.jpg,bottle,bottle,72.45,0.92,0,overforce,4.5766448974609375,72.45,1305.0,
473,bottle_bottle_2_20260605032946_0000.jpg,bottle,bottle,72.44999999999999,0.82,1,success,4.956005811691284,72.44999999999999,1305.0,
474,bottle_bottle_2_20260605032947_0001.jpg,bottle,bottle,72.44999999999999,0.81,0,slip,4.555534362792969,72.44999999999999,1305.0,
475,bottle_bottle_2_20260605032947_0001.jpg,bottle,bottle,72.45,0.89,0,overforce,4.8171117305755615,72.45,1305.0,
476,bottle_bottle_2_20260605032947_0001.jpg,bottle,bottle,72.45,0.84,1,success,5.738675117492676,72.45,1305.0,
477,bottle_bottle_2_20260605032949_0002.jpg,bottle,bottle,72.45,0.79,0,slip,4.82011604309082,72.45,1305.0,
478,bottle_bottle_2_20260605032949_0002.jpg,bottle,bottle,72.45,0.9,0,overforce,6.138014554977417,72.45,1305.0,
479,bottle_bottle_2_20260605032949_0002.jpg,bottle,bottle,72.45,0.92,0,overforce,4.397646903991699,72.45,1305.0,
480,bottle_bottle_2_20260605032949_0002.jpg,bottle,bottle,72.44999999999999,0.82,1,success,5.38874077796936,72.44999999999999,1305.0,
481,bottle_bottle_2_20260605032951_0003.jpg,bottle,bottle,72.44999999999999,0.78,0,slip,4.229449033737183,72.44999999999999,1305.0,
482,bottle_bottle_2_20260605032951_0003.jpg,bottle,bottle,72.45,0.92,0,overforce,4.373364210128784,72.45,1305.0,
483,bottle_bottle_2_20260605032951_0003.jpg,bottle,bottle,72.44999999999999,0.82,1,success,5.649072170257568,72.44999999999999,1305.0,
484,bottle_bottle_2_20260605032952_0004.jpg,bottle,bottle,72.44999999999999,0.81,0,slip,4.563796758651733,72.44999999999999,1305.0,
485,bottle_bottle_2_20260605032952_0004.jpg,bottle,bottle,72.45,0.9,0,overforce,4.2100989818573,72.45,1305.0,
486,bottle_bottle_2_20260605032952_0004.jpg,bottle,bottle,72.45,0.86,1,success,5.739574193954468,72.45,1305.0,
487,bottle_bottle_2_20260605032954_0005.jpg,bottle,bottle,72.44999999999999,0.8,0,slip,4.163229703903198,72.44999999999999,1305.0,
488,bottle_bottle_2_20260605032954_0005.jpg,bottle,bottle,72.45,0.9,0,overforce,4.175093650817871,72.45,1305.0,
489,bottle_bottle_2_20260605032954_0005.jpg,bottle,bottle,72.44999999999999,0.82,1,success,6.5337066650390625,72.44999999999999,1305.0,
490,bottle_bottle_2_20260605032955_0006.jpg,bottle,bottle,72.44999999999999,0.81,0,slip,4.5702996253967285,72.44999999999999,1305.0,
491,bottle_bottle_2_20260605032955_0006.jpg,bottle,bottle,72.45,0.92,0,slip,5.57098126411438,72.45,1305.0,
492,bottle_bottle_2_20260605032955_0006.jpg,bottle,bottle,72.45,0.92,0,overforce,4.817068815231323,72.45,1305.0,
493,bottle_bottle_2_20260605032955_0006.jpg,bottle,bottle,72.44999999999999,0.82,0,slip,4.412765741348267,72.44999999999999,1305.0,
494,bottle_bottle_2_20260605032955_0006.jpg,bottle,bottle,72.44999999999999,0.82,1,success,5.753912448883057,72.44999999999999,1305.0,
495,bottle_bottle_2_20260605032957_0007.jpg,bottle,bottle,72.45,0.79,0,slip,4.228990077972412,72.45,1305.0,
496,bottle_bottle_2_20260605032957_0007.jpg,bottle,bottle,72.45,0.92,0,overforce,4.381515026092529,72.45,1305.0,
497,bottle_bottle_2_20260605032957_0007.jpg,bottle,bottle,72.45,0.84,1,success,10.78349232673645,72.45,1305.0,
498,bottle_bottle_2_20260605032958_0008.jpg,bottle,bottle,72.45,0.79,0,slip,4.364243030548096,72.45,1305.0,
499,bottle_bottle_2_20260605032958_0008.jpg,bottle,bottle,72.45,0.9,0,overforce,5.162339925765991,72.45,1305.0,
500,bottle_bottle_2_20260605032958_0008.jpg,bottle,bottle,72.45,0.84,1,success,6.425750255584717,72.45,1305.0,
501,bottle_bottle_2_20260605033000_0009.jpg,bottle,bottle,72.44999999999999,0.81,0,slip,4.166151285171509,72.44999999999999,1305.0,
502,bottle_bottle_2_20260605033000_0009.jpg,bottle,bottle,72.45,0.9,0,overforce,4.6331799030303955,72.45,1305.0,
503,bottle_bottle_2_20260605033000_0009.jpg,bottle,bottle,72.44999999999999,0.83,1,success,5.42095685005188,72.44999999999999,1305.0,
504,bottle_bottle_2_20260605033002_0010.jpg,bottle,bottle,72.44999999999999,0.81,0,slip,4.564106702804565,72.44999999999999,1305.0,
505,bottle_bottle_2_20260605033002_0010.jpg,bottle,bottle,72.45,0.89,0,overforce,5.370209455490112,72.45,1305.0,
506,bottle_bottle_2_20260605033002_0010.jpg,bottle,bottle,72.44999999999999,0.82,1,success,5.600831508636475,72.44999999999999,1305.0,
507,bottle_bottle_2_20260605033003_0011.jpg,bottle,bottle,72.44999999999999,0.78,0,slip,4.37122917175293,72.44999999999999,1305.0,
508,bottle_bottle_2_20260605033003_0011.jpg,bottle,bottle,72.45,0.92,0,overforce,4.363896608352661,72.45,1305.0,
509,bottle_bottle_2_20260605033003_0011.jpg,bottle,bottle,72.44999999999999,0.85,1,success,7.054306745529175,72.44999999999999,1305.0,
510,bottle_bottle_2_20260605033005_0012.jpg,bottle,bottle,72.45,0.77,0,slip,5.1611363887786865,72.45,1305.0,
511,bottle_bottle_2_20260605033005_0012.jpg,bottle,bottle,72.45,0.92,0,overforce,5.360793590545654,72.45,1305.0,
512,bottle_bottle_2_20260605033005_0012.jpg,bottle,bottle,72.44999999999999,0.85,1,success,5.604114294052124,72.44999999999999,1305.0,
513,bottle_bottle_2_20260605033006_0013.jpg,bottle,bottle,72.44999999999999,0.8,0,slip,4.228668451309204,72.44999999999999,1305.0,
514,bottle_bottle_2_20260605033006_0013.jpg,bottle,bottle,72.45,0.9,0,overforce,5.145712852478027,72.45,1305.0,
515,bottle_bottle_2_20260605033006_0013.jpg,bottle,bottle,72.45,0.86,1,success,5.3553290367126465,72.45,1305.0,
516,bottle_bottle_2_20260605033008_0014.jpg,bottle,bottle,72.44999999999999,0.81,0,slip,4.3767499923706055,72.44999999999999,1305.0,
517,bottle_bottle_2_20260605033008_0014.jpg,bottle,bottle,72.45,0.89,0,overforce,4.772491216659546,72.45,1305.0,
518,bottle_bottle_2_20260605033008_0014.jpg,bottle,bottle,72.45,0.89,0,overforce,4.628514051437378,72.45,1305.0,
519,bottle_bottle_2_20260605033008_0014.jpg,bottle,bottle,72.44999999999999,0.83,1,success,4.571566581726074,72.44999999999999,1305.0,
520,bottle_bottle_2_20260605033010_0015.jpg,bottle,bottle,72.44999999999999,0.8,0,slip,3.9752237796783447,72.44999999999999,1305.0,
521,bottle_bottle_2_20260605033010_0015.jpg,bottle,bottle,72.44999999999999,0.91,0,overforce,4.36972713470459,72.44999999999999,1305.0,
522,bottle_bottle_2_20260605033010_0015.jpg,bottle,bottle,72.44999999999999,0.82,1,success,9.948380708694458,72.44999999999999,1305.0,
523,bottle_bottle_2_20260605033012_0016.jpg,bottle,bottle,72.44999999999999,0.8,0,slip,18.209843158721924,72.44999999999999,1305.0,
524,bottle_bottle_2_20260605033012_0016.jpg,bottle,bottle,72.45,0.92,0,overforce,4.763089179992676,72.45,1305.0,
525,bottle_bottle_2_20260605033012_0016.jpg,bottle,bottle,72.44999999999999,0.83,1,success,5.546505689620972,72.44999999999999,1305.0,
526,bottle_bottle_2_20260605033013_0017.jpg,bottle,bottle,72.44999999999999,0.81,0,slip,4.613571643829346,72.44999999999999,1305.0,
527,bottle_bottle_2_20260605033013_0017.jpg,bottle,bottle,72.45,0.92,0,overforce,6.241009473800659,72.45,1305.0,
528,bottle_bottle_2_20260605033013_0017.jpg,bottle,bottle,72.45,0.84,1,success,6.232707500457764,72.45,1305.0,
529,bottle_bottle_2_20260605033015_0018.jpg,bottle,bottle,72.44999999999999,0.81,0,slip,4.950209617614746,72.44999999999999,1305.0,
530,bottle_bottle_2_20260605033015_0018.jpg,bottle,bottle,72.45,0.89,0,overforce,5.140948534011841,72.45,1305.0,
531,bottle_bottle_2_20260605033015_0018.jpg,bottle,bottle,72.44999999999999,0.82,1,success,4.956231594085693,72.44999999999999,1305.0,
532,bottle_bottle_2_20260605033016_0019.jpg,bottle,bottle,72.44999999999999,0.81,0,slip,5.547967433929443,72.44999999999999,1305.0,
533,bottle_bottle_2_20260605033016_0019.jpg,bottle,bottle,72.45,0.92,0,overforce,5.4215757846832275,72.45,1305.0,
534,bottle_bottle_2_20260605033016_0019.jpg,bottle,bottle,72.44999999999999,0.85,1,success,5.448523759841919,72.44999999999999,1305.0,
535,bottle_bottle_2_20260605033018_0020.jpg,bottle,bottle,72.45,0.89,0,overforce,4.3761091232299805,72.45,1305.0,
536,bottle_bottle_2_20260605033018_0020.jpg,bottle,bottle,72.44999999999999,0.81,0,slip,3.9816362857818604,72.44999999999999,1305.0,
537,bottle_bottle_2_20260605033018_0020.jpg,bottle,bottle,72.45,0.86,1,success,5.149017333984375,72.45,1305.0,
538,bottle_bottle_2_20260605033020_0021.jpg,bottle,bottle,72.44999999999999,0.78,0,slip,4.3778979778289795,72.44999999999999,1305.0,
539,bottle_bottle_2_20260605033020_0021.jpg,bottle,bottle,72.45,0.89,0,overforce,4.829026699066162,72.45,1305.0,
540,bottle_bottle_2_20260605033020_0021.jpg,bottle,bottle,72.45,0.84,1,success,4.5663933753967285,72.45,1305.0,
541,bottle_bottle_2_20260605033021_0022.jpg,bottle,bottle,72.44999999999999,0.78,0,slip,6.15425443649292,72.44999999999999,1305.0,
542,bottle_bottle_2_20260605033021_0022.jpg,bottle,bottle,72.45,0.92,0,overforce,6.029608964920044,72.45,1305.0,
543,bottle_bottle_2_20260605033021_0022.jpg,bottle,bottle,72.45,0.84,1,success,5.244560718536377,72.45,1305.0,
544,bottle_bottle_2_20260605033023_0023.jpg,bottle,bottle,72.44999999999999,0.82,0,slip,4.771878004074097,72.44999999999999,1305.0,
545,bottle_bottle_2_20260605033023_0023.jpg,bottle,bottle,72.44999999999999,0.83,0,slip,5.172140836715698,72.44999999999999,1305.0,
546,bottle_bottle_2_20260605033023_0023.jpg,bottle,bottle,72.45,0.89,0,overforce,3.973376989364624,72.45,1305.0,
547,bottle_bottle_2_20260605033023_0023.jpg,bottle,bottle,72.45,0.84,1,success,4.007350444793701,72.45,1305.0,
548,bottle_bottle_2_20260605033024_0024.jpg,bottle,bottle,72.44999999999999,0.82,0,slip,4.960334777832031,72.44999999999999,1305.0,
549,bottle_bottle_2_20260605033024_0024.jpg,bottle,bottle,72.44999999999999,0.82,0,slip,4.571691989898682,72.44999999999999,1305.0,
550,bottle_bottle_2_20260605033024_0024.jpg,bottle,bottle,72.45,0.86,1,success,5.173060178756714,72.45,1305.0,
551,bottle_bottle_2_20260605033026_0025.jpg,bottle,bottle,72.44999999999999,0.8,0,slip,4.369415521621704,72.44999999999999,1305.0,
552,bottle_bottle_2_20260605033026_0025.jpg,bottle,bottle,72.44999999999999,0.83,0,slip,4.3682026863098145,72.44999999999999,1305.0,
553,bottle_bottle_2_20260605033026_0025.jpg,bottle,bottle,72.44999999999999,0.85,1,success,5.142317533493042,72.44999999999999,1305.0,
554,bottle_bottle_2_20260605033027_0026.jpg,bottle,bottle,72.44999999999999,0.8,0,slip,3.9914586544036865,72.44999999999999,1305.0,
555,bottle_bottle_2_20260605033027_0026.jpg,bottle,bottle,72.45,0.9,0,overforce,4.381126403808594,72.45,1305.0,
556,bottle_bottle_2_20260605033027_0026.jpg,bottle,bottle,72.44999999999999,0.83,0,slip,4.393151760101318,72.44999999999999,1305.0,
557,bottle_bottle_2_20260605033027_0026.jpg,bottle,bottle,72.44999999999999,0.82,0,slip,4.175437927246094,72.44999999999999,1305.0,
558,bottle_bottle_2_20260605033027_0026.jpg,bottle,bottle,72.44999999999999,0.82,1,success,4.950768947601318,72.44999999999999,1305.0,
559,bottle_bottle_2_20260605033029_0027.jpg,bottle,bottle,72.44999999999999,0.82,0,slip,4.372784614562988,72.44999999999999,1305.0,
560,bottle_bottle_2_20260605033029_0027.jpg,bottle,bottle,72.45,0.86,1,success,5.458510398864746,72.45,1305.0,
561,bottle_bottle_2_20260605033030_0028.jpg,bottle,bottle,72.44999999999999,0.78,0,slip,4.802215814590454,72.44999999999999,1305.0,
562,bottle_bottle_2_20260605033030_0028.jpg,bottle,bottle,72.45,0.79,0,slip,4.372624158859253,72.45,1305.0,
563,bottle_bottle_2_20260605033030_0028.jpg,bottle,bottle,72.44999999999999,0.85,1,success,4.766654968261719,72.44999999999999,1305.0,
564,bottle_bottle_2_20260605033032_0029.jpg,bottle,bottle,72.44999999999999,0.83,0,slip,5.017929553985596,72.44999999999999,1305.0,
565,bottle_bottle_2_20260605033032_0029.jpg,bottle,bottle,72.45,0.86,1,success,4.958940029144287,72.45,1305.0,
566,bottle_bottle_2_20260605033033_0030.jpg,bottle,bottle,72.44999999999999,0.85,1,success,5.554528713226318,72.44999999999999,1305.0,
567,bottle_bottle_2_20260605033035_0031.jpg,bottle,bottle,72.44999999999999,0.81,0,slip,5.626866579055786,72.44999999999999,1305.0,
568,bottle_bottle_2_20260605033035_0031.jpg,bottle,bottle,72.44999999999999,0.82,1,success,18.97044801712036,72.44999999999999,1305.0,
569,bottle_bottle_2_20260605033037_0032.jpg,bottle,bottle,72.44999999999999,0.85,1,success,5.147926568984985,72.44999999999999,1305.0,
570,bottle_bottle_2_20260605033038_0033.jpg,bottle,bottle,72.44999999999999,0.85,1,success,5.638142824172974,72.44999999999999,1305.0,
571,bottle_bottle_2_20260605033040_0034.jpg,bottle,bottle,72.44999999999999,0.82,0,slip,6.928243398666382,72.44999999999999,1305.0,
572,bottle_bottle_2_20260605033040_0034.jpg,bottle,bottle,72.44999999999999,0.83,0,slip,7.597815275192261,72.44999999999999,1305.0,
573,bottle_bottle_2_20260605033040_0034.jpg,bottle,bottle,72.44999999999999,0.85,1,success,19.07954692840576,72.44999999999999,1305.0,
574,bottle_bottle_2_20260605033041_0035.jpg,bottle,bottle,72.44999999999999,0.85,1,success,7.377668857574463,72.44999999999999,1305.0,
575,bottle_bottle_2_20260605033043_0036.jpg,bottle,bottle,72.44999999999999,0.8,0,slip,6.163964509963989,72.44999999999999,1305.0,
576,bottle_bottle_2_20260605033043_0036.jpg,bottle,bottle,72.44999999999999,0.85,1,success,9.024879693984985,72.44999999999999,1305.0,
577,bottle_bottle_2_20260605033044_0037.jpg,bottle,bottle,72.45,0.87,1,success,5.639132738113403,72.45,1305.0,
578,bottle_bottle_2_20260605033046_0038.jpg,bottle,bottle,72.45,0.87,0,overforce,7.380430459976196,72.45,1305.0,
579,bottle_bottle_2_20260605033046_0038.jpg,bottle,bottle,72.45,0.86,1,success,5.146780014038086,72.45,1305.0,
580,bottle_bottle_2_20260605033050_0039.jpg,bottle,bottle,72.44999999999999,0.85,1,success,5.192810773849487,72.44999999999999,1305.0,
581,bottle_bottle_2_20260605033052_0040.jpg,bottle,bottle,72.44999999999999,0.83,1,success,5.581900596618652,72.44999999999999,1305.0,
582,bottle_bottle_2_20260605033053_0041.jpg,bottle,bottle,72.44999999999999,0.82,1,success,5.440067768096924,72.44999999999999,1305.0,
583,bottle_bottle_2_20260605033055_0042.jpg,bottle,bottle,72.44999999999999,0.81,0,slip,5.552621126174927,72.44999999999999,1305.0,
584,bottle_bottle_2_20260605033055_0042.jpg,bottle,bottle,72.45,0.84,1,success,4.5668535232543945,72.45,1305.0,
585,bottle_bottle_2_20260605033056_0043.jpg,bottle,bottle,72.44999999999999,0.85,1,success,4.952374458312988,72.44999999999999,1305.0,
586,bottle_bottle_2_20260605033058_0044.jpg,bottle,bottle,72.44999999999999,0.82,1,success,4.773299932479858,72.44999999999999,1305.0,
587,bottle_bottle_2_20260605033059_0045.jpg,bottle,bottle,72.44999999999999,0.83,1,success,4.771857738494873,72.44999999999999,1305.0,
588,bottle_bottle_2_20260605033101_0046.jpg,bottle,bottle,72.44999999999999,0.83,1,success,4.771937370300293,72.44999999999999,1305.0,
589,bottle_bottle_2_20260605033102_0047.jpg,bottle,bottle,72.44999999999999,0.83,1,success,5.20599102973938,72.44999999999999,1305.0,
590,bottle_bottle_2_20260605033104_0048.jpg,bottle,bottle,72.44999999999999,0.85,1,success,5.54710841178894,72.44999999999999,1305.0,
591,bottle_bottle_2_20260605033106_0049.jpg,bottle,bottle,72.44999999999999,0.85,0,slip,5.6042797565460205,72.44999999999999,1305.0,
592,bottle_bottle_2_20260605033106_0049.jpg,bottle,bottle,72.45,0.84,0,slip,5.765904188156128,72.45,1305.0,
593,bottle_bottle_2_20260605033106_0049.jpg,bottle,bottle,72.44999999999999,0.83,1,success,4.438819408416748,72.44999999999999,1305.0,
594,bottle_bottle_3_20260605144130_0000.jpg,bottle,bottle,72.44999999999999,0.8,0,fail,40.25659489631653,72.44999999999999,1305.0,
595,bottle_bottle_3_20260605144130_0000.jpg,bottle,bottle,72.44999999999999,0.8,0,slip,5.1483070850372314,72.44999999999999,1305.0,
596,bottle_bottle_3_20260605144130_0000.jpg,bottle,bottle,72.44999999999999,0.82,0,slip,5.153921365737915,72.44999999999999,1305.0,
597,bottle_bottle_3_20260605144130_0000.jpg,bottle,bottle,72.44999999999999,0.83,0,slip,5.948119878768921,72.44999999999999,1305.0,
598,bottle_bottle_3_20260605144130_0000.jpg,bottle,bottle,72.45,0.9,0,overforce,10.185370683670044,72.45,1305.0,
599,bottle_bottle_3_20260605144130_0000.jpg,bottle,bottle,72.45,0.94,0,overforce,5.145510911941528,72.45,1305.0,
600,bottle_bottle_3_20260605144130_0000.jpg,bottle,bottle,72.45,0.84,1,success,5.1614990234375,72.45,1305.0,
601,bottle_bottle_3_20260605144132_0001.jpg,bottle,bottle,72.44999999999999,0.82,0,slip,4.180786848068237,72.44999999999999,1305.0,
602,bottle_bottle_3_20260605144132_0001.jpg,bottle,bottle,72.45,0.9,0,overforce,6.749597787857056,72.45,1305.0,
603,bottle_bottle_3_20260605144132_0001.jpg,bottle,bottle,72.45,0.86,1,success,5.600170373916626,72.45,1305.0,
604,bottle_bottle_3_20260605144133_0002.jpg,bottle,bottle,72.44999999999999,0.83,0,slip,4.570236682891846,72.44999999999999,1305.0,
605,bottle_bottle_3_20260605144133_0002.jpg,bottle,bottle,72.45,0.9,0,overforce,5.232276916503906,72.45,1305.0,
606,bottle_bottle_3_20260605144133_0002.jpg,bottle,bottle,72.45,0.88,1,success,5.751610040664673,72.45,1305.0,
607,bottle_bottle_3_20260605144135_0003.jpg,bottle,bottle,72.44999999999999,0.8,0,slip,3.9904732704162598,72.44999999999999,1305.0,
608,bottle_bottle_3_20260605144135_0003.jpg,bottle,bottle,72.45,0.94,0,overforce,4.362737655639648,72.45,1305.0,
609,bottle_bottle_3_20260605144135_0003.jpg,bottle,bottle,72.45,0.94,0,overforce,3.812502145767212,72.45,1305.0,
610,bottle_bottle_3_20260605144135_0003.jpg,bottle,bottle,72.45,0.84,1,success,10.457530498504639,72.45,1305.0,
611,bottle_bottle_3_20260605144136_0004.jpg,bottle,bottle,72.44999999999999,0.83,0,slip,5.820974826812744,72.44999999999999,1305.0,
612,bottle_bottle_3_20260605144136_0004.jpg,bottle,bottle,72.45,0.9,0,overforce,4.758560657501221,72.45,1305.0,
613,bottle_bottle_3_20260605144136_0004.jpg,bottle,bottle,72.45,0.88,1,success,5.554186582565308,72.45,1305.0,
614,bottle_bottle_3_20260605144138_0005.jpg,bottle,bottle,72.44999999999999,0.8,0,slip,4.760575294494629,72.44999999999999,1305.0,
615,bottle_bottle_3_20260605144138_0005.jpg,bottle,bottle,72.45,0.9,0,overforce,4.610890865325928,72.45,1305.0,
616,bottle_bottle_3_20260605144138_0005.jpg,bottle,bottle,72.45,0.86,1,success,6.3344502449035645,72.45,1305.0,
617,bottle_bottle_3_20260605144139_0006.jpg,bottle,bottle,72.45,0.86,1,success,4.7666096687316895,72.45,1305.0,
618,bottle_bottle_3_20260605144141_0007.jpg,bottle,bottle,72.44999999999999,0.82,0,slip,3.5899558067321777,72.44999999999999,1305.0,
619,bottle_bottle_3_20260605144141_0007.jpg,bottle,bottle,72.45,0.94,0,overforce,4.372896671295166,72.45,1305.0,
620,bottle_bottle_3_20260605144141_0007.jpg,bottle,bottle,72.45,0.84,1,success,4.374614477157593,72.45,1305.0,
621,bottle_bottle_3_20260605144142_0008.jpg,bottle,bottle,72.44999999999999,0.8,0,slip,5.040804386138916,72.44999999999999,1305.0,
622,bottle_bottle_3_20260605144142_0008.jpg,bottle,bottle,72.45,0.9,0,overforce,4.3740622997283936,72.45,1305.0,
623,bottle_bottle_3_20260605144142_0008.jpg,bottle,bottle,72.45,0.88,1,success,7.803225517272949,72.45,1305.0,
624,bottle_bottle_3_20260605144144_0009.jpg,bottle,bottle,72.44999999999999,0.83,0,slip,4.375535011291504,72.44999999999999,1305.0,
625,bottle_bottle_3_20260605144144_0009.jpg,bottle,bottle,72.45,0.94,0,overforce,4.575126647949219,72.45,1305.0,
626,bottle_bottle_3_20260605144144_0009.jpg,bottle,bottle,72.45,0.86,1,success,7.385119438171387,72.45,1305.0,
627,bottle_bottle_3_20260605144146_0010.jpg,bottle,bottle,72.45,0.84,0,slip,4.380273818969727,72.45,1305.0,
628,bottle_bottle_3_20260605144146_0010.jpg,bottle,bottle,72.45,0.86,0,slip,4.565918207168579,72.45,1305.0,
629,bottle_bottle_3_20260605144146_0010.jpg,bottle,bottle,72.45,0.88,1,success,4.6204094886779785,72.45,1305.0,
630,bottle_bottle_3_20260605144151_0011.jpg,bottle,bottle,72.45,0.84,1,success,6.429896116256714,72.45,1305.0,
631,bottle_bottle_3_20260605144153_0012.jpg,bottle,bottle,72.44999999999999,0.82,0,slip,4.380029678344727,72.44999999999999,1305.0,
632,bottle_bottle_3_20260605144153_0012.jpg,bottle,bottle,72.45,0.94,0,overforce,4.185040712356567,72.45,1305.0,
633,bottle_bottle_3_20260605144153_0012.jpg,bottle,bottle,72.45,0.88,1,success,4.227944850921631,72.45,1305.0,
634,bottle_bottle_3_20260605144155_0013.jpg,bottle,bottle,72.45,0.84,0,slip,5.3720786571502686,72.45,1305.0,
635,bottle_bottle_3_20260605144155_0013.jpg,bottle,bottle,72.45,0.86,0,slip,4.579131126403809,72.45,1305.0,
636,bottle_bottle_3_20260605144155_0013.jpg,bottle,bottle,72.45,0.94,0,overforce,4.55581521987915,72.45,1305.0,
637,bottle_bottle_3_20260605144155_0013.jpg,bottle,bottle,72.45,0.08,0,fail,3.7841923236846924,72.45,1305.0,
638,bottle_bottle_3_20260605144155_0013.jpg,bottle,bottle,72.45,0.88,1,success,5.618743419647217,72.45,1305.0,
639,bottle_bottle_3_20260605144156_0014.jpg,bottle,bottle,72.44999999999999,0.8,0,slip,4.407271385192871,72.44999999999999,1305.0,
640,bottle_bottle_3_20260605144156_0014.jpg,bottle,bottle,72.45,0.94,0,overforce,4.7673420906066895,72.45,1305.0,
641,bottle_bottle_3_20260605144156_0014.jpg,bottle,bottle,72.45,0.86,1,success,5.15116548538208,72.45,1305.0,
642,bottle_bottle_3_20260605144158_0015.jpg,bottle,bottle,72.44999999999999,0.82,0,slip,4.962285757064819,72.44999999999999,1305.0,
643,bottle_bottle_3_20260605144158_0015.jpg,bottle,bottle,72.45,0.86,1,success,4.958077907562256,72.45,1305.0,
644,bottle_bottle_3_20260605144200_0016.jpg,bottle,bottle,72.45,0.88,1,success,5.7791266441345215,72.45,1305.0,
645,bottle_bottle_3_20260605144201_0017.jpg,bottle,bottle,72.44999999999999,0.83,0,slip,3.9783589839935303,72.44999999999999,1305.0,
646,bottle_bottle_3_20260605144201_0017.jpg,bottle,bottle,72.45,0.9,0,overforce,5.153859615325928,72.45,1305.0,
647,bottle_bottle_3_20260605144201_0017.jpg,bottle,bottle,72.44999999999999,0.85,1,success,4.5738794803619385,72.44999999999999,1305.0,
648,bottle_bottle_3_20260605144203_0018.jpg,bottle,bottle,72.44999999999999,0.82,0,slip,4.190606594085693,72.44999999999999,1305.0,
649,bottle_bottle_3_20260605144203_0018.jpg,bottle,bottle,72.45,0.9,0,overforce,4.570804834365845,72.45,1305.0,
650,bottle_bottle_3_20260605144203_0018.jpg,bottle,bottle,72.45,0.84,1,success,5.022412300109863,72.45,1305.0,
651,bottle_bottle_3_20260605144204_0019.jpg,bottle,bottle,72.44999999999999,0.82,0,slip,4.43718409538269,72.44999999999999,1305.0,
652,bottle_bottle_3_20260605144204_0019.jpg,bottle,bottle,72.45,0.94,0,overforce,4.3669328689575195,72.45,1305.0,
653,bottle_bottle_3_20260605144204_0019.jpg,bottle,bottle,72.45,0.88,1,success,5.416092395782471,72.45,1305.0,
654,bottle_bottle_3_20260605144206_0020.jpg,bottle,bottle,72.44999999999999,0.8,0,slip,4.578923225402832,72.44999999999999,1305.0,
655,bottle_bottle_3_20260605144206_0020.jpg,bottle,bottle,72.45,0.9,0,slip,5.81606125831604,72.45,1305.0,
656,bottle_bottle_3_20260605144206_0020.jpg,bottle,bottle,72.45,0.9,0,overforce,5.153682470321655,72.45,1305.0,
657,bottle_bottle_3_20260605144206_0020.jpg,bottle,bottle,72.44999999999999,0.85,1,success,5.351576089859009,72.44999999999999,1305.0,
658,bottle_bottle_3_20260605144210_0021.jpg,bottle,bottle,72.45,0.86,1,success,4.431817293167114,72.45,1305.0,
659,bottle_bottle_3_20260605144211_0022.jpg,bottle,bottle,72.44999999999999,0.82,0,slip,4.9906017780303955,72.44999999999999,1305.0,
660,bottle_bottle_3_20260605144211_0022.jpg,bottle,bottle,72.44999999999999,0.91,0,overforce,4.424741983413696,72.44999999999999,1305.0,
661,bottle_bottle_3_20260605144211_0022.jpg,bottle,bottle,72.44999999999999,0.85,0,slip,4.385974884033203,72.44999999999999,1305.0,
662,bottle_bottle_3_20260605144211_0022.jpg,bottle,bottle,72.45,0.86,1,success,5.549398899078369,72.45,1305.0,
663,bottle_bottle_3_20260605144215_0023.jpg,bottle,bottle,72.44999999999999,0.82,0,slip,4.967868089675903,72.44999999999999,1305.0,
664,bottle_bottle_3_20260605144215_0023.jpg,bottle,bottle,72.45,0.84,0,slip,4.429614067077637,72.45,1305.0,
665,bottle_bottle_3_20260605144215_0023.jpg,bottle,bottle,72.45,0.9,0,overforce,36.429574966430664,72.45,1305.0,
666,bottle_bottle_3_20260605144215_0023.jpg,bottle,bottle,72.45,0.86,1,success,6.62114143371582,72.45,1305.0,
667,bottle_bottle_3_20260605144216_0024.jpg,bottle,bottle,72.45,0.84,0,slip,4.013850927352905,72.45,1305.0,
668,bottle_bottle_3_20260605144216_0024.jpg,bottle,bottle,72.45,0.92,0,overforce,4.235318422317505,72.45,1305.0,
669,bottle_bottle_3_20260605144216_0024.jpg,bottle,bottle,72.45,0.88,1,success,6.769011735916138,72.45,1305.0,
670,bottle_bottle_3_20260605144224_0025.jpg,bottle,bottle,72.44999999999999,0.8,0,slip,3.9823498725891113,72.44999999999999,1305.0,
671,bottle_bottle_3_20260605144224_0025.jpg,bottle,bottle,72.45,0.94,0,overforce,3.986671209335327,72.45,1305.0,
672,bottle_bottle_3_20260605144224_0025.jpg,bottle,bottle,72.45,0.88,1,success,12.429941654205322,72.45,1305.0,
673,bottle_bottle_3_20260605144229_0026.jpg,bottle,bottle,72.44999999999999,0.83,1,success,4.960429668426514,72.44999999999999,1305.0,
674,bottle_bottle_3_20260605144230_0027.jpg,bottle,bottle,72.45,0.88,1,success,4.3819520473480225,72.45,1305.0,
675,bottle_bottle_3_20260605144232_0028.jpg,bottle,bottle,72.44999999999999,0.76,0,slip,7.806249141693115,72.44999999999999,1305.0,
676,bottle_bottle_3_20260605144232_0028.jpg,bottle,bottle,72.45,0.84,1,success,5.745725154876709,72.45,1305.0,
677,bottle_bottle_3_20260605144233_0029.jpg,bottle,bottle,72.44999999999999,0.78,0,slip,5.161709547042847,72.44999999999999,1305.0,
678,bottle_bottle_3_20260605144233_0029.jpg,bottle,bottle,72.45,0.86,1,success,6.544103622436523,72.45,1305.0,
679,bottle_bottle_3_20260605144239_0030.jpg,bottle,bottle,72.44999999999999,0.76,0,slip,4.402352571487427,72.44999999999999,1305.0,
680,bottle_bottle_3_20260605144239_0030.jpg,bottle,bottle,72.45,0.94,0,overforce,4.756554126739502,72.45,1305.0,
681,bottle_bottle_3_20260605144239_0030.jpg,bottle,bottle,72.45,0.84,1,success,5.167456388473511,72.45,1305.0,
682,bottle_bottle_3_20260605144241_0031.jpg,bottle,bottle,72.44999999999999,0.78,0,slip,4.18190860748291,72.44999999999999,1305.0,
683,bottle_bottle_3_20260605144241_0031.jpg,bottle,bottle,72.45,0.9,0,overforce,7.514471769332886,72.45,1305.0,
684,bottle_bottle_3_20260605144241_0031.jpg,bottle,bottle,72.45,0.88,1,success,6.1564953327178955,72.45,1305.0,
685,bottle_bottle_3_20260605144242_0032.jpg,bottle,bottle,72.44999999999999,0.76,0,slip,4.777693748474121,72.44999999999999,1305.0,
686,bottle_bottle_3_20260605144242_0032.jpg,bottle,bottle,72.45,0.94,0,overforce,3.9747471809387207,72.45,1305.0,
687,bottle_bottle_3_20260605144242_0032.jpg,bottle,bottle,72.45,0.84,1,success,3.7783467769622803,72.45,1305.0,
688,bottle_bottle_3_20260605144244_0033.jpg,bottle,bottle,72.44999999999999,0.78,0,slip,4.571645975112915,72.44999999999999,1305.0,
689,bottle_bottle_3_20260605144244_0033.jpg,bottle,bottle,72.45,0.9,0,overforce,4.765328407287598,72.45,1305.0,
690,bottle_bottle_3_20260605144244_0033.jpg,bottle,bottle,72.45,0.86,1,success,5.954340219497681,72.45,1305.0,
691,bottle_bottle_3_20260605144245_0034.jpg,bottle,bottle,72.44999999999999,0.76,0,slip,3.977365255355835,72.44999999999999,1305.0,
692,bottle_bottle_3_20260605144245_0034.jpg,bottle,bottle,72.45,0.94,0,overforce,5.013715028762817,72.45,1305.0,
693,bottle_bottle_3_20260605144245_0034.jpg,bottle,bottle,72.45,0.86,1,success,11.569559574127197,72.45,1305.0,
694,bottle_bottle_3_20260605144247_0035.jpg,bottle,bottle,72.44999999999999,0.85,1,success,7.053739786148071,72.44999999999999,1305.0,
695,bottle_bottle_3_20260605144249_0036.jpg,bottle,bottle,72.45,0.86,1,success,5.549985647201538,72.45,1305.0,
696,bottle_bottle_3_20260605144251_0037.jpg,bottle,bottle,72.45,0.86,1,success,6.330191612243652,72.45,1305.0,
697,bottle_bottle_3_20260605144252_0038.jpg,bottle,bottle,72.44999999999999,0.85,1,success,4.7737016677856445,72.44999999999999,1305.0,
698,bottle_bottle_3_20260605144254_0039.jpg,bottle,bottle,72.45,0.84,1,success,4.567920684814453,72.45,1305.0,
699,bottle_bottle_3_20260605144255_0040.jpg,bottle,bottle,72.45,0.88,1,success,4.172216176986694,72.45,1305.0,
700,bottle_bottle_3_20260605144259_0041.jpg,bottle,bottle,72.45,0.88,1,success,4.182013750076294,72.45,1305.0,
701,bottle_bottle_3_20260605144300_0042.jpg,bottle,bottle,72.45,0.88,1,success,3.981797933578491,72.45,1305.0,
702,bottle_bottle_3_20260605144302_0043.jpg,bottle,bottle,72.45,0.87,1,success,4.385923624038696,72.45,1305.0,
703,bottle_bottle_3_20260605144305_0044.jpg,bottle,bottle,72.45,0.86,1,success,4.571538209915161,72.45,1305.0,
704,bottle_bottle_3_20260605144306_0045.jpg,bottle,bottle,72.45,0.84,1,success,4.17746376991272,72.45,1305.0,
705,bottle_bottle_3_20260605144308_0046.jpg,bottle,bottle,72.44999999999999,0.85,1,success,4.176055908203125,72.44999999999999,1305.0,
706,bottle_bottle_3_20260605144309_0047.jpg,bottle,bottle,72.45,0.84,1,success,5.1625049114227295,72.45,1305.0,
707,bottle_bottle_3_20260605144311_0048.jpg,bottle,bottle,72.45,0.86,1,success,4.954529285430908,72.45,1305.0,
708,bottle_bottle_3_20260605144312_0049.jpg,bottle,bottle,72.45,0.88,1,success,5.757002115249634,72.45,1305.0,
709,can_can_1_20260605031501_0000.jpg,can,can,72.45000000000002,0.7,0,fail,6.402461290359497,72.45000000000002,1305.0,
710,can_can_1_20260605031501_0000.jpg,can,can,72.44999999999999,0.74,0,fail,5.152507066726685,72.44999999999999,1305.0,
711,can_can_1_20260605031501_0000.jpg,can,can,72.44999999999999,0.78,0,slip,4.965785026550293,72.44999999999999,1305.0,
712,can_can_1_20260605031501_0000.jpg,can,can,72.45,0.9,0,overforce,4.764260530471802,72.45,1305.0,
713,can_can_1_20260605031501_0000.jpg,can,can,72.45,0.95,0,overforce,4.4369611740112305,72.45,1305.0,
714,can_can_1_20260605031501_0000.jpg,can,can,72.44999999999999,0.8,1,success,6.027787208557129,72.44999999999999,1305.0,
715,can_can_1_20260605031502_0001.jpg,can,can,72.44999999999999,0.78,0,fail,5.8246870040893555,72.44999999999999,1305.0,
716,can_can_1_20260605031502_0001.jpg,can,can,72.45,0.79,0,slip,4.381634950637817,72.45,1305.0,
717,can_can_1_20260605031502_0001.jpg,can,can,72.45,0.9,0,overforce,4.77048397064209,72.45,1305.0,
718,can_can_1_20260605031502_0001.jpg,can,can,72.44999999999999,0.8,1,success,4.634461402893066,72.44999999999999,1305.0,
719,can_can_1_20260605031504_0002.jpg,can,can,72.44999999999999,0.8,1,success,4.571514844894409,72.44999999999999,1305.0,
720,can_can_1_20260605031505_0003.jpg,can,can,72.45,0.79,0,slip,4.373541593551636,72.45,1305.0,
721,can_can_1_20260605031505_0003.jpg,can,can,72.45,0.89,0,overforce,4.578800916671753,72.45,1305.0,
722,can_can_1_20260605031505_0003.jpg,can,can,72.44999999999999,0.8,1,success,5.748812437057495,72.44999999999999,1305.0,
723,can_can_1_20260605031507_0004.jpg,can,can,72.45,0.79,0,slip,7.571871280670166,72.45,1305.0,
724,can_can_1_20260605031507_0004.jpg,can,can,72.44999999999999,0.91,0,overforce,5.019932270050049,72.44999999999999,1305.0,
725,can_can_1_20260605031507_0004.jpg,can,can,72.44999999999999,0.8,1,success,5.618155241012573,72.44999999999999,1305.0,
726,can_can_1_20260605031509_0005.jpg,can,can,72.45,0.77,0,slip,4.63031792640686,72.45,1305.0,
727,can_can_1_20260605031509_0005.jpg,can,can,72.45,0.93,0,overforce,4.595170974731445,72.45,1305.0,
728,can_can_1_20260605031509_0005.jpg,can,can,72.44999999999999,0.82,1,success,5.015181303024292,72.44999999999999,1305.0,
729,can_can_1_20260605031510_0006.jpg,can,can,72.45,0.77,0,slip,5.826447010040283,72.45,1305.0,
730,can_can_1_20260605031510_0006.jpg,can,can,72.44999999999999,0.91,0,overforce,4.578658103942871,72.44999999999999,1305.0,
731,can_can_1_20260605031510_0006.jpg,can,can,72.44999999999999,0.81,1,success,5.557492971420288,72.44999999999999,1305.0,
732,can_can_1_20260605031512_0007.jpg,can,can,72.44999999999999,0.78,0,slip,5.578414440155029,72.44999999999999,1305.0,
733,can_can_1_20260605031512_0007.jpg,can,can,72.45,0.94,0,overforce,5.587841033935547,72.45,1305.0,
734,can_can_1_20260605031512_0007.jpg,can,can,72.45,0.84,1,success,4.96441125869751,72.45,1305.0,
735,can_can_1_20260605031513_0008.jpg,can,can,72.44999999999999,0.78,0,slip,4.439834833145142,72.44999999999999,1305.0,
736,can_can_1_20260605031513_0008.jpg,can,can,72.45,0.92,0,overforce,5.250032186508179,72.45,1305.0,
737,can_can_1_20260605031513_0008.jpg,can,can,72.44999999999999,0.81,1,success,5.345005035400391,72.44999999999999,1305.0,
738,can_can_1_20260605031525_0009.jpg,can,can,72.44999999999999,0.8,0,slip,4.607358694076538,72.44999999999999,1305.0,
739,can_can_1_20260605031525_0009.jpg,can,can,72.45,0.9,0,overforce,4.833656072616577,72.45,1305.0,
740,can_can_1_20260605031525_0009.jpg,can,can,72.44999999999999,0.82,1,success,5.353086233139038,72.44999999999999,1305.0,
741,can_can_1_20260605031526_0010.jpg,can,can,72.45,0.77,0,slip,5.969885587692261,72.45,1305.0,
742,can_can_1_20260605031526_0010.jpg,can,can,72.45,0.93,0,overforce,5.790777683258057,72.45,1305.0,
743,can_can_1_20260605031526_0010.jpg,can,can,72.44999999999999,0.8,1,success,5.803064346313477,72.44999999999999,1305.0,
744,can_can_1_20260605031528_0011.jpg,can,can,72.44999999999999,0.76,0,fail,4.821213245391846,72.44999999999999,1305.0,
745,can_can_1_20260605031528_0011.jpg,can,can,72.45,0.77,0,slip,4.419640779495239,72.45,1305.0,
746,can_can_1_20260605031528_0011.jpg,can,can,72.45,0.89,0,overforce,4.383401155471802,72.45,1305.0,
747,can_can_1_20260605031528_0011.jpg,can,can,72.44999999999999,0.85,1,success,6.216385841369629,72.44999999999999,1305.0,
748,can_can_1_20260605031530_0012.jpg,can,can,72.44999999999999,0.78,0,slip,5.552263498306274,72.44999999999999,1305.0,
749,can_can_1_20260605031530_0012.jpg,can,can,72.45,0.94,0,overforce,4.178117513656616,72.45,1305.0,
750,can_can_1_20260605031530_0012.jpg,can,can,72.45,0.84,1,success,5.2209038734436035,72.45,1305.0,
751,can_can_1_20260605031531_0013.jpg,can,can,72.45,0.79,0,slip,6.052306890487671,72.45,1305.0,
752,can_can_1_20260605031531_0013.jpg,can,can,72.45,0.9,0,overforce,4.2118613719940186,72.45,1305.0,
753,can_can_1_20260605031531_0013.jpg,can,can,72.44999999999999,0.82,1,success,4.752439260482788,72.44999999999999,1305.0,
754,can_can_1_20260605031533_0014.jpg,can,can,72.44999999999999,0.78,0,slip,6.980470180511475,72.44999999999999,1305.0,
755,can_can_1_20260605031533_0014.jpg,can,can,72.45,0.89,0,overforce,5.748497247695923,72.45,1305.0,
756,can_can_1_20260605031533_0014.jpg,can,can,72.44999999999999,0.81,1,success,5.5420520305633545,72.44999999999999,1305.0,
757,can_can_1_20260605031536_0015.jpg,can,can,72.45,0.79,0,slip,4.175032615661621,72.45,1305.0,
758,can_can_1_20260605031536_0015.jpg,can,can,72.45,0.9,0,overforce,4.577058792114258,72.45,1305.0,
759,can_can_1_20260605031536_0015.jpg,can,can,72.45,0.84,1,success,8.374370336532593,72.45,1305.0,
760,can_can_1_20260605031538_0016.jpg,can,can,72.45,0.79,0,slip,4.374730825424194,72.45,1305.0,
761,can_can_1_20260605031538_0016.jpg,can,can,72.45,0.93,0,overforce,4.380520343780518,72.45,1305.0,
762,can_can_1_20260605031538_0016.jpg,can,can,72.44999999999999,0.82,1,success,5.95003080368042,72.44999999999999,1305.0,
763,can_can_1_20260605031541_0017.jpg,can,can,72.45,0.79,0,slip,4.180853366851807,72.45,1305.0,
764,can_can_1_20260605031541_0017.jpg,can,can,72.45,0.89,0,overforce,4.359572649002075,72.45,1305.0,
765,can_can_1_20260605031541_0017.jpg,can,can,72.45,0.79,1,success,4.760667085647583,72.45,1305.0,
766,can_can_1_20260605031543_0018.jpg,can,can,72.44999999999999,0.8,0,slip,4.769852876663208,72.44999999999999,1305.0,
767,can_can_1_20260605031543_0018.jpg,can,can,72.44999999999999,0.91,0,overforce,4.172308683395386,72.44999999999999,1305.0,
768,can_can_1_20260605031543_0018.jpg,can,can,72.44999999999999,0.85,1,success,4.758900880813599,72.44999999999999,1305.0,
769,can_can_1_20260605031545_0019.jpg,can,can,72.44999999999999,0.81,0,slip,4.569071292877197,72.44999999999999,1305.0,
770,can_can_1_20260605031545_0019.jpg,can,can,72.44999999999999,0.82,1,success,6.553014516830444,72.44999999999999,1305.0,
771,can_can_1_20260605031546_0020.jpg,can,can,72.44999999999999,0.78,0,slip,4.027825117111206,72.44999999999999,1305.0,
772,can_can_1_20260605031546_0020.jpg,can,can,72.45,0.9,0,overforce,4.181760549545288,72.45,1305.0,
773,can_can_1_20260605031546_0020.jpg,can,can,72.44999999999999,0.81,1,success,5.0207507610321045,72.44999999999999,1305.0,
774,can_can_1_20260605031548_0021.jpg,can,can,72.45,0.79,0,slip,4.569261312484741,72.45,1305.0,
775,can_can_1_20260605031548_0021.jpg,can,can,72.45,0.95,0,overforce,5.1744091510772705,72.45,1305.0,
776,can_can_1_20260605031548_0021.jpg,can,can,72.45,0.79,0,slip,4.3773417472839355,72.45,1305.0,
777,can_can_1_20260605031548_0021.jpg,can,can,72.45,0.95,0,overforce,4.211066246032715,72.45,1305.0,
778,can_can_1_20260605031548_0021.jpg,can,can,72.44999999999999,0.85,1,success,7.037961721420288,72.44999999999999,1305.0,
779,can_can_1_20260605031549_0022.jpg,can,can,72.44999999999999,0.8,0,slip,4.6182403564453125,72.44999999999999,1305.0,
780,can_can_1_20260605031549_0022.jpg,can,can,72.45,0.9,0,overforce,4.430580377578735,72.45,1305.0,
781,can_can_1_20260605031549_0022.jpg,can,can,72.44999999999999,0.85,1,success,4.575854778289795,72.44999999999999,1305.0,
782,can_can_1_20260605031551_0023.jpg,can,can,72.45,0.79,0,slip,5.046628713607788,72.45,1305.0,
783,can_can_1_20260605031551_0023.jpg,can,can,72.45,0.95,0,overforce,5.54887843132019,72.45,1305.0,
784,can_can_1_20260605031551_0023.jpg,can,can,72.45,0.84,1,success,7.8343024253845215,72.45,1305.0,
785,can_can_1_20260605031552_0024.jpg,can,can,72.44999999999999,0.8,0,slip,4.572652816772461,72.44999999999999,1305.0,
786,can_can_1_20260605031552_0024.jpg,can,can,72.45,0.9,0,overforce,3.987321138381958,72.45,1305.0,
787,can_can_1_20260605031552_0024.jpg,can,can,72.44999999999999,0.85,1,success,5.394420146942139,72.44999999999999,1305.0,
788,can_can_1_20260605031554_0025.jpg,can,can,72.45000000000002,0.7,0,slip,5.152266502380371,72.45000000000002,1305.0,
789,can_can_1_20260605031554_0025.jpg,can,can,72.44999999999999,0.74,0,slip,4.759223222732544,72.44999999999999,1305.0,
790,can_can_1_20260605031554_0025.jpg,can,can,72.45,0.9,0,overforce,4.768835783004761,72.45,1305.0,
791,can_can_1_20260605031554_0025.jpg,can,can,72.45,0.75,1,success,4.806025505065918,72.45,1305.0,
792,can_can_1_20260605031555_0026.jpg,can,can,72.45,0.71,0,slip,4.175085067749023,72.45,1305.0,
793,can_can_1_20260605031555_0026.jpg,can,can,72.45,0.9,0,overforce,9.444517374038696,72.45,1305.0,
794,can_can_1_20260605031555_0026.jpg,can,can,72.44999999999999,0.76,1,success,7.236532211303711,72.44999999999999,1305.0,
795,can_can_1_20260605031557_0027.jpg,can,can,72.44999999999999,0.74,0,fail,4.778964996337891,72.44999999999999,1305.0,
796,can_can_1_20260605031557_0027.jpg,can,can,72.44999999999999,0.74,0,slip,3.9917500019073486,72.44999999999999,1305.0,
797,can_can_1_20260605031557_0027.jpg,can,can,72.45,0.95,0,overforce,4.771254062652588,72.45,1305.0,
798,can_can_1_20260605031557_0027.jpg,can,can,72.44999999999999,0.76,1,success,4.579103231430054,72.44999999999999,1305.0,
799,can_can_1_20260605031601_0028.jpg,can,can,72.44999999999999,0.73,0,slip,5.421138048171997,72.44999999999999,1305.0,
800,can_can_1_20260605031601_0028.jpg,can,can,72.45,0.9,0,overforce,5.041755676269531,72.45,1305.0,
801,can_can_1_20260605031601_0028.jpg,can,can,72.45,0.77,1,success,6.340321063995361,72.45,1305.0,
802,can_can_1_20260605031605_0029.jpg,can,can,72.44999999999999,0.78,0,slip,4.573364734649658,72.44999999999999,1305.0,
803,can_can_1_20260605031605_0029.jpg,can,can,72.45,0.9,0,overforce,5.352087020874023,72.45,1305.0,
804,can_can_1_20260605031605_0029.jpg,can,can,72.45,0.75,1,success,5.634873628616333,72.45,1305.0,
805,can_can_1_20260605031615_0030.jpg,can,can,72.44999999999999,0.76,1,success,9.62441110610962,72.44999999999999,1305.0,
806,can_can_1_20260605031617_0031.jpg,can,can,72.44999999999999,0.76,0,slip,5.843074560165405,72.44999999999999,1305.0,
807,can_can_1_20260605031617_0031.jpg,can,can,72.44999999999999,0.8,1,success,6.218896389007568,72.44999999999999,1305.0,
808,can_can_1_20260605031620_0032.jpg,can,can,72.45000000000002,0.7,0,slip,6.16907525062561,72.45000000000002,1305.0,
809,can_can_1_20260605031620_0032.jpg,can,can,72.45,0.75,1,success,6.165614366531372,72.45,1305.0,
810,can_can_1_20260605031621_0033.jpg,can,can,72.44999999999999,0.74,0,slip,5.149599313735962,72.44999999999999,1305.0,
811,can_can_1_20260605031621_0033.jpg,can,can,72.45,0.95,0,overforce,4.20703649520874,72.45,1305.0,
812,can_can_1_20260605031621_0033.jpg,can,can,72.44999999999999,0.74,1,success,6.168259620666504,72.44999999999999,1305.0,
813,can_can_1_20260605031623_0034.jpg,can,can,72.45,0.75,1,success,5.195622205734253,72.45,1305.0,
814,can_can_1_20260605031624_0035.jpg,can,can,72.44999999999999,0.8,1,success,7.89531397819519,72.44999999999999,1305.0,
815,can_can_1_20260605031626_0036.jpg,can,can,72.44999999999999,0.85,1,success,5.747202396392822,72.44999999999999,1305.0,
816,can_can_1_20260605031630_0037.jpg,can,can,72.44999999999999,0.8,1,success,5.1992902755737305,72.44999999999999,1305.0,
817,can_can_1_20260605031632_0038.jpg,can,can,72.44999999999999,0.85,1,success,5.9468278884887695,72.44999999999999,1305.0,
818,can_can_1_20260605031633_0039.jpg,can,can,72.44999999999999,0.78,0,slip,4.56311821937561,72.44999999999999,1305.0,
819,can_can_1_20260605031633_0039.jpg,can,can,72.44999999999999,0.85,1,success,5.95926570892334,72.44999999999999,1305.0,
820,can_can_1_20260605031635_0040.jpg,can,can,72.44999999999999,0.8,1,success,7.634285926818848,72.44999999999999,1305.0,
821,can_can_1_20260605031637_0041.jpg,can,can,72.44999999999999,0.8,1,success,6.737826824188232,72.44999999999999,1305.0,
822,can_can_1_20260605031638_0042.jpg,can,can,72.44999999999999,0.85,1,success,5.989678859710693,72.44999999999999,1305.0,
823,can_can_1_20260605031640_0043.jpg,can,can,72.44999999999999,0.85,1,success,5.798341512680054,72.44999999999999,1305.0,
824,can_can_1_20260605031641_0044.jpg,can,can,72.44999999999999,0.8,1,success,5.9430625438690186,72.44999999999999,1305.0,
825,can_can_1_20260605031643_0045.jpg,can,can,72.44999999999999,0.83,1,success,5.781814336776733,72.44999999999999,1305.0,
826,can_can_1_20260605031644_0046.jpg,can,can,72.45,0.86,1,success,5.155207633972168,72.45,1305.0,
827,can_can_1_20260605031646_0047.jpg,can,can,72.44999999999999,0.85,1,success,6.93438982963562,72.44999999999999,1305.0,
828,can_can_1_20260605031647_0048.jpg,can,can,72.44999999999999,0.8,0,slip,4.780047416687012,72.44999999999999,1305.0,
829,can_can_1_20260605031647_0048.jpg,can,can,72.44999999999999,0.8,1,success,7.238001108169556,72.44999999999999,1305.0,
830,can_can_1_20260605031649_0049.jpg,can,can,72.44999999999999,0.85,1,success,6.5357983112335205,72.44999999999999,1305.0,
831,can_can_2_20260605031749_0000.jpg,can,can,72.45000000000002,0.7,0,fail,3.983471393585205,72.45000000000002,1305.0,
832,can_can_2_20260605031749_0000.jpg,can,can,72.44999999999999,0.73,0,slip,8.63939118385315,72.44999999999999,1305.0,
833,can_can_2_20260605031749_0000.jpg,can,can,72.44999999999999,0.74,0,slip,5.029674053192139,72.44999999999999,1305.0,
834,can_can_2_20260605031749_0000.jpg,can,can,72.45,0.75,0,slip,15.253018379211426,72.45,1305.0,
835,can_can_2_20260605031749_0000.jpg,can,can,72.45,0.88,0,overforce,4.416424751281738,72.45,1305.0,
836,can_can_2_20260605031749_0000.jpg,can,can,72.45,0.9,0,overforce,4.372328758239746,72.45,1305.0,
837,can_can_2_20260605031749_0000.jpg,can,can,72.45,0.92,0,overforce,4.579190254211426,72.45,1305.0,
838,can_can_2_20260605031749_0000.jpg,can,can,72.44999999999999,0.76,1,success,6.424616098403931,72.44999999999999,1305.0,
839,can_can_2_20260605031751_0001.jpg,can,can,72.44999999999999,0.73,0,slip,4.372581958770752,72.44999999999999,1305.0,
840,can_can_2_20260605031751_0001.jpg,can,can,72.45,0.88,0,overforce,4.413297414779663,72.45,1305.0,
841,can_can_2_20260605031751_0001.jpg,can,can,72.44999999999999,0.78,1,success,4.818201541900635,72.44999999999999,1305.0,
842,can_can_2_20260605031752_0002.jpg,can,can,72.44999999999999,0.74,0,slip,8.440702199935913,72.44999999999999,1305.0,
843,can_can_2_20260605031752_0002.jpg,can,can,72.45,0.92,0,overforce,4.433336019515991,72.45,1305.0,
844,can_can_2_20260605031752_0002.jpg,can,can,72.44999999999999,0.8,1,success,5.966735124588013,72.44999999999999,1305.0,
845,can_can_2_20260605031754_0003.jpg,can,can,72.45,0.75,0,slip,3.97761607170105,72.45,1305.0,
846,can_can_2_20260605031754_0003.jpg,can,can,72.45,0.88,0,overforce,4.7693140506744385,72.45,1305.0,
847,can_can_2_20260605031754_0003.jpg,can,can,72.44999999999999,0.78,1,success,4.762610912322998,72.44999999999999,1305.0,
848,can_can_2_20260605031756_0004.jpg,can,can,72.45,0.75,0,slip,4.773221015930176,72.45,1305.0,
849,can_can_2_20260605031756_0004.jpg,can,can,72.45,0.92,0,overforce,5.378743410110474,72.45,1305.0,
850,can_can_2_20260605031756_0004.jpg,can,can,72.44999999999999,0.73,0,slip,6.55324125289917,72.44999999999999,1305.0,
851,can_can_2_20260605031756_0004.jpg,can,can,72.45,0.9,0,overforce,66.43163394927979,72.45,1305.0,
852,can_can_2_20260605031756_0004.jpg,can,can,72.44999999999999,0.78,1,success,4.8155903816223145,72.44999999999999,1305.0,
853,can_can_2_20260605031758_0005.jpg,can,can,72.45000000000002,0.7,0,fail,7.578710079193115,72.45000000000002,1305.0,
854,can_can_2_20260605031758_0005.jpg,can,can,72.44999999999999,0.74,0,slip,4.021186351776123,72.44999999999999,1305.0,
855,can_can_2_20260605031758_0005.jpg,can,can,72.45,0.88,0,overforce,4.771934747695923,72.45,1305.0,
856,can_can_2_20260605031758_0005.jpg,can,can,72.44999999999999,0.8,0,overforce,16.232224464416504,72.44999999999999,1305.0,
857,can_can_2_20260605031758_0005.jpg,can,can,72.44999999999999,0.8,1,success,6.0454161167144775,72.44999999999999,1305.0,
858,can_can_2_20260605031800_0006.jpg,can,can,72.45,0.75,0,slip,5.394981861114502,72.45,1305.0,
859,can_can_2_20260605031800_0006.jpg,can,can,72.45,0.88,0,overforce,6.207650899887085,72.45,1305.0,
860,can_can_2_20260605031800_0006.jpg,can,can,72.44999999999999,0.76,0,slip,4.363270998001099,72.44999999999999,1305.0,
861,can_can_2_20260605031800_0006.jpg,can,can,72.44999999999999,0.78,1,success,5.74176812171936,72.44999999999999,1305.0,
862,can_can_2_20260605031801_0007.jpg,can,can,72.45,0.6,0,fail,3.4092400074005127,72.45,1305.0,
863,can_can_2_20260605031801_0007.jpg,can,can,72.44999999999999,0.73,0,slip,5.955885887145996,72.44999999999999,1305.0,
864,can_can_2_20260605031801_0007.jpg,can,can,72.45,0.9,0,overforce,7.424975395202637,72.45,1305.0,
865,can_can_2_20260605031801_0007.jpg,can,can,72.44999999999999,0.8,1,success,5.842757701873779,72.44999999999999,1305.0,
866,can_can_2_20260605031803_0008.jpg,can,can,72.45,0.75,0,slip,4.357570171356201,72.45,1305.0,
867,can_can_2_20260605031803_0008.jpg,can,can,72.45,0.88,0,overforce,5.542555093765259,72.45,1305.0,
868,can_can_2_20260605031803_0008.jpg,can,can,72.44999999999999,0.8,1,success,10.31086015701294,72.44999999999999,1305.0,
869,can_can_2_20260605031805_0009.jpg,can,can,72.44999999999999,0.74,0,slip,5.741947412490845,72.44999999999999,1305.0,
870,can_can_2_20260605031805_0009.jpg,can,can,72.45,0.88,0,overforce,7.903159856796265,72.45,1305.0,
871,can_can_2_20260605031805_0009.jpg,can,can,72.44999999999999,0.8,1,success,4.751213550567627,72.44999999999999,1305.0,
872,can_can_2_20260605031807_0010.jpg,can,can,72.44999999999999,0.73,0,slip,4.578127861022949,72.44999999999999,1305.0,
873,can_can_2_20260605031807_0010.jpg,can,can,72.45,0.88,0,overforce,5.162445306777954,72.45,1305.0,
874,can_can_2_20260605031807_0010.jpg,can,can,72.495,1.0,0,fail,3.987639904022217,72.495,1305.5,
875,can_can_2_20260605031807_0010.jpg,can,can,72.44999999999999,0.8,1,success,6.336976766586304,72.44999999999999,1305.0,
876,can_can_2_20260605031808_0011.jpg,can,can,72.45,0.75,0,slip,4.610674142837524,72.45,1305.0,
877,can_can_2_20260605031808_0011.jpg,can,can,72.45,0.92,0,overforce,4.764005184173584,72.45,1305.0,
878,can_can_2_20260605031808_0011.jpg,can,can,72.44999999999999,0.8,1,success,11.436924934387207,72.44999999999999,1305.0,
879,can_can_2_20260605031810_0012.jpg,can,can,72.44999999999999,0.73,0,slip,5.357273817062378,72.44999999999999,1305.0,
880,can_can_2_20260605031810_0012.jpg,can,can,72.45,0.88,0,overforce,5.596179008483887,72.45,1305.0,
881,can_can_2_20260605031810_0012.jpg,can,can,72.44999999999999,0.8,1,success,6.539313077926636,72.44999999999999,1305.0,
882,can_can_2_20260605031811_0013.jpg,can,can,72.45,0.75,1,success,10.195856809616089,72.45,1305.0,
883,can_can_2_20260605031813_0014.jpg,can,can,72.45,0.75,0,slip,5.163055181503296,72.45,1305.0,
884,can_can_2_20260605031813_0014.jpg,can,can,72.44999999999999,0.8,1,success,4.767908573150635,72.44999999999999,1305.0,
885,can_can_2_20260605031814_0015.jpg,can,can,72.44999999999999,0.74,0,slip,4.379032611846924,72.44999999999999,1305.0,
886,can_can_2_20260605031814_0015.jpg,can,can,72.45,0.92,0,overforce,4.95238995552063,72.45,1305.0,
887,can_can_2_20260605031814_0015.jpg,can,can,72.44999999999999,0.76,1,success,5.443561315536499,72.44999999999999,1305.0,
888,can_can_2_20260605031816_0016.jpg,can,can,72.44999999999999,0.73,0,slip,5.747567653656006,72.44999999999999,1305.0,
889,can_can_2_20260605031816_0016.jpg,can,can,72.45,0.92,0,overforce,7.3873419761657715,72.45,1305.0,
890,can_can_2_20260605031816_0016.jpg,can,can,72.44999999999999,0.76,0,slip,4.768876552581787,72.44999999999999,1305.0,
891,can_can_2_20260605031816_0016.jpg,can,can,72.44999999999999,0.78,0,slip,4.170276641845703,72.44999999999999,1305.0,
892,can_can_2_20260605031816_0016.jpg,can,can,72.44999999999999,0.8,1,success,6.2292633056640625,72.44999999999999,1305.0,
893,can_can_2_20260605031817_0017.jpg,can,can,72.44999999999999,0.73,0,slip,4.2146055698394775,72.44999999999999,1305.0,
894,can_can_2_20260605031817_0017.jpg,can,can,72.45,0.92,0,overforce,5.355837821960449,72.45,1305.0,
895,can_can_2_20260605031817_0017.jpg,can,can,72.44999999999999,0.8,1,success,7.780367136001587,72.44999999999999,1305.0,
896,can_can_2_20260605031821_0018.jpg,can,can,72.44999999999999,0.76,0,slip,4.372082233428955,72.44999999999999,1305.0,
897,can_can_2_20260605031821_0018.jpg,can,can,72.44999999999999,0.78,0,slip,4.961634397506714,72.44999999999999,1305.0,
898,can_can_2_20260605031821_0018.jpg,can,can,72.44999999999999,0.8,1,success,4.808774709701538,72.44999999999999,1305.0,
899,can_can_2_20260605031829_0019.jpg,can,can,72.44999999999999,0.76,0,slip,4.211443662643433,72.44999999999999,1305.0,
900,can_can_2_20260605031829_0019.jpg,can,can,72.44999999999999,0.78,0,slip,5.021244287490845,72.44999999999999,1305.0,
901,can_can_2_20260605031829_0019.jpg,can,can,72.44999999999999,0.8,1,success,4.564745664596558,72.44999999999999,1305.0,
902,can_can_2_20260605031833_0020.jpg,can,can,72.44999999999999,0.73,0,slip,6.555800676345825,72.44999999999999,1305.0,
903,can_can_2_20260605031833_0020.jpg,can,can,72.45,0.75,0,slip,4.368962049484253,72.45,1305.0,
904,can_can_2_20260605031833_0020.jpg,can,can,72.45,0.9,0,overforce,4.5740065574646,72.45,1305.0,
905,can_can_2_20260605031833_0020.jpg,can,can,72.44999999999999,0.8,1,success,5.737564325332642,72.44999999999999,1305.0,
906,can_can_2_20260605031834_0021.jpg,can,can,72.44999999999999,0.76,0,slip,3.978508472442627,72.44999999999999,1305.0,
907,can_can_2_20260605031834_0021.jpg,can,can,72.44999999999999,0.82,1,success,5.7591636180877686,72.44999999999999,1305.0,
908,can_can_2_20260605031836_0022.jpg,can,can,72.45,0.75,0,slip,4.964676141738892,72.45,1305.0,
909,can_can_2_20260605031836_0022.jpg,can,can,72.495,1.0,0,fail,5.8248841762542725,72.495,1305.5,
910,can_can_2_20260605031836_0022.jpg,can,can,72.45,0.9,0,overforce,4.7635884284973145,72.45,1305.0,
911,can_can_2_20260605031836_0022.jpg,can,can,72.44999999999999,0.76,1,success,4.761032819747925,72.44999999999999,1305.0,
912,can_can_2_20260605031837_0023.jpg,can,can,72.44999999999999,0.73,0,slip,6.358443021774292,72.44999999999999,1305.0,
913,can_can_2_20260605031837_0023.jpg,can,can,72.45,0.9,0,overforce,4.372185707092285,72.45,1305.0,
914,can_can_2_20260605031837_0023.jpg,can,can,72.44999999999999,0.8,1,success,5.9391303062438965,72.44999999999999,1305.0,
915,can_can_2_20260605031839_0024.jpg,can,can,72.45,0.75,0,slip,10.6590096950531,72.45,1305.0,
916,can_can_2_20260605031839_0024.jpg,can,can,72.45,0.88,0,overforce,4.958070993423462,72.45,1305.0,
917,can_can_2_20260605031839_0024.jpg,can,can,72.44999999999999,0.76,1,success,5.341007471084595,72.44999999999999,1305.0,
918,can_can_2_20260605031840_0025.jpg,can,can,72.45,0.75,0,slip,4.572179794311523,72.45,1305.0,
919,can_can_2_20260605031840_0025.jpg,can,can,72.45,0.9,0,overforce,4.365273952484131,72.45,1305.0,
920,can_can_2_20260605031840_0025.jpg,can,can,72.44999999999999,0.8,1,success,4.618506908416748,72.44999999999999,1305.0,
921,can_can_2_20260605031842_0026.jpg,can,can,72.44999999999999,0.76,0,slip,4.830764293670654,72.44999999999999,1305.0,
922,can_can_2_20260605031842_0026.jpg,can,can,72.44999999999999,0.78,0,slip,4.3643176555633545,72.44999999999999,1305.0,
923,can_can_2_20260605031842_0026.jpg,can,can,72.44999999999999,0.8,1,success,6.386962175369263,72.44999999999999,1305.0,
924,can_can_2_20260605031843_0027.jpg,can,can,72.45,0.6,0,slip,4.384601354598999,72.45,1305.0,
925,can_can_2_20260605031843_0027.jpg,can,can,72.44999999999999,0.65,0,slip,4.770517110824585,72.44999999999999,1305.0,
926,can_can_2_20260605031843_0027.jpg,can,can,72.45,0.88,0,overforce,4.179531812667847,72.45,1305.0,
927,can_can_2_20260605031843_0027.jpg,can,can,72.44999999999999,0.76,1,success,5.8194873332977295,72.44999999999999,1305.0,
928,can_can_2_20260605031845_0028.jpg,can,can,72.45,0.6,0,slip,4.232627868652344,72.45,1305.0,
929,can_can_2_20260605031845_0028.jpg,can,can,72.45,0.88,0,overforce,4.387964725494385,72.45,1305.0,
930,can_can_2_20260605031845_0028.jpg,can,can,72.44999999999999,0.78,1,success,4.966975450515747,72.44999999999999,1305.0,
931,can_can_2_20260605031847_0029.jpg,can,can,72.45,0.6,0,slip,4.422784805297852,72.45,1305.0,
932,can_can_2_20260605031847_0029.jpg,can,can,72.45,0.92,0,overforce,5.434897422790527,72.45,1305.0,
933,can_can_2_20260605031847_0029.jpg,can,can,72.44999999999999,0.8,1,success,8.241901874542236,72.44999999999999,1305.0,
934,can_can_2_20260605031848_0030.jpg,can,can,72.44999999999999,0.65,0,slip,4.366169214248657,72.44999999999999,1305.0,
935,can_can_2_20260605031848_0030.jpg,can,can,72.45000000000002,0.7,0,slip,4.76073145866394,72.45000000000002,1305.0,
936,can_can_2_20260605031848_0030.jpg,can,can,72.44999999999999,0.78,1,success,7.7954089641571045,72.44999999999999,1305.0,
937,can_can_2_20260605031850_0031.jpg,can,can,72.44999999999999,0.65,0,slip,4.003314256668091,72.44999999999999,1305.0,
938,can_can_2_20260605031850_0031.jpg,can,can,72.45,0.9,0,overforce,5.626765012741089,72.45,1305.0,
939,can_can_2_20260605031850_0031.jpg,can,can,72.44999999999999,0.8,1,success,5.342217445373535,72.44999999999999,1305.0,
940,can_can_2_20260605031851_0032.jpg,can,can,72.45000000000002,0.7,0,slip,5.159851551055908,72.45000000000002,1305.0,
941,can_can_2_20260605031851_0032.jpg,can,can,72.44999999999999,0.78,1,success,7.628843784332275,72.44999999999999,1305.0,
942,can_can_2_20260605031853_0033.jpg,can,can,72.45,0.6,0,slip,3.9806923866271973,72.45,1305.0,
943,can_can_2_20260605031853_0033.jpg,can,can,72.44999999999999,0.8,1,success,4.838583469390869,72.44999999999999,1305.0,
944,can_can_2_20260605031858_0034.jpg,can,can,72.44999999999999,0.76,1,success,6.188581943511963,72.44999999999999,1305.0,
945,can_can_2_20260605031900_0035.jpg,can,can,72.44999999999999,0.78,1,success,5.4147844314575195,72.44999999999999,1305.0,
946,can_can_2_20260605031901_0036.jpg,can,can,72.44999999999999,0.76,1,success,5.440332651138306,72.44999999999999,1305.0,
947,can_can_2_20260605031903_0037.jpg,can,can,72.44999999999999,0.78,1,success,4.751086473464966,72.44999999999999,1305.0,
948,can_can_2_20260605031905_0038.jpg,can,can,72.44999999999999,0.8,1,success,5.218021631240845,72.44999999999999,1305.0,
949,can_can_2_20260605031907_0039.jpg,can,can,72.44999999999999,0.8,1,success,5.341607093811035,72.44999999999999,1305.0,
950,can_can_2_20260605031915_0040.jpg,can,can,72.44999999999999,0.78,1,success,9.396761655807495,72.44999999999999,1305.0,
951,can_can_2_20260605031916_0041.jpg,can,can,72.44999999999999,0.8,1,success,5.42005467414856,72.44999999999999,1305.0,
952,can_can_2_20260605031918_0042.jpg,can,can,72.44999999999999,0.8,1,success,10.923124074935913,72.44999999999999,1305.0,
953,can_can_2_20260605031919_0043.jpg,can,can,72.44999999999999,0.76,1,success,4.837021827697754,72.44999999999999,1305.0,
954,can_can_2_20260605031921_0044.jpg,can,can,72.44999999999999,0.78,1,success,7.7189414501190186,72.44999999999999,1305.0,
955,can_can_2_20260605031922_0045.jpg,can,can,72.44999999999999,0.78,1,success,6.402531147003174,72.44999999999999,1305.0,
956,can_can_2_20260605031924_0046.jpg,can,can,72.44999999999999,0.8,1,success,6.358884334564209,72.44999999999999,1305.0,
957,can_can_2_20260605031925_0047.jpg,can,can,72.44999999999999,0.8,1,success,11.247564554214478,72.44999999999999,1305.0,
958,can_can_2_20260605031927_0048.jpg,can,can,72.44999999999999,0.76,1,success,6.34108567237854,72.44999999999999,1305.0,
959,can_can_2_20260605031929_0049.jpg,can,can,72.44999999999999,0.8,1,success,6.32977819442749,72.44999999999999,1305.0,
960,can_can_3_20260605032004_0000.jpg,can,can,72.45000000000002,0.7,0,fail,4.181347608566284,72.45000000000002,1305.0,
961,can_can_3_20260605032004_0000.jpg,can,can,72.44999999999999,0.74,0,slip,4.180471897125244,72.44999999999999,1305.0,
962,can_can_3_20260605032004_0000.jpg,can,can,72.45,0.75,0,slip,4.948792457580566,72.45,1305.0,
963,can_can_3_20260605032004_0000.jpg,can,can,72.44999999999999,0.76,0,slip,4.185882091522217,72.44999999999999,1305.0,
964,can_can_3_20260605032004_0000.jpg,can,can,72.45,0.88,1,success,11.598697900772095,72.45,1305.0,
965,can_can_3_20260605032005_0001.jpg,can,can,72.44999999999999,0.76,0,slip,4.420583724975586,72.44999999999999,1305.0,
966,can_can_3_20260605032005_0001.jpg,can,can,72.45,0.9,0,overforce,5.352760553359985,72.45,1305.0,
967,can_can_3_20260605032005_0001.jpg,can,can,72.45,0.95,0,overforce,5.7510833740234375,72.45,1305.0,
968,can_can_3_20260605032005_0001.jpg,can,can,72.44999999999999,0.8,1,success,10.663758993148804,72.44999999999999,1305.0,
969,can_can_3_20260605032007_0002.jpg,can,can,72.44999999999999,0.74,0,slip,4.370590448379517,72.44999999999999,1305.0,
970,can_can_3_20260605032007_0002.jpg,can,can,72.45,0.77,0,slip,4.608465194702148,72.45,1305.0,
971,can_can_3_20260605032007_0002.jpg,can,can,72.45,0.95,0,overforce,4.012089729309082,72.45,1305.0,
972,can_can_3_20260605032007_0002.jpg,can,can,72.44999999999999,0.83,1,success,5.61796498298645,72.44999999999999,1305.0,
973,can_can_3_20260605032009_0003.jpg,can,can,72.44999999999999,0.74,0,slip,5.0140087604522705,72.44999999999999,1305.0,
974,can_can_3_20260605032009_0003.jpg,can,can,72.45,0.89,0,fail,8.642148971557617,72.45,1305.0,
975,can_can_3_20260605032009_0003.jpg,can,can,72.45,0.9,0,overforce,4.180036783218384,72.45,1305.0,
976,can_can_3_20260605032009_0003.jpg,can,can,72.45,0.77,0,slip,5.149113416671753,72.45,1305.0,
977,can_can_3_20260605032009_0003.jpg,can,can,72.45,0.95,0,overforce,4.563632488250732,72.45,1305.0,
978,can_can_3_20260605032009_0003.jpg,can,can,72.44999999999999,0.83,1,success,5.845355033874512,72.44999999999999,1305.0,
979,can_can_3_20260605032010_0004.jpg,can,can,72.45,0.9,0,overforce,5.768317461013794,72.45,1305.0,
980,can_can_3_20260605032010_0004.jpg,can,can,72.44999999999999,0.74,0,slip,4.7540342807769775,72.44999999999999,1305.0,
981,can_can_3_20260605032010_0004.jpg,can,can,72.44999999999999,0.8,1,success,26.77196502685547,72.44999999999999,1305.0,
982,can_can_3_20260605032012_0005.jpg,can,can,72.44999999999999,0.76,0,slip,4.757575273513794,72.44999999999999,1305.0,
983,can_can_3_20260605032012_0005.jpg,can,can,72.45,0.94,0,overforce,6.933355331420898,72.45,1305.0,
984,can_can_3_20260605032012_0005.jpg,can,can,72.44999999999999,0.83,1,success,5.941995620727539,72.44999999999999,1305.0,
985,can_can_3_20260605032013_0006.jpg,can,can,72.44999999999999,0.76,0,slip,4.789490461349487,72.44999999999999,1305.0,
986,can_can_3_20260605032013_0006.jpg,can,can,72.44999999999999,0.91,0,overforce,3.6064224243164062,72.44999999999999,1305.0,
987,can_can_3_20260605032013_0006.jpg,can,can,72.44999999999999,0.8,1,success,6.045056104660034,72.44999999999999,1305.0,
988,can_can_3_20260605032015_0007.jpg,can,can,72.44999999999999,0.76,0,slip,4.57048773765564,72.44999999999999,1305.0,
989,can_can_3_20260605032015_0007.jpg,can,can,72.45,0.93,0,overforce,4.560448408126831,72.45,1305.0,
990,can_can_3_20260605032015_0007.jpg,can,can,72.44999999999999,0.83,0,slip,4.949469089508057,72.44999999999999,1305.0,
991,can_can_3_20260605032015_0007.jpg,can,can,72.44999999999999,0.76,0,slip,4.75971794128418,72.44999999999999,1305.0,
992,can_can_3_20260605032015_0007.jpg,can,can,72.45,0.95,0,overforce,4.416558027267456,72.45,1305.0,
993,can_can_3_20260605032015_0007.jpg,can,can,72.44999999999999,0.8,1,success,5.23513388633728,72.44999999999999,1305.0,
994,can_can_3_20260605032016_0008.jpg,can,can,72.45,0.77,0,slip,4.380216360092163,72.45,1305.0,
995,can_can_3_20260605032016_0008.jpg,can,can,72.45,0.95,1,success,6.191115379333496,72.45,1305.0,
996,can_can_3_20260605032018_0009.jpg,can,can,72.44999999999999,0.74,0,slip,6.1480629444122314,72.44999999999999,1305.0,
997,can_can_3_20260605032018_0009.jpg,can,can,72.45,0.9,0,overforce,5.772824048995972,72.45,1305.0,
998,can_can_3_20260605032018_0009.jpg,can,can,72.44999999999999,0.83,1,success,4.819453716278076,72.44999999999999,1305.0,
999,can_can_3_20260605032019_0010.jpg,can,can,72.45,0.75,0,slip,6.765183687210083,72.45,1305.0,
1000,can_can_3_20260605032019_0010.jpg,can,can,72.45,0.77,0,slip,4.561848402023315,72.45,1305.0,
1001,can_can_3_20260605032019_0010.jpg,can,can,72.45,0.89,0,overforce,4.776929616928101,72.45,1305.0,
1002,can_can_3_20260605032019_0010.jpg,can,can,72.44999999999999,0.83,1,success,4.805965900421143,72.44999999999999,1305.0,
1003,can_can_3_20260605032021_0011.jpg,can,can,72.44999999999999,0.78,0,slip,5.616244792938232,72.44999999999999,1305.0,
1004,can_can_3_20260605032021_0011.jpg,can,can,72.45,0.94,0,overforce,5.357288360595703,72.45,1305.0,
1005,can_can_3_20260605032021_0011.jpg,can,can,72.45,0.77,0,slip,3.986070394515991,72.45,1305.0,
1006,can_can_3_20260605032021_0011.jpg,can,can,72.45,0.84,1,success,5.002161026000977,72.45,1305.0,
1007,can_can_3_20260605032023_0012.jpg,can,can,72.45,0.77,0,slip,4.805697679519653,72.45,1305.0,
1008,can_can_3_20260605032023_0012.jpg,can,can,72.45,0.92,0,overforce,5.833472728729248,72.45,1305.0,
1009,can_can_3_20260605032023_0012.jpg,can,can,72.44999999999999,0.81,1,success,6.135905504226685,72.44999999999999,1305.0,
1010,can_can_3_20260605032024_0013.jpg,can,can,72.44999999999999,0.81,0,slip,9.44408130645752,72.44999999999999,1305.0,
1011,can_can_3_20260605032024_0013.jpg,can,can,72.44999999999999,0.83,1,success,4.367902040481567,72.44999999999999,1305.0,
1012,can_can_3_20260605032026_0014.jpg,can,can,72.45,0.9,0,overforce,4.758086919784546,72.45,1305.0,
1013,can_can_3_20260605032026_0014.jpg,can,can,72.44999999999999,0.78,0,slip,4.179036855697632,72.44999999999999,1305.0,
1014,can_can_3_20260605032026_0014.jpg,can,can,72.45,0.84,1,success,5.39027738571167,72.45,1305.0,
1015,can_can_3_20260605032027_0015.jpg,can,can,72.44999999999999,0.76,0,slip,5.019450664520264,72.44999999999999,1305.0,
1016,can_can_3_20260605032027_0015.jpg,can,can,72.45,0.88,0,overforce,6.13706374168396,72.45,1305.0,
1017,can_can_3_20260605032027_0015.jpg,can,can,72.45,0.84,1,success,12.552723169326782,72.45,1305.0,
1018,can_can_3_20260605032029_0016.jpg,can,can,72.44999999999999,0.78,0,slip,4.184601306915283,72.44999999999999,1305.0,
1019,can_can_3_20260605032029_0016.jpg,can,can,72.45,0.77,0,slip,3.9939627647399902,72.45,1305.0,
1020,can_can_3_20260605032029_0016.jpg,can,can,72.45,0.79,0,slip,4.174369812011719,72.45,1305.0,
1021,can_can_3_20260605032029_0016.jpg,can,can,72.45,0.95,0,overforce,4.6161181926727295,72.45,1305.0,
1022,can_can_3_20260605032029_0016.jpg,can,can,72.44999999999999,0.83,1,success,4.211176872253418,72.44999999999999,1305.0,
1023,can_can_3_20260605032030_0017.jpg,can,can,72.45,0.77,0,slip,8.518520832061768,72.45,1305.0,
1024,can_can_3_20260605032030_0017.jpg,can,can,72.45,0.89,0,overforce,4.968291282653809,72.45,1305.0,
1025,can_can_3_20260605032030_0017.jpg,can,can,72.45,0.77,0,slip,3.9915544986724854,72.45,1305.0,
1026,can_can_3_20260605032030_0017.jpg,can,can,72.44999999999999,0.82,1,success,10.466774463653564,72.44999999999999,1305.0,
1027,can_can_3_20260605032032_0018.jpg,can,can,72.45,0.77,0,slip,4.226374864578247,72.45,1305.0,
1028,can_can_3_20260605032032_0018.jpg,can,can,72.44999999999999,0.8,1,success,6.163949728012085,72.44999999999999,1305.0,
1029,can_can_3_20260605032033_0019.jpg,can,can,72.44999999999999,0.76,0,slip,5.545907974243164,72.44999999999999,1305.0,
1030,can_can_3_20260605032033_0019.jpg,can,can,72.45,0.88,0,slip,6.927442789077759,72.45,1305.0,
1031,can_can_3_20260605032033_0019.jpg,can,can,72.45,0.88,0,overforce,4.376161575317383,72.45,1305.0,
1032,can_can_3_20260605032033_0019.jpg,can,can,72.45,0.94,0,overforce,3.9815824031829834,72.45,1305.0,
1033,can_can_3_20260605032033_0019.jpg,can,can,72.44999999999999,0.8,1,success,3.9781222343444824,72.44999999999999,1305.0,
1034,can_can_3_20260605032035_0020.jpg,can,can,72.45,0.77,0,slip,3.7851665019989014,72.45,1305.0,
1035,can_can_3_20260605032035_0020.jpg,can,can,72.45,0.88,0,overforce,5.174258232116699,72.45,1305.0,
1036,can_can_3_20260605032035_0020.jpg,can,can,72.45,0.84,1,success,7.321897983551025,72.45,1305.0,
1037,can_can_3_20260605032037_0021.jpg,can,can,72.44999999999999,0.76,0,slip,6.606693506240845,72.44999999999999,1305.0,
1038,can_can_3_20260605032037_0021.jpg,can,can,72.44999999999999,0.91,0,overforce,4.373682498931885,72.44999999999999,1305.0,
1039,can_can_3_20260605032037_0021.jpg,can,can,72.45,0.77,0,slip,4.61679482460022,72.45,1305.0,
1040,can_can_3_20260605032037_0021.jpg,can,can,72.44999999999999,0.83,1,success,6.371933937072754,72.44999999999999,1305.0,
1041,can_can_3_20260605032038_0022.jpg,can,can,72.45,0.77,0,slip,4.619550943374634,72.45,1305.0,
1042,can_can_3_20260605032038_0022.jpg,can,can,72.45,0.95,0,overforce,4.581584692001343,72.45,1305.0,
1043,can_can_3_20260605032038_0022.jpg,can,can,72.44999999999999,0.8,1,success,4.982850790023804,72.44999999999999,1305.0,
1044,can_can_3_20260605032044_0023.jpg,can,can,72.45,0.77,0,slip,4.031588077545166,72.45,1305.0,
1045,can_can_3_20260605032044_0023.jpg,can,can,72.45,0.9,0,overforce,4.961120128631592,72.45,1305.0,
1046,can_can_3_20260605032044_0023.jpg,can,can,72.44999999999999,0.8,1,success,5.784531831741333,72.44999999999999,1305.0,
1047,can_can_3_20260605032045_0024.jpg,can,can,72.45,0.77,0,slip,4.560193777084351,72.45,1305.0,
1048,can_can_3_20260605032045_0024.jpg,can,can,72.45,0.94,0,overforce,4.606749534606934,72.45,1305.0,
1049,can_can_3_20260605032045_0024.jpg,can,can,72.45,0.84,1,success,6.1497602462768555,72.45,1305.0,
1050,can_can_3_20260605032047_0025.jpg,can,can,72.44999999999999,0.78,0,slip,4.176162481307983,72.44999999999999,1305.0,
1051,can_can_3_20260605032047_0025.jpg,can,can,72.44999999999999,0.8,0,slip,4.999179124832153,72.44999999999999,1305.0,
1052,can_can_3_20260605032047_0025.jpg,can,can,72.44999999999999,0.83,1,success,4.179806232452393,72.44999999999999,1305.0,
1053,can_can_3_20260605032049_0026.jpg,can,can,72.45,0.6,0,slip,4.3918776512146,72.45,1305.0,
1054,can_can_3_20260605032049_0026.jpg,can,can,72.44999999999999,0.63,0,slip,6.160013437271118,72.44999999999999,1305.0,
1055,can_can_3_20260605032049_0026.jpg,can,can,72.45000000000002,0.7,0,slip,5.750860929489136,72.45000000000002,1305.0,
1056,can_can_3_20260605032049_0026.jpg,can,can,72.45,0.88,0,overforce,4.5704381465911865,72.45,1305.0,
1057,can_can_3_20260605032049_0026.jpg,can,can,72.45,0.77,1,success,4.966590404510498,72.45,1305.0,
1058,can_can_3_20260605032050_0027.jpg,can,can,72.45,0.6,0,slip,4.235711097717285,72.45,1305.0,
1059,can_can_3_20260605032050_0027.jpg,can,can,72.45,0.88,0,overforce,4.190371036529541,72.45,1305.0,
1060,can_can_3_20260605032050_0027.jpg,can,can,72.45,0.77,1,success,6.2544684410095215,72.45,1305.0,
1061,can_can_3_20260605032052_0028.jpg,can,can,72.44999999999999,0.63,0,slip,3.9809672832489014,72.44999999999999,1305.0,
1062,can_can_3_20260605032052_0028.jpg,can,can,72.45,0.9,0,overforce,8.403371334075928,72.45,1305.0,
1063,can_can_3_20260605032052_0028.jpg,can,can,72.45,0.77,1,success,4.970419406890869,72.45,1305.0,
1064,can_can_3_20260605032054_0029.jpg,can,can,72.44999999999999,0.8,1,success,5.741801738739014,72.44999999999999,1305.0,
1065,can_can_3_20260605032055_0030.jpg,can,can,72.44999999999999,0.76,0,slip,5.388347148895264,72.44999999999999,1305.0,
1066,can_can_3_20260605032055_0030.jpg,can,can,72.44999999999999,0.63,0,slip,4.7678306102752686,72.44999999999999,1305.0,
1067,can_can_3_20260605032055_0030.jpg,can,can,72.44999999999999,0.8,1,success,5.149750232696533,72.44999999999999,1305.0,
1068,can_can_3_20260605032057_0031.jpg,can,can,72.44999999999999,0.76,0,slip,4.5736730098724365,72.44999999999999,1305.0,
1069,can_can_3_20260605032057_0031.jpg,can,can,72.45,0.6,0,slip,3.990687131881714,72.45,1305.0,
1070,can_can_3_20260605032057_0031.jpg,can,can,72.44999999999999,0.83,1,success,5.1748011112213135,72.44999999999999,1305.0,
1071,can_can_3_20260605032058_0032.jpg,can,can,72.44999999999999,0.8,1,success,5.3470823764801025,72.44999999999999,1305.0,
1072,can_can_3_20260605032100_0033.jpg,can,can,72.45,0.77,1,success,3.9838602542877197,72.45,1305.0,
1073,can_can_3_20260605032101_0034.jpg,can,can,72.44999999999999,0.83,1,success,5.560502767562866,72.44999999999999,1305.0,
1074,can_can_3_20260605032111_0035.jpg,can,can,72.45,0.77,1,success,4.957761764526367,72.45,1305.0,
1075,can_can_3_20260605032113_0036.jpg,can,can,72.45,0.77,1,success,9.178544998168945,72.45,1305.0,
1076,can_can_3_20260605032114_0037.jpg,can,can,72.44999999999999,0.8,1,success,5.565243482589722,72.44999999999999,1305.0,
1077,can_can_3_20260605032116_0038.jpg,can,can,72.44999999999999,0.82,1,success,5.943674564361572,72.44999999999999,1305.0,
1078,can_can_3_20260605032117_0039.jpg,can,can,72.44999999999999,0.83,1,success,4.967258453369141,72.44999999999999,1305.0,
1079,can_can_3_20260605032119_0040.jpg,can,can,72.45,0.88,0,overforce,5.573390245437622,72.45,1305.0,
1080,can_can_3_20260605032119_0040.jpg,can,can,72.44999999999999,0.85,1,success,4.37589168548584,72.44999999999999,1305.0,
1081,can_can_3_20260605032120_0041.jpg,can,can,72.44999999999999,0.82,1,success,6.79076075553894,72.44999999999999,1305.0,
1082,can_can_3_20260605032122_0042.jpg,can,can,72.44999999999999,0.8,1,success,6.632023096084595,72.44999999999999,1305.0,
1083,can_can_3_20260605032123_0043.jpg,can,can,72.44999999999999,0.83,1,success,6.342561960220337,72.44999999999999,1305.0,
1084,can_can_3_20260605032125_0044.jpg,can,can,72.44999999999999,0.8,1,success,5.355420351028442,72.44999999999999,1305.0,
1085,can_can_3_20260605032132_0045.jpg,can,can,72.44999999999999,0.83,1,success,6.734654188156128,72.44999999999999,1305.0,
1086,can_can_3_20260605032133_0046.jpg,can,can,72.44999999999999,0.81,1,success,6.023494720458984,72.44999999999999,1305.0,
1087,can_can_3_20260605032135_0047.jpg,can,can,72.44999999999999,0.83,1,success,6.540455341339111,72.44999999999999,1305.0,
1088,can_can_3_20260605032136_0048.jpg,can,can,72.44999999999999,0.83,1,success,6.000654697418213,72.44999999999999,1305.0,
1089,can_can_3_20260605032138_0049.jpg,can,can,72.44999999999999,0.85,1,success,6.531497955322266,72.44999999999999,1305.0,
1090,ball_ball_1_20260605030811_0000.jpg,ball,ball,72.45,0.68,0,slip,16.07842445373535,72.45,1305.0,
1091,ball_ball_1_20260605030811_0000.jpg,ball,ball,72.45,0.72,1,success,26.101389408111572,72.45,1305.0,
